Player,Nation,Pos,Squad,Age,Born,Playing Time_MP,Playing Time_Starts,Playing Time_Min,Playing Time_90s,Performance_Gls,Performance_Ast,Performance_G+A,Performance_G-PK,Performance_PK,Performance_PKatt,Performance_CrdY,Performance_CrdR,Expected_xG,Expected_npxG,Expected_xAG,Expected_npxG+xAG,Progression_PrgC,Progression_PrgP,Progression_PrgR,Per 90 Minutes_Gls,Per 90 Minutes_Ast,Per 90 Minutes_G+A,Per 90 Minutes_G-PK,Per 90 Minutes_G+A-PK,Per 90 Minutes_xG,Per 90 Minutes_xAG,Per 90 Minutes_xG+xAG,Per 90 Minutes_npxG,Per 90 Minutes_npxG+xAG
Max Aarons,ENG,"DF,MF",Valencia,24,2000,4,1,120,1.3,0,0,0,0,0,0,2,0,0.0,0.0,0.0,0.0,0,6,10,0.0,0.0,0.0,0.0,0.0,0.0,0.02,0.02,0.0,0.02
Rodrigo Abajas,ESP,DF,Valencia,21,2003,1,1,65,0.7,0,0,0,0,0,0,1,0,0.1,0.1,0.0,0.1,3,2,3,0.0,0.0,0.0,0.0,0.0,0.1,0.0,0.1,0.1,0.1
Nabil Aberdin,FRA,MF,Getafe,21,2002,7,4,263,2.9,0,0,0,0,0,0,1,0,0.0,0.0,0.0,0.1,2,6,2,0.0,0.0,0.0,0.0,0.0,0.01,0.01,0.02,0.01,0.02
Abdel Abqar,MAR,DF,Alavés,25,1999,29,29,2463,27.4,0,1,1,0,0,0,13,0,0.9,0.9,0.3,1.2,16,79,4,0.0,0.04,0.04,0.0,0.04,0.03,0.01,0.04,0.03,0.04
Adrián,ESP,GK,Betis,37,1987,19,19,1710,19.0,0,0,0,0,0,0,3,0,0.0,0.0,0.0,0.0,0,0,0,0.0,0.0,0.0,0.0,0.0,0.0,0.0,0.0,0.0,0.0
Julen Agirrezabala,ESP,GK,Athletic Club,23,2000,14,14,1206,13.4,0,0,0,0,0,0,1,1,0.0,0.0,0.0,0.0,0,0,0,0.0,0.0,0.0,0.0,0.0,0.0,0.0,0.0,0.0,0.0
Lucien Agoume,FRA,MF,Sevilla,22,2002,35,24,2114,23.5,1,3,4,1,0,0,5,1,0.9,0.9,2.5,3.3,29,135,23,0.04,0.13,0.17,0.04,0.17,0.04,0.11,0.14,0.04,0.14
Álvaro Aguado,ESP,MF,Espanyol,28,1996,16,4,443,4.9,0,1,1,0,0,0,3,0,0.6,0.6,0.6,1.2,15,37,4,0.0,0.2,0.2,0.0,0.2,0.12,0.12,0.24,0.12,0.24
Lorenzo Aguado,ESP,DF,Real Madrid,21,2002,2,0,5,0.1,0,0,0,0,0,0,0,0,0.0,0.0,0.0,0.0,0,0,0,0.0,0.0,0.0,0.0,0.0,0.0,0.0,0.0,0.0,0.0
Nayef Aguerd,MAR,DF,Real Sociedad,28,1996,21,21,1760,19.6,0,0,0,0,0,0,5,0,2.4,2.4,0.1,2.5,26,75,1,0.0,0.0,0.0,0.0,0.0,0.12,0.01,0.13,0.12,0.13
Joseph Aidoo,GHA,DF,Valladolid,28,1995,8,6,583,6.5,0,0,0,0,0,0,0,0,0.0,0.0,0.0,0.0,1,14,0,0.0,0.0,0.0,0.0,0.0,0.01,0.0,0.01,0.01,0.01
Joseph Aidoo,GHA,DF,Celta Vigo,28,1995,1,0,2,0.0,0,0,0,0,0,0,0,0,0.0,0.0,0.0,0.0,0,1,0,0.0,0.0,0.0,0.0,0.0,0.0,0.0,0.0,0.0,0.0
Ilias Akhomach,MAR,"MF,FW",Villarreal,20,2004,11,7,584,6.5,1,0,1,1,0,0,1,0,0.6,0.6,1.0,1.6,30,12,64,0.15,0.0,0.15,0.15,0.15,0.09,0.15,0.23,0.09,0.23
Adams Akor,NGA,FW,Sevilla,24,2000,4,1,134,1.5,0,0,0,0,0,0,0,0,0.4,0.4,0.0,0.4,0,5,5,0.0,0.0,0.0,0.0,0.0,0.29,0.0,0.29,0.29,0.29
David Alaba,AUT,DF,Real Madrid,32,1992,7,4,317,3.5,0,0,0,0,0,0,1,0,0.0,0.0,0.1,0.1,2,7,4,0.0,0.0,0.0,0.0,0.0,0.0,0.02,0.02,0.0,0.02
Ibrahim Alani,NGA,MF,Valladolid,18,2006,3,1,160,1.8,0,0,0,0,0,0,0,0,0.0,0.0,0.0,0.0,2,5,1,0.0,0.0,0.0,0.0,0.0,0.01,0.0,0.01,0.01,0.01
Raúl Albiol,ESP,DF,Villarreal,38,1985,15,14,1188,13.2,0,0,0,0,0,0,5,0,0.1,0.1,0.0,0.1,3,34,0,0.0,0.0,0.0,0.0,0.0,0.01,0.0,0.01,0.01,0.01
Omar Alderete,PAR,DF,Getafe,27,1996,34,34,2971,33.0,1,0,1,1,0,0,8,0,1.7,1.7,0.9,2.6,25,112,7,0.03,0.0,0.03,0.03,0.03,0.05,0.03,0.08,0.05,0.08
Carles Aleñá,ESP,"MF,FW",Getafe,26,1998,10,5,452,5.0,0,0,0,0,0,0,1,0,0.9,0.9,0.1,1.0,3,12,10,0.0,0.0,0.0,0.0,0.0,0.18,0.02,0.2,0.18,0.2
Carles Aleñá,ESP,"MF,FW",Alavés,26,1998,14,13,1090,12.1,0,2,2,0,0,0,1,0,0.7,0.7,1.3,2.0,18,58,43,0.0,0.17,0.17,0.0,0.17,0.06,0.11,0.17,0.06,0.17
Alfon,ESP,"FW,MF",Celta Vigo,25,1999,26,14,1371,15.2,5,2,7,5,0,0,1,1,4.6,4.6,2.6,7.2,89,22,170,0.33,0.13,0.46,0.33,0.46,0.3,0.17,0.47,0.3,0.47
Tadeo Allende,ARG,FW,Celta Vigo,25,1999,1,0,2,0.0,0,0,0,0,0,0,1,0,0.0,0.0,0.0,0.0,0,0,0,0.0,0.0,0.0,0.0,0.0,0.0,0.0,0.0,0.0,0.0
Domingos André Ribeiro Almeida,POR,"MF,FW",Valencia,24,2000,34,24,1977,22.0,0,4,4,0,0,0,2,0,1.2,1.2,3.2,4.4,45,142,77,0.0,0.18,0.18,0.0,0.18,0.05,0.14,0.2,0.05,0.2
Iker Almena,ESP,"FW,DF",Girona,20,2004,2,0,48,0.5,0,1,1,0,0,0,0,0,0.0,0.0,0.7,0.7,6,2,10,0.0,1.87,1.87,0.0,1.87,0.06,1.27,1.33,0.06,1.33
Marcos Alonso,ESP,DF,Celta Vigo,33,1990,31,29,2647,29.4,3,0,3,0,3,3,10,2,4.0,1.6,1.3,2.9,64,215,49,0.1,0.0,0.1,0.0,0.0,0.14,0.04,0.18,0.05,0.1
Adrià Altimira,ESP,"DF,FW",Leganés,23,2001,22,19,1630,18.1,0,0,0,0,0,0,6,0,0.3,0.3,0.5,0.8,23,42,69,0.0,0.0,0.0,0.0,0.0,0.02,0.03,0.04,0.02,0.04
Sergi Altimira,ESP,MF,Betis,22,2001,32,22,1972,21.9,0,1,1,0,0,0,4,0,1.7,1.6,1.7,3.3,25,99,30,0.0,0.05,0.05,0.0,0.05,0.08,0.08,0.16,0.07,0.15
Hugo Álvarez,ESP,"MF,DF",Celta Vigo,21,2003,26,16,1572,17.5,4,3,7,4,0,0,6,0,2.5,2.5,1.1,3.6,74,60,171,0.23,0.17,0.4,0.23,0.4,0.14,0.07,0.21,0.14,0.21
Julián Álvarez,ARG,FW,Atlético Madrid,24,2000,37,30,2509,27.9,17,4,21,13,4,4,5,0,14.1,11.0,5.3,16.3,79,92,162,0.61,0.14,0.75,0.47,0.61,0.51,0.19,0.7,0.39,0.59
Yeray Álvarez,ESP,DF,Athletic Club,29,1995,21,20,1781,19.8,1,0,1,1,0,0,4,0,0.5,0.5,0.2,0.7,19,105,0,0.05,0.0,0.05,0.05,0.05,0.02,0.01,0.04,0.02,0.04
Selim Amallah,MAR,MF,Valladolid,27,1996,24,18,1376,15.3,3,1,4,2,1,1,6,0,3.5,2.7,1.1,3.8,24,57,27,0.2,0.07,0.26,0.13,0.2,0.23,0.07,0.3,0.18,0.25
Amath,SEN,"FW,DF",Valladolid,28,1996,13,5,375,4.2,0,1,1,0,0,0,1,0,0.4,0.4,0.5,0.9,10,12,29,0.0,0.24,0.24,0.0,0.24,0.09,0.13,0.21,0.09,0.21
Marcos André,BRA,FW,Valladolid,27,1996,22,14,1188,13.2,1,2,3,1,0,0,5,0,2.7,2.7,0.8,3.5,11,16,39,0.08,0.15,0.23,0.08,0.23,0.2,0.06,0.27,0.2,0.27
Leandro Antonetti,PUR,FW,Sevilla,21,2003,2,0,28,0.3,0,0,0,0,0,0,0,0,0.1,0.1,0.0,0.2,1,0,3,0.0,0.0,0.0,0.0,0.0,0.45,0.09,0.54,0.45,0.54
Antoniu,ESP,"FW,MF",Espanyol,21,2002,26,13,1022,11.4,0,1,1,0,0,0,3,0,0.9,0.9,1.1,1.9,35,28,63,0.0,0.09,0.09,0.0,0.09,0.08,0.1,0.17,0.08,0.17
Antony,BRA,FW,Betis,24,2000,17,15,1362,15.1,5,2,7,5,0,0,2,1,2.9,2.9,3.5,6.3,94,67,157,0.33,0.13,0.46,0.33,0.46,0.19,0.23,0.42,0.19,0.42
Anuar,MAR,"MF,FW",Valladolid,29,1995,26,21,1720,19.1,2,0,2,2,0,0,7,0,1.7,1.7,1.2,2.9,24,30,68,0.1,0.0,0.1,0.1,0.1,0.09,0.06,0.15,0.09,0.15
Aritz Arambarri,ESP,DF,Leganés,26,1998,2,2,177,2.0,0,0,0,0,0,0,0,0,0.0,0.0,0.0,0.0,0,2,0,0.0,0.0,0.0,0.0,0.0,0.01,0.0,0.01,0.01,0.01
Mauro Arambarri,URU,MF,Getafe,28,1995,35,31,2661,29.6,10,0,10,7,3,3,10,0,8.2,5.8,0.6,6.5,17,75,55,0.34,0.0,0.34,0.24,0.24,0.28,0.02,0.3,0.2,0.22
Jon Aramburu,VEN,DF,Real Sociedad,22,2002,35,28,2460,27.3,1,1,2,1,0,0,8,0,0.4,0.4,1.1,1.6,26,97,53,0.04,0.04,0.07,0.04,0.07,0.02,0.04,0.06,0.02,0.06
Ronald Araújo,URU,DF,Barcelona,25,1999,12,11,754,8.4,1,1,2,1,0,0,3,0,1.0,1.0,0.4,1.4,6,49,3,0.12,0.12,0.24,0.12,0.24,0.11,0.05,0.17,0.11,0.17
Adu Ares,ESP,FW,Athletic Club,22,2001,1,0,19,0.2,0,0,0,0,0,0,0,0,0.0,0.0,0.0,0.0,1,3,2,0.0,0.0,0.0,0.0,0.0,0.0,0.0,0.0,0.0,0.0
Jesús Areso,ESP,DF,Osasuna,25,1999,36,35,3079,34.2,0,3,3,0,0,0,9,0,0.2,0.2,3.5,3.7,101,106,203,0.0,0.09,0.09,0.0,0.09,0.01,0.1,0.11,0.01,0.11
David Argüelles,ESP,MF,Getafe,22,2002,1,0,7,0.1,0,0,0,0,0,0,0,0,0.0,0.0,0.0,0.0,1,0,0,0.0,0.0,0.0,0.0,0.0,0.0,0.0,0.0,0.0,0.0
José Arnaiz,ESP,"FW,MF",Osasuna,29,1995,15,1,133,1.5,0,0,0,0,0,0,0,0,0.3,0.3,0.1,0.5,6,4,20,0.0,0.0,0.0,0.0,0.0,0.22,0.1,0.32,0.22,0.32
Sergio Arribas,ESP,DF,Betis,21,2003,1,1,90,1.0,0,0,0,0,0,0,0,0,0.0,0.0,0.0,0.0,0,1,4,0.0,0.0,0.0,0.0,0.0,0.0,0.0,0.0,0.0,0.0
Takuma Asano,JPN,"FW,MF",Mallorca,29,1994,21,13,1054,11.7,2,1,3,2,0,0,0,0,2.7,2.7,0.7,3.4,28,20,76,0.17,0.09,0.26,0.17,0.26,0.23,0.06,0.29,0.23,0.29
Raúl Asencio,ESP,DF,Real Madrid,21,2003,23,18,1670,18.6,0,1,1,0,0,0,3,0,0.1,0.1,0.6,0.7,5,27,4,0.0,0.05,0.05,0.0,0.05,0.01,0.03,0.04,0.01,0.04
Iago Aspas,ESP,"FW,MF",Celta Vigo,36,1987,30,19,1745,19.4,10,5,15,5,5,6,6,1,8.7,4.0,4.6,8.6,50,132,143,0.52,0.26,0.77,0.26,0.52,0.45,0.24,0.69,0.21,0.44
Yaser Asprilla,COL,"FW,MF",Girona,20,2003,27,15,1405,15.6,3,1,4,3,0,0,2,0,2.1,2.1,2.8,4.9,72,77,140,0.19,0.06,0.26,0.19,0.26,0.13,0.18,0.31,0.13,0.31
Ezequiel Ávila,ARG,FW,Betis,30,1994,19,6,677,7.5,2,0,2,2,0,0,5,1,1.5,1.5,1.0,2.5,12,18,48,0.27,0.0,0.27,0.27,0.27,0.2,0.14,0.34,0.2,0.34
Adam Aznou,MAR,DF,Valladolid,18,2006,13,10,876,9.7,0,0,0,0,0,0,1,0,0.3,0.3,0.3,0.6,16,25,26,0.0,0.0,0.0,0.0,0.0,0.03,0.03,0.06,0.03,0.06
César Azpilicueta,ESP,DF,Atlético Madrid,34,1989,14,10,875,9.7,1,0,1,1,0,0,1,0,0.2,0.2,0.1,0.3,13,66,20,0.1,0.0,0.1,0.1,0.1,0.02,0.01,0.03,0.02,0.03
Papa Ba,ESP,MF,Girona,19,2004,1,0,48,0.5,0,0,0,0,0,0,0,0,0.0,0.0,0.0,0.0,1,0,2,0.0,0.0,0.0,0.0,0.0,0.06,0.0,0.06,0.06,0.06
Loïc Bade,FRA,DF,Sevilla,24,2000,32,31,2686,29.8,1,1,2,1,0,0,7,1,0.6,0.6,0.7,1.3,11,62,6,0.03,0.03,0.07,0.03,0.07,0.02,0.02,0.04,0.02,0.04
Alex Baena,ESP,"MF,FW",Villarreal,23,2001,32,30,2595,28.8,7,9,16,7,0,1,9,0,7.1,6.3,11.7,18.1,91,189,154,0.24,0.31,0.55,0.24,0.55,0.25,0.41,0.65,0.22,0.63
Eric Bailly,CIV,DF,Villarreal,30,1994,12,8,617,6.9,0,0,0,0,0,0,2,1,0.3,0.3,0.0,0.3,1,18,0,0.0,0.0,0.0,0.0,0.0,0.05,0.0,0.05,0.05,0.05
Stefan Bajcetic,ESP,"MF,DF",Las Palmas,19,2004,14,12,969,10.8,1,0,1,1,0,0,4,0,0.3,0.3,0.2,0.5,8,39,9,0.09,0.0,0.09,0.09,0.09,0.03,0.02,0.05,0.03,0.05
Cédric Bakambu,COD,FW,Betis,33,1991,25,6,710,7.9,2,2,4,2,0,0,4,0,3.2,3.2,0.6,3.7,9,14,43,0.25,0.25,0.51,0.25,0.51,0.4,0.07,0.47,0.4,0.47
Alejandro Balde,ESP,DF,Barcelona,20,2003,32,26,2284,25.4,0,4,4,0,0,0,2,0,0.5,0.5,3.4,3.9,107,93,246,0.0,0.16,0.16,0.0,0.16,0.02,0.13,0.15,0.02,0.15
Iván Balliu,ALB,DF,Rayo Vallecano,32,1992,25,12,1200,13.3,0,0,0,0,0,0,3,0,0.0,0.0,0.5,0.5,8,46,21,0.0,0.0,0.0,0.0,0.0,0.0,0.04,0.04,0.0,0.04
Jonathan Bamba,CIV,"FW,MF",Celta Vigo,28,1996,12,10,811,9.0,0,1,1,0,0,0,1,0,0.8,0.8,1.8,2.6,31,30,71,0.0,0.11,0.11,0.0,0.11,0.09,0.2,0.29,0.09,0.29
Adrian Baquerin,ESP,FW,Valladolid,17,2007,5,0,49,0.5,0,0,0,0,0,0,0,0,0.4,0.4,0.0,0.4,0,1,0,0.0,0.0,0.0,0.0,0.0,0.71,0.0,0.71,0.71,0.71
Valentín Barco,ARG,"DF,FW",Sevilla,20,2004,7,3,288,3.2,0,0,0,0,0,0,0,0,0.3,0.3,0.6,0.9,4,13,13,0.0,0.0,0.0,0.0,0.0,0.09,0.2,0.28,0.09,0.28
Borna Barišić,CRO,DF,Leganés,31,1992,1,1,9,0.1,0,0,0,0,0,0,0,0,0.0,0.0,0.0,0.0,0,0,0,0.0,0.0,0.0,0.0,0.0,0.0,0.0,0.0,0.0,0.0
Kike Barja,ESP,"FW,MF",Osasuna,27,1997,15,3,315,3.5,0,1,1,0,0,0,3,0,0.2,0.2,1.2,1.4,22,4,39,0.0,0.29,0.29,0.0,0.29,0.05,0.34,0.39,0.05,0.39
Enzo Barrenechea,ARG,MF,Valencia,23,2001,30,26,2191,24.3,1,2,3,1,0,0,6,0,1.3,1.3,0.9,2.3,21,126,16,0.04,0.08,0.12,0.04,0.12,0.05,0.04,0.09,0.05,0.09
Ander Barrenetxea,ESP,"MF,FW",Real Sociedad,22,2001,30,14,1263,14.0,1,3,4,1,0,0,6,0,1.6,1.6,1.9,3.6,43,48,152,0.07,0.21,0.29,0.07,0.29,0.12,0.14,0.26,0.12,0.26
Pablo Barrios,ESP,MF,Atlético Madrid,21,2003,31,28,2330,25.9,1,4,5,1,0,0,4,1,1.3,1.3,2.4,3.7,29,142,69,0.04,0.15,0.19,0.04,0.19,0.05,0.09,0.14,0.05,0.14
Thierno Barry,FRA,FW,Villarreal,21,2002,35,25,2323,25.8,11,4,15,10,1,1,4,0,12.5,11.7,2.9,14.6,44,27,124,0.43,0.15,0.58,0.39,0.54,0.48,0.11,0.6,0.45,0.57
Marc Bartra,ESP,DF,Betis,33,1991,25,23,2099,23.3,2,1,3,2,0,0,2,0,1.2,1.2,0.2,1.4,7,68,1,0.09,0.04,0.13,0.09,0.13,0.05,0.01,0.06,0.05,0.06
Aboubacar Bassinga,CIV,MF,Las Palmas,19,2005,1,0,4,0.0,0,0,0,0,0,0,0,0,0.0,0.0,0.0,0.0,0,0,0,0.0,0.0,0.0,0.0,0.0,0.0,0.0,0.0,0.0,0.0
Augusto Batalla,ARG,GK,Rayo Vallecano,28,1996,32,32,2880,32.0,0,0,0,0,0,0,6,0,0.0,0.0,0.0,0.0,0,2,0,0.0,0.0,0.0,0.0,0.0,0.0,0.0,0.0,0.0,0.0
Rafael Bauza,ESP,MF,Espanyol,19,2005,5,2,183,2.0,0,0,0,0,0,0,1,0,0.1,0.1,0.0,0.1,1,7,3,0.0,0.0,0.0,0.0,0.0,0.04,0.0,0.04,0.04,0.04
Sheraldo Becker,SUR,"FW,MF",Real Sociedad,29,1995,22,11,995,11.1,2,1,3,2,0,0,1,1,2.0,2.0,2.0,4.0,51,23,110,0.18,0.09,0.27,0.18,0.27,0.18,0.18,0.36,0.18,0.36
Donny van de Beek,NED,MF,Girona,27,1997,26,16,1421,15.8,2,2,4,2,0,0,5,0,1.5,1.5,3.2,4.7,17,45,85,0.13,0.13,0.25,0.13,0.25,0.1,0.21,0.3,0.09,0.3
Luken Beitia,ESP,DF,Real Sociedad,20,2004,1,0,8,0.1,0,0,0,0,0,0,0,0,0.0,0.0,0.0,0.0,0,0,0,0.0,0.0,0.0,0.0,0.0,0.0,0.0,0.0,0.0,0.0
Ismael Bekhoucha,MAR,"MF,DF",Getafe,19,2004,5,0,69,0.8,0,0,0,0,0,0,2,0,0.0,0.0,0.0,0.0,1,1,1,0.0,0.0,0.0,0.0,0.0,0.0,0.0,0.0,0.0,0.0
Héctor Bellerín,ESP,DF,Betis,29,1995,9,6,580,6.4,0,2,2,0,0,0,1,0,0.2,0.2,2.0,2.2,3,24,22,0.0,0.31,0.31,0.0,0.31,0.03,0.32,0.35,0.03,0.35
Jude Bellingham,ENG,MF,Real Madrid,21,2003,31,29,2488,27.6,9,8,17,8,1,2,5,1,11.4,9.9,3.9,13.7,74,199,143,0.33,0.29,0.61,0.29,0.58,0.41,0.14,0.55,0.36,0.5
Fran Beltrán,ESP,MF,Celta Vigo,25,1999,34,29,2421,26.9,2,1,3,2,0,0,3,0,1.0,1.0,1.8,2.8,28,152,29,0.07,0.04,0.11,0.07,0.11,0.04,0.07,0.1,0.04,0.1
Carlos Benavídez,URU,MF,Alavés,26,1998,18,6,487,5.4,1,1,2,1,0,0,3,0,0.3,0.3,0.6,0.9,4,26,5,0.18,0.18,0.37,0.18,0.37,0.05,0.11,0.16,0.05,0.16
Iker Benito,ESP,"FW,MF",Osasuna,21,2002,2,0,37,0.4,0,0,0,0,0,0,0,0,0.0,0.0,0.0,0.0,2,0,4,0.0,0.0,0.0,0.0,0.0,0.0,0.09,0.09,0.0,0.09
Yuri Berchiche,ESP,DF,Athletic Club,34,1990,30,22,2044,22.7,0,2,2,0,0,0,5,0,0.6,0.6,2.2,2.8,43,161,66,0.0,0.09,0.09,0.0,0.09,0.02,0.1,0.12,0.02,0.12
Álex Berenguer,ESP,"FW,MF",Athletic Club,29,1995,36,28,2339,26.0,6,7,13,6,0,1,5,0,6.8,6.0,5.0,11.0,65,78,216,0.23,0.27,0.5,0.23,0.5,0.26,0.19,0.45,0.23,0.42
Marc Bernal,ESP,MF,Barcelona,17,2007,3,3,242,2.7,0,0,0,0,0,0,2,0,0.1,0.1,0.0,0.1,0,8,2,0.0,0.0,0.0,0.0,0.0,0.03,0.01,0.03,0.03,0.03
Juan Bernat,ESP,"DF,MF",Villarreal,31,1993,10,1,212,2.4,0,1,1,0,0,0,0,0,0.3,0.3,0.4,0.7,4,8,23,0.0,0.42,0.42,0.0,0.42,0.12,0.17,0.29,0.12,0.29
Juan Bernat,ESP,"MF,DF",Getafe,31,1993,14,9,699,7.8,0,1,1,0,0,0,0,0,0.1,0.1,0.7,0.8,2,14,36,0.0,0.13,0.13,0.0,0.13,0.02,0.09,0.11,0.02,0.11
Juan Berrocal,ESP,DF,Getafe,25,1999,19,11,1063,11.8,0,0,0,0,0,0,8,1,0.4,0.4,0.0,0.4,1,25,1,0.0,0.0,0.0,0.0,0.0,0.03,0.0,0.03,0.03,0.03
Antonio Blanco,ESP,MF,Alavés,24,2000,35,32,2727,30.3,0,1,1,0,0,0,11,1,0.8,0.8,1.6,2.4,13,146,19,0.0,0.03,0.03,0.0,0.03,0.03,0.05,0.08,0.03,0.08
Daley Blind,NED,DF,Girona,34,1990,34,31,2780,30.9,0,2,2,0,0,0,2,0,0.5,0.5,1.6,2.1,71,272,61,0.0,0.06,0.06,0.0,0.06,0.02,0.05,0.07,0.02,0.07
Adama Boiro,ESP,"DF,FW",Athletic Club,22,2002,18,13,1101,12.2,0,0,0,0,0,0,3,0,0.3,0.3,0.5,0.7,25,46,36,0.0,0.0,0.0,0.0,0.0,0.02,0.04,0.06,0.02,0.06
Enzo Boyomo,CMR,DF,Osasuna,22,2001,34,33,2987,33.2,2,0,2,2,0,0,5,0,1.5,1.5,0.9,2.4,16,111,7,0.06,0.0,0.06,0.06,0.06,0.05,0.03,0.07,0.05,0.07
Enzo Boyomo,CMR,DF,Valladolid,22,2001,3,3,270,3.0,0,0,0,0,0,0,0,0,0.1,0.1,0.0,0.1,1,7,0,0.0,0.0,0.0,0.0,0.0,0.02,0.0,0.02,0.02,0.02
Darko Brašanac,SRB,MF,Leganés,32,1992,30,15,1617,18.0,1,2,3,1,0,0,4,0,1.8,1.8,0.4,2.2,6,43,53,0.06,0.11,0.17,0.06,0.17,0.1,0.02,0.12,0.1,0.12
Abel Bretones,ESP,DF,Osasuna,23,2000,35,20,2074,23.0,2,0,2,2,0,0,3,0,0.5,0.5,1.0,1.6,50,77,92,0.09,0.0,0.09,0.09,0.09,0.02,0.05,0.07,0.02,0.07
Tajon Buchanan,CAN,MF,Villarreal,25,1999,13,4,416,4.6,1,2,3,1,0,0,2,0,0.9,0.9,0.5,1.4,19,5,45,0.22,0.43,0.65,0.22,0.65,0.19,0.12,0.31,0.19,0.31
Ante Budimir,CRO,FW,Osasuna,33,1991,38,34,2952,32.8,21,4,25,13,8,8,4,0,18.3,12.3,1.7,13.9,23,24,134,0.64,0.12,0.76,0.4,0.52,0.56,0.05,0.61,0.37,0.42
Manu Bueno,ESP,"MF,FW",Sevilla,20,2004,9,1,140,1.6,1,0,1,1,0,0,0,0,0.1,0.1,0.0,0.1,2,5,5,0.64,0.0,0.64,0.64,0.64,0.08,0.0,0.08,0.08,0.08
Endika Buján,ESP,FW,Athletic Club,21,2003,1,0,7,0.1,0,0,0,0,0,0,0,0,0.0,0.0,0.0,0.0,1,0,0,0.0,0.0,0.0,0.0,0.0,0.0,0.0,0.0,0.0,0.0
Pau Cabanes,ESP,"MF,FW",Villarreal,19,2005,10,0,163,1.8,1,0,1,1,0,0,0,0,0.5,0.5,0.4,0.9,10,11,33,0.55,0.0,0.55,0.55,0.55,0.26,0.22,0.47,0.26,0.47
Pau Cabanes,ESP,"MF,FW",Alavés,19,2005,6,2,188,2.1,0,0,0,0,0,0,1,0,0.0,0.0,0.0,0.1,15,5,15,0.0,0.0,0.0,0.0,0.0,0.02,0.01,0.03,0.02,0.03
Leandro Cabrera,URU,DF,Espanyol,33,1991,33,32,2869,31.9,4,2,6,4,0,0,4,1,1.1,1.1,0.9,2.1,9,69,6,0.13,0.06,0.19,0.13,0.19,0.03,0.03,0.06,0.03,0.06
Fernando Calero,ESP,"DF,MF",Espanyol,28,1995,21,6,715,7.9,1,0,1,1,0,0,1,0,0.3,0.3,0.0,0.3,0,17,2,0.13,0.0,0.13,0.13,0.13,0.03,0.01,0.04,0.03,0.04
Eduardo Camavinga,FRA,"MF,DF",Real Madrid,21,2002,19,11,1102,12.2,1,2,3,1,0,0,2,0,0.4,0.4,0.8,1.2,26,61,31,0.08,0.16,0.25,0.08,0.25,0.04,0.06,0.1,0.04,0.1
Sergio Camello,ESP,FW,Rayo Vallecano,23,2001,23,14,1134,12.6,3,2,5,3,0,0,2,0,4.1,4.1,2.0,6.1,20,27,68,0.24,0.16,0.4,0.24,0.4,0.32,0.16,0.48,0.32,0.48
José Campaña,ESP,MF,Las Palmas,31,1993,25,15,1189,13.2,0,3,3,0,0,0,5,0,0.1,0.1,0.9,1.1,11,87,15,0.0,0.23,0.23,0.0,0.23,0.01,0.07,0.08,0.01,0.08
Peio Canales,ESP,"MF,FW",Athletic Club,19,2005,8,2,259,2.9,0,0,0,0,0,0,0,0,0.2,0.2,0.2,0.4,6,6,11,0.0,0.0,0.0,0.0,0.0,0.07,0.08,0.15,0.07,0.15
Antonio Candela,ITA,DF,Valladolid,24,2000,12,12,906,10.1,0,0,0,0,0,0,1,0,0.0,0.0,0.8,0.9,16,22,29,0.0,0.0,0.0,0.0,0.0,0.0,0.08,0.08,0.0,0.08
Sergi Canós,ESP,"MF,FW",Valencia,27,1997,17,2,370,4.1,0,1,1,0,0,0,3,0,0.5,0.5,0.2,0.7,7,9,47,0.0,0.24,0.24,0.0,0.24,0.13,0.05,0.17,0.13,0.17
Dani Cárdenas,ESP,GK,Rayo Vallecano,27,1997,6,6,540,6.0,0,0,0,0,0,0,0,0,0.0,0.0,0.0,0.0,0,0,0,0.0,0.0,0.0,0.0,0.0,0.0,0.0,0.0,0.0,0.0
Irvin Cardona,MLT,"FW,MF",Espanyol,26,1997,16,5,606,6.7,1,1,2,1,0,0,1,0,1.1,1.1,0.6,1.7,14,15,43,0.15,0.15,0.3,0.15,0.3,0.16,0.09,0.25,0.16,0.25
Marc Cardona,ESP,"FW,DF",Las Palmas,29,1995,11,0,132,1.5,0,0,0,0,0,0,2,0,0.4,0.4,0.0,0.4,2,3,12,0.0,0.0,0.0,0.0,0.0,0.26,0.0,0.26,0.26,0.26
Sergi Cardona,ESP,DF,Villarreal,25,1999,35,34,2945,32.7,1,7,8,1,0,0,11,0,2.4,2.4,5.8,8.2,52,77,198,0.03,0.21,0.24,0.03,0.24,0.07,0.18,0.25,0.07,0.25
Johnny Cardoso,USA,MF,Betis,22,2001,28,24,2144,23.8,3,1,4,3,0,0,4,0,2.0,2.0,0.9,3.0,19,71,28,0.13,0.04,0.17,0.13,0.17,0.09,0.04,0.12,0.09,0.12
José Carlos González,ESP,DF,Las Palmas,18,2006,1,0,11,0.1,0,0,0,0,0,0,0,0,0.0,0.0,0.0,0.0,0,0,1,0.0,0.0,0.0,0.0,0.0,0.0,0.0,0.0,0.0,0.0
Carmona,ESP,DF,Sevilla,22,2002,35,35,2942,32.7,0,0,0,0,0,0,11,0,0.5,0.5,2.0,2.5,45,109,57,0.0,0.0,0.0,0.0,0.0,0.02,0.06,0.08,0.02,0.08
Sergio Carreira,ESP,"MF,DF",Celta Vigo,23,2000,23,19,1656,18.4,0,4,4,0,0,0,1,0,0.6,0.6,3.1,3.7,39,53,140,0.0,0.22,0.22,0.0,0.22,0.03,0.17,0.2,0.03,0.2
Dani Carvajal,ESP,DF,Real Madrid,32,1992,8,7,609,6.8,1,0,1,1,0,0,1,0,1.3,1.3,0.2,1.5,13,27,48,0.15,0.0,0.15,0.15,0.15,0.19,0.03,0.22,0.19,0.22
William Carvalho,POR,MF,Betis,32,1992,14,6,484,5.4,0,0,0,0,0,0,1,0,0.2,0.2,0.2,0.5,5,45,10,0.0,0.0,0.0,0.0,0.0,0.04,0.05,0.09,0.04,0.09
Marc Casado,ESP,MF,Barcelona,20,2003,23,20,1611,17.9,1,3,4,1,0,0,4,1,1.1,1.1,1.4,2.4,12,107,24,0.06,0.17,0.22,0.06,0.22,0.06,0.08,0.13,0.06,0.13
Catena,ESP,DF,Osasuna,29,1994,35,35,3074,34.2,1,3,4,1,0,0,11,0,2.2,2.2,2.3,4.5,9,89,4,0.03,0.09,0.12,0.03,0.12,0.07,0.07,0.13,0.07,0.13
Maximiliano Caufriez,BEL,DF,Valencia,27,1997,1,1,90,1.0,0,0,0,0,0,0,0,0,0.0,0.0,0.0,0.0,0,1,0,0.0,0.0,0.0,0.0,0.0,0.0,0.0,0.0,0.0,0.0
Dani Ceballos,ESP,MF,Real Madrid,27,1996,23,15,1215,13.5,0,0,0,0,0,0,4,0,0.4,0.4,1.6,2.0,42,150,17,0.0,0.0,0.0,0.0,0.0,0.03,0.12,0.15,0.03,0.15
Franco Cervi,ARG,"FW,MF",Celta Vigo,30,1994,7,4,273,3.0,0,0,0,0,0,0,1,0,0.0,0.0,0.3,0.3,3,14,21,0.0,0.0,0.0,0.0,0.0,0.0,0.11,0.11,0.0,0.11
Raúl Chasco,ESP,DF,Valladolid,20,2003,2,1,130,1.4,0,0,0,0,0,0,0,0,0.0,0.0,0.0,0.0,1,3,2,0.0,0.0,0.0,0.0,0.0,0.0,0.02,0.02,0.0,0.02
Pep Chavarría,ESP,"DF,FW",Rayo Vallecano,26,1998,34,28,2585,28.7,0,1,1,0,0,0,3,0,1.2,1.2,1.9,3.1,59,114,133,0.0,0.03,0.03,0.0,0.03,0.04,0.07,0.11,0.04,0.11
Walid Cheddira,MAR,FW,Espanyol,26,1998,22,5,640,7.1,1,1,2,1,0,0,3,0,1.0,1.0,1.2,2.2,8,12,34,0.14,0.14,0.28,0.14,0.28,0.14,0.17,0.31,0.14,0.31
Chema,ESP,MF,Real Madrid,19,2005,2,0,12,0.1,0,0,0,0,0,0,0,0,0.0,0.0,0.0,0.0,0,0,0,0.0,0.0,0.0,0.0,0.0,0.0,0.0,0.0,0.0,0.0
Julián Chicco,ARG,"MF,DF",Leganés,26,1998,14,2,302,3.4,0,1,1,0,0,0,0,0,0.5,0.5,0.2,0.6,8,16,7,0.0,0.3,0.3,0.0,0.3,0.14,0.05,0.19,0.14,0.19
Chiquinho,POR,"MF,FW",Mallorca,24,2000,8,1,146,1.6,0,0,0,0,0,0,2,0,0.3,0.3,0.0,0.3,4,1,12,0.0,0.0,0.0,0.0,0.0,0.19,0.02,0.21,0.19,0.21
Andreas Christensen,DEN,DF,Barcelona,28,1996,5,2,254,2.8,0,0,0,0,0,0,3,0,0.0,0.0,0.0,0.1,1,15,1,0.0,0.0,0.0,0.0,0.0,0.01,0.01,0.02,0.01,0.02
Jasper Cillessen,NED,GK,Las Palmas,35,1989,27,27,2335,25.9,0,0,0,0,0,0,1,0,0.0,0.0,0.0,0.0,0,0,0,0.0,0.0,0.0,0.0,0.0,0.0,0.0,0.0,0.0,0.0
Pathé Ciss,SEN,"MF,DF",Rayo Vallecano,30,1994,33,25,2140,23.8,4,1,5,4,0,0,12,0,1.8,1.7,1.1,2.8,19,128,12,0.17,0.04,0.21,0.17,0.21,0.08,0.05,0.12,0.07,0.12
Seydouba Cissé,GUI,MF,Leganés,23,2001,34,31,2435,27.1,3,1,4,3,0,0,3,1,3.0,3.0,1.0,4.0,26,110,42,0.11,0.04,0.15,0.11,0.15,0.11,0.04,0.15,0.11,0.15
Silvi Clúa,ESP,MF,Girona,19,2005,4,2,163,1.8,0,0,0,0,0,0,0,0,0.0,0.0,0.0,0.1,4,3,3,0.0,0.0,0.0,0.0,0.0,0.02,0.02,0.04,0.02,0.04
Eray Cömert,SUI,"DF,MF",Valladolid,26,1998,25,21,1779,19.8,0,0,0,0,0,0,6,0,0.9,0.9,0.0,0.9,9,48,5,0.0,0.0,0.0,0.0,0.0,0.04,0.0,0.04,0.04,0.04
Santi Comesaña,ESP,MF,Villarreal,27,1996,35,30,2560,28.4,4,2,6,4,0,0,7,0,4.6,4.6,2.0,6.6,39,154,58,0.14,0.07,0.21,0.14,0.21,0.16,0.07,0.23,0.16,0.23
Diego Conde,ESP,GK,Villarreal,25,1998,22,22,1962,21.8,0,1,1,0,0,0,2,0,0.0,0.0,0.2,0.2,0,0,0,0.0,0.05,0.05,0.0,0.05,0.0,0.01,0.01,0.0,0.01
Tomás Conechny,ARG,"FW,MF",Alavés,26,1998,22,9,847,9.4,1,0,1,1,0,0,8,0,2.4,2.4,0.3,2.7,14,23,61,0.11,0.0,0.11,0.11,0.11,0.26,0.03,0.29,0.26,0.29
Copete,ESP,DF,Mallorca,24,1999,25,16,1528,17.0,0,0,0,0,0,0,6,0,0.5,0.5,0.0,0.5,10,47,2,0.0,0.0,0.0,0.0,0.0,0.03,0.0,0.03,0.03,0.03
Iker Córdoba,ESP,DF,Valencia,18,2005,2,0,15,0.2,0,0,0,0,0,0,0,0,0.0,0.0,0.1,0.1,0,1,1,0.0,0.0,0.0,0.0,0.0,0.0,0.45,0.45,0.0,0.45
Ángel Correa,ARG,"FW,MF",Atlético Madrid,29,1995,31,3,805,8.9,4,1,5,4,0,0,3,1,4.5,4.5,2.1,6.6,30,25,85,0.45,0.11,0.56,0.45,0.56,0.51,0.23,0.74,0.51,0.74
Thierry Correia,POR,DF,Valencia,25,1999,11,9,768,8.5,0,0,0,0,0,0,1,0,0.3,0.3,0.3,0.6,16,44,48,0.0,0.0,0.0,0.0,0.0,0.04,0.04,0.08,0.04,0.08
Coba da Costa,ESP,"MF,FW",Getafe,22,2002,19,12,1006,11.2,1,1,2,1,0,0,4,0,1.1,1.1,1.4,2.6,46,16,83,0.09,0.09,0.18,0.09,0.18,0.1,0.13,0.23,0.1,0.23
Logan Costa,CPV,DF,Villarreal,23,2001,32,28,2587,28.7,2,1,3,2,0,0,3,0,0.7,0.7,0.6,1.3,25,116,10,0.07,0.03,0.1,0.07,0.1,0.02,0.02,0.05,0.02,0.05
Samu Costa,POR,MF,Mallorca,23,2000,32,31,2649,29.4,0,2,2,0,0,0,10,1,1.8,1.8,1.2,3.0,24,116,69,0.0,0.07,0.07,0.0,0.07,0.06,0.04,0.1,0.06,0.1
Thibaut Courtois,BEL,GK,Real Madrid,32,1992,30,30,2700,30.0,0,0,0,0,0,0,1,0,0.0,0.0,0.1,0.1,0,0,0,0.0,0.0,0.0,0.0,0.0,0.0,0.0,0.0,0.0,0.0
Juan Cruz Armada,ESP,DF,Osasuna,32,1992,25,19,1492,16.6,0,0,0,0,0,0,4,0,0.1,0.1,0.0,0.2,9,53,12,0.0,0.0,0.0,0.0,0.0,0.01,0.0,0.01,0.01,0.01
Juan Cruz,ESP,"FW,MF",Leganés,24,2000,34,26,2257,25.1,5,4,9,5,0,0,2,0,2.7,2.7,4.1,6.9,59,66,131,0.2,0.16,0.36,0.2,0.36,0.11,0.17,0.27,0.11,0.27
Pau Cubarsí,ESP,DF,Barcelona,17,2007,35,29,2618,29.1,0,3,3,0,0,0,3,0,0.8,0.8,1.6,2.5,26,191,6,0.0,0.1,0.1,0.0,0.1,0.03,0.06,0.08,0.03,0.08
Cucho,COL,FW,Betis,25,1999,15,14,1139,12.7,5,1,6,5,0,0,0,0,3.8,3.8,1.5,5.3,27,34,82,0.4,0.08,0.47,0.4,0.47,0.3,0.12,0.42,0.3,0.42
Arnaut Danjuma,NED,FW,Villarreal,27,1997,3,3,200,2.2,2,0,2,2,0,0,1,0,0.8,0.8,0.0,0.8,4,1,17,0.9,0.0,0.9,0.9,0.9,0.37,0.01,0.38,0.37,0.38
Arnaut Danjuma,NED,"FW,MF",Girona,27,1997,25,15,1335,14.8,2,0,2,2,0,0,2,0,3.6,3.6,1.7,5.3,91,41,185,0.13,0.0,0.13,0.13,0.13,0.24,0.11,0.35,0.24,0.35
Sergi Darder,ESP,"MF,FW",Mallorca,30,1993,38,34,2744,30.5,2,6,8,2,0,0,4,0,2.1,2.1,3.7,5.8,37,142,83,0.07,0.2,0.26,0.07,0.26,0.07,0.12,0.19,0.07,0.19
Rodrigo De Paul,ARG,MF,Atlético Madrid,30,1994,34,23,2106,23.4,3,5,8,3,0,0,7,0,1.3,1.3,5.6,6.9,85,231,64,0.13,0.21,0.34,0.13,0.34,0.06,0.24,0.29,0.06,0.29
Mouctar Diakhaby,GUI,DF,Valencia,27,1996,13,7,653,7.3,2,0,2,2,0,0,0,0,1.5,1.5,0.0,1.5,5,14,2,0.28,0.0,0.28,0.28,0.28,0.2,0.0,0.21,0.2,0.21
Assane Diao,SEN,FW,Betis,18,2005,10,2,277,3.1,1,2,3,1,0,0,0,0,0.8,0.8,1.5,2.3,9,1,27,0.32,0.65,0.97,0.32,0.97,0.26,0.5,0.75,0.26,0.75
Moussa Diarra,MLI,DF,Alavés,23,2000,26,20,1866,20.7,0,0,0,0,0,0,6,0,0.0,0.0,0.1,0.2,12,70,31,0.0,0.0,0.0,0.0,0.0,0.0,0.01,0.01,0.0,0.01
Brahim Díaz,MAR,"FW,MF",Real Madrid,24,1999,31,16,1385,15.4,4,2,6,4,0,0,0,0,5.3,5.3,3.3,8.6,39,74,110,0.26,0.13,0.39,0.26,0.39,0.34,0.22,0.56,0.34,0.56
Daniel Díaz,ESP,MF,Real Sociedad,18,2006,1,0,10,0.1,0,0,0,0,0,0,0,0,0.0,0.0,0.0,0.0,0,0,0,0.0,0.0,0.0,0.0,0.0,0.0,0.0,0.0,0.0,0.0
Pedro Díaz,ESP,MF,Rayo Vallecano,26,1998,26,12,1211,13.5,3,0,3,3,0,1,2,0,2.4,1.6,2.1,3.7,27,62,49,0.22,0.0,0.22,0.22,0.22,0.18,0.16,0.33,0.12,0.27
Diego,ESP,FW,Leganés,24,2000,28,13,1195,13.3,3,0,3,3,0,0,2,0,3.8,3.8,0.2,4.0,9,16,49,0.23,0.0,0.23,0.23,0.23,0.28,0.02,0.3,0.28,0.3
Stole Dimitrievski,MKD,GK,Valencia,30,1993,4,4,360,4.0,0,0,0,0,0,0,1,0,0.0,0.0,0.0,0.0,0,0,0,0.0,0.0,0.0,0.0,0.0,0.0,0.0,0.0,0.0,0.0
Yan Diomandé,CIV,"MF,FW",Leganés,17,2006,10,6,545,6.1,2,1,3,2,0,0,1,0,1.4,1.4,0.9,2.3,37,16,64,0.33,0.17,0.5,0.33,0.5,0.24,0.14,0.38,0.24,0.38
Álvaro djaló,GNB,FW,Athletic Club,24,1999,17,7,659,7.3,1,0,1,1,0,0,2,0,0.8,0.8,0.9,1.7,22,13,60,0.14,0.0,0.14,0.14,0.14,0.11,0.12,0.23,0.11,0.23
Djené,TOG,"DF,MF",Getafe,32,1991,31,31,2548,28.3,0,0,0,0,0,0,10,1,0.3,0.3,0.6,0.9,18,74,21,0.0,0.0,0.0,0.0,0.0,0.01,0.02,0.03,0.01,0.03
Marko Dmitrović,SRB,GK,Leganés,32,1992,32,32,2880,32.0,0,0,0,0,0,0,0,0,0.0,0.0,0.2,0.2,0,1,0,0.0,0.0,0.0,0.0,0.0,0.0,0.01,0.01,0.0,0.01
Marc Domenech,ESP,"FW,MF",Mallorca,18,2006,10,3,303,3.4,0,0,0,0,0,0,0,0,0.7,0.7,0.2,0.9,1,4,21,0.0,0.0,0.0,0.0,0.0,0.22,0.06,0.27,0.22,0.27
Carlos Dominguez,ESP,DF,Celta Vigo,23,2001,19,13,1181,13.1,0,0,0,0,0,0,1,0,0.2,0.2,0.1,0.3,15,66,4,0.0,0.0,0.0,0.0,0.0,0.02,0.0,0.02,0.02,0.02
Israel Domínguez,ESP,FW,Sevilla,21,2003,1,0,18,0.2,0,0,0,0,0,0,0,0,0.0,0.0,0.0,0.0,0,0,0,0.0,0.0,0.0,0.0,0.0,0.0,0.0,0.0,0.0,0.0
Sergi Dominguez,ESP,DF,Barcelona,19,2005,3,2,172,1.9,0,0,0,0,0,0,1,0,0.0,0.0,0.0,0.0,0,13,1,0.0,0.0,0.0,0.0,0.0,0.0,0.0,0.0,0.0,0.0
Anastasios Douvikas,GRE,FW,Celta Vigo,24,1999,20,6,700,7.8,3,1,4,3,0,0,2,0,4.4,4.4,0.2,4.7,6,6,43,0.39,0.13,0.51,0.39,0.51,0.57,0.03,0.6,0.57,0.6
Domingos Duarte,POR,DF,Getafe,29,1995,22,21,1859,20.7,1,0,1,1,0,0,4,2,0.2,0.2,0.1,0.3,3,47,3,0.05,0.0,0.05,0.05,0.05,0.01,0.0,0.01,0.01,0.01
Duk,CPV,"MF,FW",Leganés,24,2000,10,1,179,2.0,0,0,0,0,0,0,1,0,0.0,0.0,0.7,0.7,10,3,21,0.0,0.0,0.0,0.0,0.0,0.01,0.33,0.34,0.01,0.34
Pablo Durán,ESP,"FW,MF",Celta Vigo,23,2001,27,15,1394,15.5,4,4,8,4,0,0,3,0,3.6,3.6,2.8,6.5,24,30,124,0.26,0.26,0.52,0.26,0.52,0.24,0.18,0.42,0.24,0.42
Hugo Duro,ESP,FW,Valencia,24,1999,31,25,2166,24.1,11,2,13,10,1,1,5,0,9.4,8.6,1.3,9.9,13,28,88,0.46,0.08,0.54,0.42,0.5,0.39,0.05,0.44,0.36,0.41
Chidera Ejuke,NGA,FW,Sevilla,26,1998,25,9,966,10.7,2,1,3,2,0,0,0,0,1.1,1.1,1.9,3.0,75,38,101,0.19,0.09,0.28,0.19,0.28,0.1,0.17,0.28,0.1,0.28
Aritz Elustondo,ESP,DF,Real Sociedad,30,1994,22,16,1457,16.2,0,0,0,0,0,0,2,1,0.4,0.4,0.2,0.6,17,51,4,0.0,0.0,0.0,0.0,0.0,0.03,0.01,0.04,0.03,0.04
Adri Embarba,ESP,"FW,MF",Rayo Vallecano,32,1992,35,18,1607,17.9,1,1,2,1,0,0,4,0,2.1,2.1,2.7,4.8,47,45,114,0.06,0.06,0.11,0.06,0.11,0.12,0.15,0.27,0.12,0.27
Endrick,BRA,FW,Real Madrid,18,2006,22,3,363,4.0,1,0,1,1,0,0,1,0,2.5,2.5,0.5,3.0,12,8,32,0.25,0.0,0.25,0.25,0.25,0.61,0.12,0.73,0.61,0.73
Alfonso Espino,URU,DF,Rayo Vallecano,32,1992,16,9,833,9.3,0,1,1,0,0,0,4,0,0.4,0.4,0.6,1.1,10,39,29,0.0,0.11,0.11,0.0,0.11,0.05,0.07,0.12,0.05,0.12
Dario Essugo,POR,MF,Las Palmas,19,2005,27,25,1938,21.5,1,0,1,1,0,0,11,2,0.7,0.7,0.4,1.0,18,76,8,0.05,0.0,0.05,0.05,0.05,0.03,0.02,0.05,0.03,0.05
Etienne Eto'o,CMR,FW,Rayo Vallecano,21,2002,2,0,40,0.4,0,0,0,0,0,0,0,0,0.0,0.0,0.0,0.0,0,0,1,0.0,0.0,0.0,0.0,0.0,0.0,0.0,0.0,0.0,0.0
Karl Etta Eyong,CMR,"MF,FW",Villarreal,20,2003,4,0,37,0.4,1,0,1,1,0,0,0,0,0.4,0.4,0.0,0.4,0,0,0,2.43,0.0,2.43,2.43,2.43,0.88,0.0,0.88,0.88,0.88
Edu Expósito,ESP,MF,Espanyol,27,1996,19,12,1045,11.6,0,2,2,0,0,0,3,0,1.0,1.0,3.2,4.2,23,64,41,0.0,0.17,0.17,0.0,0.17,0.09,0.27,0.36,0.09,0.36
Abde Ezzalzouli,MAR,"FW,MF",Betis,22,2001,32,23,1984,22.0,2,2,4,2,0,1,2,0,8.0,7.2,2.0,9.3,117,68,215,0.09,0.09,0.18,0.09,0.18,0.36,0.09,0.46,0.33,0.42
Ansu Fati,ESP,FW,Barcelona,21,2002,6,3,233,2.6,0,0,0,0,0,0,1,0,1.0,1.0,0.2,1.1,7,6,32,0.0,0.0,0.0,0.0,0.0,0.38,0.06,0.44,0.38,0.44
Nabil Fekir,FRA,MF,Betis,31,1993,2,2,180,2.0,0,1,1,0,0,0,0,0,0.7,0.7,0.6,1.2,9,10,18,0.0,0.5,0.5,0.0,0.5,0.34,0.28,0.62,0.34,0.62
Kiko Femenía,ESP,DF,Villarreal,33,1991,28,27,2227,24.7,0,1,1,0,0,0,7,0,0.4,0.4,1.3,1.7,52,112,44,0.0,0.04,0.04,0.0,0.04,0.01,0.05,0.07,0.01,0.07
Aitor Fernández,ESP,GK,Osasuna,33,1991,1,1,90,1.0,0,0,0,0,0,0,0,0,0.0,0.0,0.0,0.0,0,0,0,0.0,0.0,0.0,0.0,0.0,0.0,0.0,0.0,0.0,0.0
Álvaro Fernández,ESP,GK,Sevilla,26,1998,9,8,747,8.3,0,0,0,0,0,0,2,0,0.0,0.0,0.1,0.1,0,0,0,0.0,0.0,0.0,0.0,0.0,0.0,0.02,0.02,0.0,0.02
Pelayo Fernandez,ESP,DF,Rayo Vallecano,21,2003,2,1,98,1.1,0,0,0,0,0,0,1,0,0.0,0.0,0.0,0.0,0,1,0,0.0,0.0,0.0,0.0,0.0,0.0,0.0,0.0,0.0,0.0
Roberto Férnandez,ESP,FW,Espanyol,22,2002,19,18,1497,16.6,6,0,6,6,0,0,1,0,3.6,3.6,0.6,4.2,7,17,50,0.36,0.0,0.36,0.36,0.36,0.21,0.04,0.25,0.21,0.25
Valery Fernández,ESP,"MF,FW",Mallorca,24,1999,18,1,309,3.4,2,0,2,2,0,0,1,0,0.8,0.8,0.0,0.9,2,5,14,0.58,0.0,0.58,0.58,0.58,0.24,0.01,0.25,0.24,0.25
André Ferreira,POR,GK,Valladolid,28,1996,6,6,540,6.0,0,0,0,0,0,0,0,0,0.0,0.0,0.0,0.0,0,0,0,0.0,0.0,0.0,0.0,0.0,0.0,0.0,0.0,0.0,0.0
Mateo Flores,ESP,MF,Betis,20,2004,6,1,153,1.7,0,0,0,0,0,0,1,0,0.0,0.0,0.0,0.0,0,9,2,0.0,0.0,0.0,0.0,0.0,0.0,0.0,0.0,0.0,0.0
Pablo Fornals,ESP,"MF,FW",Betis,28,1996,26,22,1827,20.3,2,0,2,2,0,0,2,0,1.8,1.8,3.3,5.1,32,146,85,0.1,0.0,0.1,0.1,0.1,0.09,0.16,0.25,0.09,0.25
Héctor Fort,ESP,DF,Barcelona,17,2006,17,5,585,6.5,0,0,0,0,0,0,2,0,0.2,0.2,0.9,1.1,14,26,33,0.0,0.0,0.0,0.0,0.0,0.04,0.13,0.17,0.04,0.17
Dimitri Foulquier,FRA,DF,Valencia,31,1993,32,25,2299,25.5,0,1,1,0,0,0,6,0,0.4,0.4,1.4,1.8,48,97,66,0.0,0.04,0.04,0.0,0.04,0.02,0.05,0.07,0.02,0.07
Juan Foyth,ARG,DF,Villarreal,26,1998,19,17,1517,16.9,1,0,1,1,0,0,4,0,2.4,2.4,0.3,2.8,13,65,11,0.06,0.0,0.06,0.06,0.06,0.14,0.02,0.16,0.14,0.16
Fran,ESP,GK,Real Madrid,19,2005,1,1,90,1.0,0,0,0,0,0,0,0,0,0.0,0.0,0.0,0.0,0,0,0,0.0,0.0,0.0,0.0,0.0,0.0,0.0,0.0,0.0,0.0
Alejandro Francés,ESP,DF,Girona,21,2002,18,13,1173,13.0,0,0,0,0,0,0,2,0,0.2,0.2,0.3,0.6,18,63,21,0.0,0.0,0.0,0.0,0.0,0.02,0.03,0.04,0.02,0.04
Enric Franquesa,ESP,"DF,FW",Leganés,27,1997,12,7,616,6.8,1,0,1,1,0,0,1,0,0.3,0.3,0.1,0.4,11,12,30,0.15,0.0,0.15,0.15,0.15,0.04,0.02,0.06,0.04,0.06
Jorge de Frutos,ESP,"FW,MF",Rayo Vallecano,27,1997,36,30,2495,27.7,6,3,9,6,0,0,3,1,6.3,6.3,3.4,9.8,77,44,201,0.22,0.11,0.32,0.22,0.32,0.23,0.12,0.35,0.23,0.35
Darío Fuentes,ESP,DF,Sevilla,21,2003,1,0,5,0.1,0,0,0,0,0,0,1,0,0.0,0.0,0.0,0.0,0,0,0,0.0,0.0,0.0,0.0,0.0,0.0,0.0,0.0,0.0,0.0
Manuel Fuster,ESP,"FW,MF",Las Palmas,26,1997,28,8,1003,11.1,2,1,3,2,0,0,2,0,0.7,0.7,1.8,2.5,23,71,75,0.18,0.09,0.27,0.18,0.27,0.07,0.16,0.23,0.07,0.23
Javi Galán,ESP,DF,Atlético Madrid,29,1994,25,21,1784,19.8,0,3,3,0,0,0,8,0,0.2,0.2,3.9,4.1,52,54,107,0.0,0.15,0.15,0.0,0.15,0.01,0.19,0.2,0.01,0.2
Iñigo Ruiz de Galarreta,ESP,MF,Athletic Club,30,1993,26,18,1477,16.4,0,4,4,0,0,0,5,0,0.5,0.5,2.9,3.4,27,137,39,0.0,0.24,0.24,0.0,0.24,0.03,0.18,0.21,0.03,0.21
Conor Gallagher,ENG,MF,Atlético Madrid,24,2000,32,19,1633,18.1,3,3,6,3,0,0,2,0,2.8,2.8,1.2,3.9,24,64,64,0.17,0.17,0.33,0.17,0.33,0.15,0.06,0.22,0.15,0.22
Facundo Garcés,MAS,DF,Alavés,24,1999,10,7,678,7.5,0,0,0,0,0,0,2,0,0.1,0.1,0.8,0.9,3,12,3,0.0,0.0,0.0,0.0,0.0,0.01,0.11,0.12,0.01,0.12
Álvaro García,ESP,"FW,MF",Rayo Vallecano,31,1992,36,28,2559,28.4,4,5,9,4,0,0,4,0,7.6,7.6,5.0,12.6,68,71,245,0.14,0.18,0.32,0.14,0.32,0.27,0.18,0.44,0.27,0.44
Eric García,ESP,"DF,MF",Barcelona,23,2001,29,14,1566,17.4,2,3,5,2,0,0,4,0,2.3,2.3,0.8,3.1,18,109,22,0.11,0.17,0.29,0.11,0.29,0.13,0.05,0.18,0.13,0.18
Fran Garcia,ESP,DF,Real Madrid,24,1999,31,24,2171,24.1,0,2,2,0,0,0,0,0,0.9,0.9,1.8,2.7,78,119,177,0.0,0.08,0.08,0.0,0.08,0.04,0.08,0.11,0.04,0.11
Gonzalo García,ESP,"FW,DF",Real Madrid,20,2004,3,0,56,0.6,0,1,1,0,0,0,0,0,0.5,0.5,1.0,1.5,0,0,3,0.0,1.61,1.61,0.0,1.61,0.79,1.56,2.35,0.79,2.35
Joan García,ESP,GK,Espanyol,23,2001,38,38,3420,38.0,0,0,0,0,0,0,2,0,0.1,0.1,0.0,0.1,0,1,0,0.0,0.0,0.0,0.0,0.0,0.0,0.0,0.0,0.0,0.0
Pablo Garcia,ESP,FW,Betis,18,2006,3,0,38,0.4,0,0,0,0,0,0,0,0,0.0,0.0,0.0,0.0,2,0,8,0.0,0.0,0.0,0.0,0.0,0.0,0.0,0.0,0.0,0.0
Rubén García,ESP,"FW,MF",Osasuna,31,1993,36,30,2413,26.8,5,5,10,5,0,0,2,0,3.2,3.2,3.6,6.8,37,112,157,0.19,0.19,0.37,0.19,0.37,0.12,0.13,0.25,0.12,0.25
Unai García,ESP,DF,Osasuna,32,1992,3,1,65,0.7,0,0,0,0,0,0,0,0,0.0,0.0,0.0,0.0,0,3,0,0.0,0.0,0.0,0.0,0.0,0.0,0.0,0.0,0.0,0.0
Yarek Gasiorowski,ESP,DF,Valencia,19,2005,15,9,947,10.5,0,0,0,0,0,0,1,0,1.1,1.1,0.1,1.2,9,38,0,0.0,0.0,0.0,0.0,0.0,0.11,0.01,0.12,0.11,0.12
Gavi,ESP,"MF,FW",Barcelona,19,2004,26,14,1085,12.1,1,1,2,1,0,0,4,0,0.9,0.9,1.6,2.4,13,77,42,0.08,0.08,0.17,0.08,0.17,0.07,0.13,0.2,0.07,0.2
Paulo Gazzaniga,ARG,GK,Girona,32,1992,36,36,3195,35.5,0,0,0,0,0,0,4,0,0.0,0.0,0.0,0.0,0,0,0,0.0,0.0,0.0,0.0,0.0,0.0,0.0,0.0,0.0,0.0
Bryan Gil,ESP,"FW,MF",Girona,23,2001,25,21,1721,19.1,3,3,6,3,0,0,4,0,2.3,2.3,2.9,5.2,76,74,210,0.16,0.16,0.31,0.16,0.31,0.12,0.15,0.27,0.12,0.27
Dani Gómez,ESP,FW,Valencia,26,1998,14,5,532,5.9,2,0,2,2,0,0,0,0,2.7,2.7,0.0,2.7,3,6,24,0.34,0.0,0.34,0.34,0.34,0.46,0.01,0.46,0.46,0.46
Moi Gómez,ESP,"MF,FW",Osasuna,30,1994,26,6,796,8.8,0,0,0,0,0,0,1,0,0.5,0.5,0.8,1.2,13,49,16,0.0,0.0,0.0,0.0,0.0,0.05,0.08,0.14,0.05,0.14
Sergi Gómez,ESP,DF,Espanyol,32,1992,12,6,664,7.4,0,0,0,0,0,0,1,0,0.3,0.3,0.0,0.3,0,8,1,0.0,0.0,0.0,0.0,0.0,0.04,0.0,0.04,0.04,0.04
Sergio Gómez,ESP,"MF,DF",Real Sociedad,23,2000,37,31,2738,30.4,2,5,7,2,0,0,4,0,1.9,1.9,8.9,10.8,43,93,154,0.07,0.16,0.23,0.07,0.23,0.06,0.29,0.35,0.06,0.35
Unai Gómez,ESP,"MF,FW",Athletic Club,21,2003,32,14,1284,14.3,1,3,4,1,0,0,1,0,1.9,1.9,0.8,2.7,19,23,49,0.07,0.21,0.28,0.07,0.28,0.13,0.06,0.19,0.13,0.19
Fabio González,ESP,MF,Las Palmas,27,1997,2,0,53,0.6,0,0,0,0,0,0,0,0,0.1,0.1,0.0,0.1,0,6,0,0.0,0.0,0.0,0.0,0.0,0.12,0.0,0.12,0.12,0.12
Peter González,DOM,"MF,FW",Getafe,22,2002,17,2,477,5.3,0,0,0,0,0,0,1,0,1.3,1.3,0.1,1.4,8,6,33,0.0,0.0,0.0,0.0,0.0,0.24,0.02,0.26,0.24,0.26
Urko González,ESP,MF,Espanyol,23,2001,17,16,1374,15.3,0,2,2,0,0,0,2,0,0.5,0.5,0.7,1.3,18,62,8,0.0,0.13,0.13,0.0,0.13,0.04,0.05,0.08,0.04,0.08
Urko González,ESP,MF,Real Sociedad,23,2001,1,1,45,0.5,0,0,0,0,0,0,1,0,0.0,0.0,0.0,0.0,0,1,0,0.0,0.0,0.0,0.0,0.0,0.0,0.0,0.0,0.0,0.0
Andoni Gorosabel,ESP,DF,Athletic Club,27,1996,20,17,1485,16.5,0,2,2,0,0,0,5,0,0.3,0.3,1.8,2.1,17,51,59,0.0,0.12,0.12,0.0,0.12,0.02,0.11,0.13,0.02,0.13
José Gragera,ESP,MF,Espanyol,23,2000,10,7,569,6.3,0,0,0,0,0,0,0,0,0.0,0.0,0.0,0.1,1,14,3,0.0,0.0,0.0,0.0,0.0,0.01,0.0,0.01,0.01,0.01
Dominik Greif,SVK,GK,Mallorca,27,1997,31,31,2790,31.0,0,0,0,0,0,0,1,0,0.0,0.0,0.0,0.0,0,0,0,0.0,0.0,0.0,0.0,0.0,0.0,0.0,0.0,0.0,0.0
Antoine Griezmann,FRA,"FW,MF",Atlético Madrid,33,1991,38,29,2469,27.4,8,7,15,7,1,2,2,0,7.4,5.9,7.1,12.9,46,143,177,0.29,0.26,0.55,0.26,0.51,0.27,0.26,0.53,0.21,0.47
Florian Grillitsch,AUT,MF,Valladolid,28,1995,13,7,623,6.9,0,0,0,0,0,0,1,0,0.1,0.1,0.7,0.8,9,38,7,0.0,0.0,0.0,0.0,0.0,0.01,0.1,0.11,0.01,0.11
Vicente Guaita,ESP,GK,Celta Vigo,37,1987,34,34,3060,34.0,0,0,0,0,0,0,0,0,0.0,0.0,0.0,0.0,0,1,0,0.0,0.0,0.0,0.0,0.0,0.0,0.0,0.0,0.0,0.0
Sergi Guardiola,ESP,FW,Rayo Vallecano,33,1991,16,1,362,4.0,0,0,0,0,0,0,1,0,2.4,2.4,0.1,2.5,2,3,22,0.0,0.0,0.0,0.0,0.0,0.59,0.03,0.62,0.59,0.62
Nemanja Gudelj,SRB,"MF,DF",Sevilla,32,1991,31,27,2493,27.7,1,1,2,0,1,1,6,0,1.6,0.8,0.6,1.5,14,64,5,0.04,0.04,0.07,0.0,0.04,0.06,0.02,0.08,0.03,0.05
Javier Guerra,ESP,MF,Valencia,21,2003,36,31,2581,28.7,3,3,6,3,0,0,5,0,2.2,2.2,3.2,5.4,50,137,84,0.1,0.1,0.21,0.1,0.21,0.08,0.11,0.19,0.08,0.19
Ander Guevara,ESP,MF,Alavés,27,1997,33,20,1947,21.6,0,1,1,0,0,0,3,0,0.9,0.9,0.6,1.5,14,112,19,0.0,0.05,0.05,0.0,0.05,0.04,0.03,0.07,0.04,0.07
Pape Gueye,SEN,MF,Villarreal,25,1999,34,26,2224,24.7,4,0,4,4,0,0,6,2,3.4,3.4,1.1,4.5,36,156,69,0.16,0.0,0.16,0.16,0.16,0.14,0.04,0.18,0.14,0.18
Hugo Guillamón,ESP,MF,Valencia,24,2000,12,4,364,4.0,0,0,0,0,0,0,2,0,0.1,0.1,0.0,0.1,0,15,5,0.0,0.0,0.0,0.0,0.0,0.02,0.01,0.03,0.02,0.03
Carlos Guirao,ESP,MF,Betis,21,2003,2,2,110,1.2,0,0,0,0,0,0,0,0,0.0,0.0,0.0,0.0,1,2,2,0.0,0.0,0.0,0.0,0.0,0.0,0.0,0.0,0.0,0.0
Arda Güler,TUR,"MF,FW",Real Madrid,19,2005,28,14,1250,13.9,3,4,7,3,0,0,1,0,3.3,3.3,4.5,7.7,34,93,86,0.22,0.29,0.5,0.22,0.5,0.24,0.32,0.56,0.24,0.56
Gerard Gumbau,ESP,MF,Rayo Vallecano,29,1994,22,7,849,9.4,0,1,1,0,0,0,4,0,1.1,1.1,1.3,2.4,2,41,21,0.0,0.11,0.11,0.0,0.11,0.11,0.14,0.26,0.11,0.26
Jon Guridi,ESP,"MF,FW",Alavés,29,1995,33,27,2080,23.1,3,1,4,2,1,1,6,0,4.2,3.4,1.2,4.6,27,79,90,0.13,0.04,0.17,0.09,0.13,0.18,0.05,0.23,0.15,0.2
Gorka Guruzeta,ESP,FW,Athletic Club,27,1996,36,21,1840,20.4,7,2,9,7,0,0,2,0,6.7,6.6,1.5,8.1,8,31,64,0.34,0.1,0.44,0.34,0.44,0.33,0.07,0.4,0.32,0.4
Miguel Gutiérrez,ESP,"DF,MF",Girona,23,2001,29,29,2458,27.3,1,5,6,1,0,0,4,0,1.6,1.6,4.1,5.8,63,103,199,0.04,0.18,0.22,0.04,0.22,0.06,0.15,0.21,0.06,0.21
Munir El Haddadi,MAR,"FW,MF",Leganés,28,1995,25,10,862,9.6,4,0,4,4,0,0,1,1,1.6,1.6,0.8,2.3,11,29,42,0.42,0.0,0.42,0.42,0.42,0.16,0.08,0.24,0.16,0.24
Sébastien Haller,CIV,FW,Leganés,30,1994,8,5,404,4.5,0,0,0,0,0,0,0,0,0.4,0.4,0.2,0.6,3,4,14,0.0,0.0,0.0,0.0,0.0,0.09,0.05,0.13,0.09,0.13
Henrique,BRA,DF,Valladolid,30,1994,5,4,352,3.9,0,0,0,0,0,0,0,0,0.0,0.0,0.0,0.1,2,12,4,0.0,0.0,0.0,0.0,0.0,0.01,0.01,0.01,0.01,0.01
Javi Hernández,ESP,DF,Leganés,26,1998,31,27,2389,26.5,2,1,3,2,0,0,6,0,0.8,0.8,1.5,2.2,40,80,90,0.08,0.04,0.11,0.08,0.11,0.03,0.06,0.08,0.03,0.08
Aridane Hernández,ESP,DF,Rayo Vallecano,35,1989,14,11,1025,11.4,0,0,0,0,0,0,1,0,0.9,0.9,0.0,1.0,2,38,0,0.0,0.0,0.0,0.0,0.0,0.08,0.0,0.08,0.08,0.08
Jorge Herrando,ESP,DF,Osasuna,23,2001,18,15,1366,15.2,1,0,1,1,0,0,3,0,1.2,1.2,0.0,1.2,7,38,1,0.07,0.0,0.07,0.07,0.07,0.08,0.0,0.08,0.08,0.08
Ander Herrera,ESP,MF,Athletic Club,34,1989,8,2,273,3.0,0,0,0,0,0,1,2,0,1.7,0.9,0.1,1.1,2,16,5,0.0,0.0,0.0,0.0,0.0,0.57,0.04,0.61,0.31,0.35
Sergio Herrera,ESP,GK,Osasuna,31,1993,37,37,3330,37.0,0,0,0,0,0,0,5,0,0.0,0.0,0.0,0.0,0,2,0,0.0,0.0,0.0,0.0,0.0,0.0,0.0,0.0,0.0,0.0
Yangel Herrera,VEN,MF,Girona,26,1998,29,27,2257,25.1,4,3,7,4,0,0,10,1,3.6,3.6,1.5,5.1,31,110,99,0.16,0.12,0.28,0.16,0.28,0.14,0.06,0.2,0.14,0.2
Juan Herzog,ESP,DF,Las Palmas,21,2003,19,15,1315,14.6,0,0,0,0,0,0,1,0,0.9,0.9,0.0,0.9,0,27,1,0.0,0.0,0.0,0.0,0.0,0.06,0.0,0.06,0.06,0.06
Omar El Hilali,MAR,DF,Espanyol,20,2003,36,36,3153,35.0,0,2,2,0,0,0,11,0,0.0,0.0,0.8,0.9,35,84,61,0.0,0.06,0.06,0.0,0.06,0.0,0.02,0.02,0.0,0.02
Roger Hinojo,ESP,DF,Espanyol,19,2005,1,0,9,0.1,0,0,0,0,0,0,0,0,0.0,0.0,0.0,0.0,1,0,2,0.0,0.0,0.0,0.0,0.0,0.0,0.0,0.0,0.0,0.0
Dinko Horkaš,CRO,GK,Las Palmas,25,1999,13,11,1085,12.1,0,0,0,0,0,0,1,0,0.0,0.0,0.0,0.0,0,2,0,0.0,0.0,0.0,0.0,0.0,0.0,0.0,0.0,0.0,0.0
Pablo Ibáñez,ESP,MF,Osasuna,25,1998,28,13,1294,14.4,1,1,2,1,0,0,4,0,1.6,1.6,1.6,3.2,21,51,31,0.07,0.07,0.14,0.07,0.14,0.11,0.11,0.22,0.11,0.22
Stanis Idumbo,BEL,"FW,MF",Sevilla,19,2005,14,3,284,3.2,1,1,2,1,0,0,0,0,0.6,0.6,0.7,1.3,10,8,20,0.32,0.32,0.63,0.32,0.63,0.2,0.23,0.42,0.2,0.42
Iglesias,ESP,DF,Getafe,26,1998,37,32,2888,32.1,0,1,1,0,0,0,4,0,1.6,1.6,2.2,3.8,32,84,67,0.0,0.03,0.03,0.0,0.03,0.05,0.07,0.12,0.05,0.12
Borja Iglesias,ESP,FW,Celta Vigo,31,1993,37,24,1952,21.7,11,3,14,11,0,0,2,0,9.3,9.3,3.2,12.6,22,28,108,0.51,0.14,0.65,0.51,0.65,0.43,0.15,0.58,0.43,0.58
Kelechi Iheanacho,NGA,FW,Sevilla,27,1996,9,5,400,4.4,0,0,0,0,0,0,0,0,1.5,1.5,0.3,1.8,6,5,17,0.0,0.0,0.0,0.0,0.0,0.33,0.07,0.41,0.33,0.41
Isco,ESP,MF,Betis,32,1992,22,17,1547,17.2,9,8,17,4,5,6,5,0,8.6,3.9,4.4,8.2,38,152,112,0.52,0.47,0.99,0.23,0.7,0.5,0.25,0.76,0.22,0.48
Diego Iturralde,ESP,FW,Sevilla,21,2003,1,1,37,0.4,0,0,0,0,0,0,0,0,0.1,0.1,0.0,0.1,0,0,1,0.0,0.0,0.0,0.0,0.0,0.21,0.0,0.21,0.21,0.21
Ivan Jaime Pajuelo,ESP,MF,Valencia,23,2000,9,2,297,3.3,0,0,0,0,0,0,0,0,0.6,0.6,0.3,1.0,8,15,14,0.0,0.0,0.0,0.0,0.0,0.19,0.1,0.3,0.19,0.3
Karl Jakob Hein,EST,GK,Valladolid,22,2002,31,31,2790,31.0,0,0,0,0,0,0,0,0,0.0,0.0,0.0,0.0,0,0,0,0.0,0.0,0.0,0.0,0.0,0.0,0.0,0.0,0.0,0.0
Adnan Januzaj,BEL,"MF,FW",Las Palmas,29,1995,18,5,598,6.6,2,1,3,2,0,0,5,0,0.8,0.8,1.1,1.9,24,41,58,0.3,0.15,0.45,0.3,0.45,0.13,0.16,0.29,0.13,0.29
Mikel Jauregizar,ESP,MF,Athletic Club,20,2003,34,25,2244,24.9,2,1,3,2,0,0,4,1,1.1,1.1,1.4,2.5,14,118,31,0.08,0.04,0.12,0.08,0.12,0.04,0.06,0.1,0.04,0.1
John Joe,IRL,"MF,FW",Getafe,20,2003,4,0,48,0.5,0,0,0,0,0,0,1,0,0.1,0.1,0.0,0.1,1,0,6,0.0,0.0,0.0,0.0,0.0,0.26,0.0,0.26,0.26,0.26
Jofre,ESP,"MF,FW",Espanyol,23,2001,37,26,2165,24.1,3,3,6,3,0,0,5,0,2.5,2.5,2.5,5.0,65,48,156,0.12,0.12,0.25,0.12,0.25,0.11,0.1,0.21,0.11,0.21
Frenkie de Jong,NED,MF,Barcelona,27,1997,26,9,1143,12.7,2,2,4,2,0,0,3,0,0.7,0.7,2.0,2.6,36,120,24,0.16,0.16,0.31,0.16,0.31,0.05,0.16,0.21,0.05,0.21
Joan Jordán,ESP,MF,Alavés,30,1994,25,15,1414,15.7,5,2,7,2,3,4,4,0,4.8,1.6,2.3,4.0,7,104,35,0.32,0.13,0.45,0.13,0.25,0.3,0.15,0.45,0.1,0.25
Juanmi,ESP,"FW,MF",Getafe,31,1993,13,8,696,7.7,0,0,0,0,0,0,2,0,2.9,2.9,0.3,3.2,6,8,28,0.0,0.0,0.0,0.0,0.0,0.37,0.04,0.41,0.37,0.41
Juanmi,ESP,"FW,MF",Betis,31,1993,11,2,244,2.7,0,0,0,0,0,0,2,0,0.7,0.7,0.4,1.0,4,4,18,0.0,0.0,0.0,0.0,0.0,0.25,0.14,0.39,0.25,0.39
Juanpe,ESP,DF,Girona,33,1991,12,8,727,8.1,0,0,0,0,0,0,2,0,0.1,0.1,0.2,0.2,2,26,0,0.0,0.0,0.0,0.0,0.0,0.01,0.02,0.03,0.01,0.03
Abdulai Juma Bah,SLE,DF,Valladolid,18,2006,12,10,864,9.6,0,0,0,0,0,0,1,0,0.3,0.3,0.0,0.3,0,13,1,0.0,0.0,0.0,0.0,0.0,0.03,0.0,0.03,0.03,0.03
Luiz Lúcio Reis Júnior,BRA,GK,Villarreal,23,2001,17,16,1458,16.2,0,0,0,0,0,0,2,0,0.0,0.0,0.0,0.0,0,0,0,0.0,0.0,0.0,0.0,0.0,0.0,0.0,0.0,0.0,0.0
Vinicius Júnior,BRA,FW,Real Madrid,24,2000,30,24,2253,25.0,11,8,19,9,2,3,8,1,10.4,8.2,8.0,16.2,169,85,256,0.44,0.32,0.76,0.36,0.68,0.41,0.32,0.73,0.33,0.65
Stanko Jurić,CRO,MF,Valladolid,27,1996,26,19,1729,19.2,0,0,0,0,0,0,7,1,0.8,0.8,0.5,1.3,5,57,8,0.0,0.0,0.0,0.0,0.0,0.04,0.02,0.07,0.04,0.07
Willy Kambwala,FRA,DF,Villarreal,19,2004,19,12,1117,12.4,0,0,0,0,0,0,1,1,0.3,0.3,0.1,0.5,2,16,0,0.0,0.0,0.0,0.0,0.0,0.03,0.01,0.04,0.03,0.04
Abdoulaye Keita,ESP,"FW,MF",Getafe,21,2002,3,1,95,1.1,0,0,0,0,0,0,0,0,0.0,0.0,0.0,0.0,1,2,4,0.0,0.0,0.0,0.0,0.0,0.05,0.0,0.05,0.05,0.05
Kenedy,BRA,"MF,FW",Valladolid,28,1996,2,0,9,0.1,0,0,0,0,0,0,0,0,0.0,0.0,0.0,0.0,1,0,2,0.0,0.0,0.0,0.0,0.0,0.29,0.0,0.29,0.29,0.29
Kiké,ESP,FW,Alavés,34,1989,35,29,2542,28.2,13,0,13,10,3,3,5,1,9.6,7.2,0.9,8.2,25,50,158,0.46,0.0,0.46,0.35,0.35,0.34,0.03,0.37,0.26,0.29
Koke,ESP,MF,Atlético Madrid,32,1992,32,20,1926,21.4,1,1,2,1,0,0,4,0,1.1,1.1,1.4,2.5,22,132,18,0.05,0.05,0.09,0.05,0.09,0.05,0.07,0.12,0.05,0.12
Jules Koundé,FRA,DF,Barcelona,25,1998,32,29,2605,28.9,2,3,5,2,0,0,4,0,1.8,1.8,3.9,5.7,44,165,190,0.07,0.1,0.17,0.07,0.17,0.06,0.13,0.2,0.06,0.2
Alex Král,CZE,MF,Espanyol,26,1998,37,29,2714,30.2,0,1,1,0,0,0,1,0,1.5,1.5,1.5,3.0,49,78,79,0.0,0.03,0.03,0.0,0.03,0.05,0.05,0.1,0.05,0.1
Vladyslav Krapyvtsov,UKR,GK,Girona,19,2005,2,2,180,2.0,0,0,0,0,0,0,0,0,0.0,0.0,0.0,0.0,0,0,0,0.0,0.0,0.0,0.0,0.0,0.0,0.0,0.0,0.0,0.0
Ladislav Krejčí,CZE,DF,Girona,25,1999,28,27,2440,27.1,2,0,2,2,0,0,9,0,1.7,1.7,0.3,2.0,29,144,6,0.07,0.0,0.07,0.07,0.07,0.06,0.01,0.07,0.06,0.07
Takefusa Kubo,JPN,"MF,FW",Real Sociedad,23,2001,36,27,2372,26.4,5,0,5,5,0,0,5,0,3.6,3.6,4.5,8.0,133,110,218,0.19,0.0,0.19,0.19,0.19,0.14,0.17,0.31,0.14,0.31
Marash Kumbulla,ALB,DF,Espanyol,24,2000,35,34,2972,33.0,3,0,3,3,0,0,9,0,1.8,1.8,0.0,1.9,11,71,3,0.09,0.0,0.09,0.09,0.09,0.05,0.0,0.06,0.05,0.06
Luca de la Torre,USA,MF,Celta Vigo,26,1998,1,0,4,0.0,0,0,0,0,0,0,0,0,0.0,0.0,0.0,0.0,0,0,0,0.0,0.0,0.0,0.0,0.0,0.0,0.0,0.0,0.0,0.0
Yoel Lago,ESP,DF,Celta Vigo,20,2004,8,7,583,6.5,0,1,1,0,0,0,2,0,0.0,0.0,0.1,0.1,1,31,0,0.0,0.15,0.15,0.0,0.15,0.0,0.02,0.02,0.0,0.02
Cyle Larin,CAN,FW,Mallorca,29,1995,32,21,1764,19.6,7,2,9,6,1,1,4,0,6.9,6.1,1.4,7.5,20,20,95,0.36,0.1,0.46,0.31,0.41,0.35,0.07,0.42,0.31,0.38
Juanmi Latasa,ESP,FW,Valladolid,23,2001,28,14,1398,15.5,3,0,3,3,0,0,6,1,4.2,4.2,0.9,5.1,3,17,40,0.19,0.0,0.19,0.19,0.19,0.27,0.06,0.33,0.27,0.33
Toni Lato,ESP,DF,Mallorca,26,1997,14,7,621,6.9,0,0,0,0,0,0,1,1,0.0,0.0,0.4,0.4,15,26,35,0.0,0.0,0.0,0.0,0.0,0.0,0.06,0.06,0.0,0.06
Robin Le Normand,ESP,DF,Atlético Madrid,27,1996,27,24,2151,23.9,1,0,1,1,0,0,8,0,1.5,1.5,0.5,1.9,11,55,6,0.04,0.0,0.04,0.04,0.04,0.06,0.02,0.08,0.06,0.08
Florian Lejeune,FRA,DF,Rayo Vallecano,33,1991,37,37,3325,36.9,2,3,5,2,0,0,8,0,3.6,3.6,1.9,5.4,21,143,5,0.05,0.08,0.14,0.05,0.14,0.1,0.05,0.15,0.1,0.15
Iñigo Lekue,ESP,DF,Athletic Club,31,1993,16,8,773,8.6,0,0,0,0,0,0,1,0,0.2,0.2,0.5,0.7,13,35,21,0.0,0.0,0.0,0.0,0.0,0.02,0.06,0.08,0.02,0.08
Thomas Lemar,FRA,MF,Atlético Madrid,28,1995,5,0,85,0.9,0,0,0,0,0,0,0,0,0.3,0.3,0.2,0.5,1,8,4,0.0,0.0,0.0,0.0,0.0,0.3,0.2,0.5,0.3,0.5
Clément Lenglet,FRA,DF,Atlético Madrid,29,1995,23,23,1972,21.9,2,1,3,2,0,0,9,0,2.4,2.4,1.1,3.5,16,79,1,0.09,0.05,0.14,0.09,0.14,0.11,0.05,0.16,0.11,0.16
Robert Lewandowski,POL,FW,Barcelona,35,1988,34,32,2667,29.6,27,2,29,24,3,4,1,0,27.1,24.0,2.3,26.3,27,48,164,0.91,0.07,0.98,0.81,0.88,0.92,0.08,0.99,0.81,0.89
Samuel Lino,BRA,"MF,DF",Atlético Madrid,24,1999,31,21,1552,17.2,3,4,7,3,0,0,3,0,6.0,6.0,2.9,8.9,72,73,179,0.17,0.23,0.41,0.17,0.41,0.35,0.17,0.52,0.35,0.52
Javier Llabrés,ESP,FW,Mallorca,21,2002,1,1,57,0.6,0,0,0,0,0,0,0,0,0.0,0.0,0.1,0.1,3,3,8,0.0,0.0,0.0,0.0,0.0,0.08,0.14,0.21,0.08,0.21
Diego Llorente,ESP,DF,Betis,30,1993,30,29,2519,28.0,2,0,2,2,0,0,4,0,1.5,1.5,0.3,1.8,7,81,3,0.07,0.0,0.07,0.07,0.07,0.05,0.01,0.06,0.05,0.06
Marcos Llorente,ESP,"DF,MF",Atlético Madrid,29,1995,33,28,2513,27.9,2,4,6,2,0,0,0,1,0.8,0.8,4.3,5.1,82,111,151,0.07,0.14,0.21,0.07,0.21,0.03,0.16,0.18,0.03,0.18
Giovani Lo Celso,ARG,"MF,FW",Betis,28,1996,25,15,1457,16.2,8,3,11,6,2,3,4,0,4.8,2.4,4.9,7.3,26,132,66,0.49,0.19,0.68,0.37,0.56,0.29,0.3,0.59,0.15,0.45
Enzo Loiodice,FRA,MF,Las Palmas,23,2000,17,7,684,7.6,0,0,0,0,0,0,3,0,0.3,0.3,0.2,0.4,3,31,3,0.0,0.0,0.0,0.0,0.0,0.04,0.02,0.06,0.04,0.06
David López,ESP,DF,Mallorca,21,2003,2,2,169,1.9,0,0,0,0,0,0,0,0,0.0,0.0,0.0,0.0,0,4,0,0.0,0.0,0.0,0.0,0.0,0.0,0.0,0.0,0.0,0.0
David López,ESP,DF,Girona,34,1989,29,27,2429,27.0,1,1,2,1,0,0,4,0,0.9,0.9,0.6,1.5,17,132,7,0.04,0.04,0.07,0.04,0.07,0.03,0.02,0.06,0.03,0.06
Diego López,ESP,"MF,FW",Valencia,22,2002,38,35,2737,30.4,8,5,13,8,0,0,3,0,6.6,6.6,5.0,11.6,76,85,219,0.26,0.16,0.43,0.26,0.43,0.22,0.17,0.38,0.22,0.38
Fer López,ESP,"FW,MF",Celta Vigo,20,2004,17,7,671,7.5,2,0,2,2,0,0,2,0,2.7,2.7,1.9,4.6,27,43,58,0.27,0.0,0.27,0.27,0.27,0.37,0.25,0.62,0.37,0.62
Fermin López,ESP,"MF,FW",Barcelona,21,2003,28,12,1252,13.9,6,5,11,6,0,0,4,1,5.6,5.6,3.9,9.5,31,79,108,0.43,0.36,0.79,0.43,0.79,0.41,0.28,0.69,0.41,0.69
Javi López,ESP,DF,Real Sociedad,22,2002,29,21,1936,21.5,0,0,0,0,0,0,4,0,0.1,0.1,0.5,0.6,36,73,64,0.0,0.0,0.0,0.0,0.0,0.01,0.02,0.03,0.01,0.03
Pau López,ESP,GK,Girona,29,1994,1,0,45,0.5,0,0,0,0,0,0,0,0,0.0,0.0,0.0,0.0,0,0,0,0.0,0.0,0.0,0.0,0.0,0.0,0.0,0.0,0.0,0.0
Roberto López,ESP,MF,Leganés,24,2000,13,3,396,4.4,0,1,1,0,0,0,0,0,0.5,0.5,0.9,1.4,3,20,11,0.0,0.23,0.23,0.0,0.23,0.11,0.2,0.31,0.11,0.31
Unai López,ESP,MF,Rayo Vallecano,28,1995,32,23,1707,19.0,3,1,4,3,0,0,9,1,1.6,1.6,1.0,2.6,22,112,40,0.16,0.05,0.21,0.16,0.21,0.08,0.05,0.14,0.08,0.14
Iker Losada,ESP,"FW,MF",Celta Vigo,22,2001,12,4,358,4.0,1,0,1,1,0,0,2,0,1.1,1.1,0.3,1.5,9,17,23,0.25,0.0,0.25,0.25,0.25,0.29,0.09,0.38,0.29,0.38
Iker Losada,ESP,"MF,FW",Betis,22,2001,10,3,336,3.7,0,0,0,0,0,0,0,0,0.5,0.5,0.3,0.8,9,14,16,0.0,0.0,0.0,0.0,0.0,0.13,0.08,0.21,0.13,0.21
Pol Lozano,ESP,MF,Espanyol,24,1999,30,27,1943,21.6,0,1,1,0,0,0,12,0,0.2,0.2,0.8,1.0,18,115,12,0.0,0.05,0.05,0.0,0.05,0.01,0.04,0.05,0.01,0.05
José Luis Gayà,ESP,DF,Valencia,29,1995,23,22,1803,20.0,0,1,1,0,0,0,7,0,1.0,1.0,2.6,3.6,29,59,156,0.0,0.05,0.05,0.0,0.05,0.05,0.13,0.18,0.05,0.18
Dodi Lukebakio,BEL,FW,Sevilla,26,1997,38,36,3092,34.4,11,2,13,10,1,1,3,1,10.1,9.3,4.5,13.8,131,93,247,0.32,0.06,0.38,0.29,0.35,0.29,0.13,0.42,0.27,0.4
Daniel Luna,COL,MF,Mallorca,21,2003,2,0,20,0.2,0,0,0,0,0,0,0,0,0.0,0.0,0.0,0.0,1,0,2,0.0,0.0,0.0,0.0,0.0,0.0,0.0,0.0,0.0,0.0
Andriy Lunin,UKR,GK,Real Madrid,25,1999,7,7,630,7.0,0,1,1,0,0,0,0,0,0.0,0.0,0.9,0.9,0,0,0,0.0,0.14,0.14,0.0,0.14,0.0,0.13,0.13,0.0,0.13
Darwin Machís,VEN,"MF,FW",Valladolid,31,1993,18,7,639,7.1,0,1,1,0,0,0,0,0,0.9,0.9,0.5,1.4,17,19,43,0.0,0.14,0.14,0.0,0.14,0.12,0.07,0.2,0.12,0.2
Pablo Maffeo,ESP,DF,Mallorca,27,1997,30,28,2368,26.3,0,2,2,0,0,0,7,0,0.3,0.3,4.1,4.4,46,74,122,0.0,0.08,0.08,0.0,0.08,0.01,0.16,0.17,0.01,0.17
Jon Magunazelaia,ESP,MF,Real Sociedad,23,2001,2,0,7,0.1,0,0,0,0,0,0,0,0,0.0,0.0,0.0,0.0,0,1,0,0.0,0.0,0.0,0.0,0.0,0.0,0.0,0.0,0.0,0.0
Giorgi Mamardashvili,GEO,GK,Valencia,23,2000,34,34,3060,34.0,0,0,0,0,0,0,2,0,0.0,0.0,0.1,0.1,1,0,0,0.0,0.0,0.0,0.0,0.0,0.0,0.0,0.0,0.0,0.0
Reinildo Mandava,MOZ,DF,Atlético Madrid,30,1994,19,10,941,10.5,0,0,0,0,0,0,4,0,0.1,0.1,0.1,0.2,14,34,15,0.0,0.0,0.0,0.0,0.0,0.01,0.01,0.02,0.01,0.02
Javier Manquillo,ESP,DF,Celta Vigo,30,1994,10,7,515,5.7,0,0,0,0,0,0,1,0,0.0,0.0,0.0,0.0,3,24,5,0.0,0.0,0.0,0.0,0.0,0.0,0.0,0.0,0.0,0.0
Marcão,BRA,DF,Sevilla,28,1996,12,6,552,6.1,0,0,0,0,0,0,6,1,0.0,0.0,0.0,0.0,0,19,1,0.0,0.0,0.0,0.0,0.0,0.0,0.0,0.0,0.0,0.0
Óscar de Marcos,ESP,DF,Athletic Club,35,1989,26,17,1564,17.4,0,4,4,0,0,0,0,0,1.0,1.0,2.6,3.6,26,102,78,0.0,0.23,0.23,0.0,0.23,0.06,0.15,0.21,0.06,0.21
Alberto Marí,ESP,FW,Valencia,23,2001,1,0,7,0.1,0,0,0,0,0,0,0,0,0.0,0.0,0.0,0.0,0,1,2,0.0,0.0,0.0,0.0,0.0,0.0,0.0,0.0,0.0,0.0
José María Giménez,URU,DF,Atlético Madrid,29,1995,27,20,1999,22.2,0,1,1,0,0,0,5,0,0.4,0.4,0.2,0.7,3,64,1,0.0,0.05,0.05,0.0,0.05,0.02,0.01,0.03,0.02,0.03
Arkaitz Mariezkurrena,ESP,"FW,MF",Real Sociedad,19,2005,9,1,241,2.7,2,0,2,2,0,0,1,0,1.0,1.0,0.1,1.1,3,4,12,0.75,0.0,0.75,0.75,0.75,0.36,0.06,0.41,0.36,0.41
Pablo Marín,ESP,MF,Real Sociedad,21,2003,23,14,1239,13.8,1,2,3,1,0,0,3,0,1.4,1.4,1.0,2.4,20,45,47,0.07,0.15,0.22,0.07,0.22,0.1,0.07,0.17,0.1,0.17
Mika Mármol,ESP,DF,Las Palmas,23,2001,30,27,2399,26.7,0,1,1,0,0,0,5,0,0.4,0.4,1.5,1.9,33,106,62,0.0,0.04,0.04,0.0,0.04,0.02,0.06,0.07,0.02,0.07
Mario Maroto,ESP,MF,Valladolid,20,2003,2,0,64,0.7,0,1,1,0,0,0,0,0,0.0,0.0,0.1,0.1,0,2,0,0.0,1.41,1.41,0.0,1.41,0.02,0.09,0.12,0.02,0.12
Unai Marrero,ESP,GK,Real Sociedad,22,2001,2,2,180,2.0,0,0,0,0,0,0,0,0,0.0,0.0,0.0,0.0,0,0,0,0.0,0.0,0.0,0.0,0.0,0.0,0.0,0.0,0.0,0.0
Carlos Martín,ESP,"FW,MF",Alavés,22,2002,26,16,1333,14.8,2,2,4,2,0,0,3,0,2.3,2.3,2.7,5.0,13,21,67,0.14,0.14,0.27,0.14,0.27,0.15,0.19,0.34,0.15,0.34
Diego Martín,ESP,FW,Las Palmas,20,2003,2,0,40,0.4,0,0,0,0,0,0,0,0,0.0,0.0,0.0,0.0,1,2,5,0.0,0.0,0.0,0.0,0.0,0.08,0.0,0.08,0.08,0.08
Gerard Martín,ESP,DF,Barcelona,22,2002,28,11,1038,11.5,1,3,4,1,0,0,2,0,0.5,0.5,1.1,1.6,10,40,122,0.09,0.26,0.35,0.09,0.35,0.04,0.1,0.14,0.04,0.14
Iván Martín,ESP,MF,Girona,25,1999,32,24,2039,22.7,1,1,2,1,0,0,1,0,1.8,1.8,1.9,3.6,57,131,76,0.04,0.04,0.09,0.04,0.09,0.08,0.08,0.16,0.08,0.16
Jon Martin,ESP,DF,Real Sociedad,18,2006,13,6,904,10.0,0,1,1,0,0,0,2,0,0.6,0.6,0.2,0.8,4,34,0,0.0,0.1,0.1,0.0,0.1,0.06,0.02,0.08,0.06,0.08
Mario Martín,ESP,MF,Valladolid,20,2004,30,20,1748,19.4,0,1,1,0,0,0,8,3,1.8,1.8,1.4,3.2,18,66,22,0.0,0.05,0.05,0.0,0.05,0.09,0.07,0.16,0.09,0.16
Arnau Martinez,ESP,"DF,MF",Girona,21,2003,32,30,2624,29.2,2,2,4,2,0,0,3,0,1.2,1.2,2.2,3.5,41,162,102,0.07,0.07,0.14,0.07,0.14,0.04,0.08,0.12,0.04,0.12
Iñigo Martínez,ESP,DF,Barcelona,33,1991,28,28,2490,27.7,0,4,4,0,0,0,5,0,0.5,0.5,2.6,3.1,70,260,11,0.0,0.14,0.14,0.0,0.14,0.02,0.1,0.11,0.02,0.11
Javi Martínez,ESP,MF,Osasuna,24,1999,1,0,6,0.1,0,0,0,0,0,0,0,0,0.0,0.0,0.0,0.0,0,1,0,0.0,0.0,0.0,0.0,0.0,0.0,0.0,0.0,0.0,0.0
Ramón Martínez,ESP,DF,Sevilla,21,2002,5,2,261,2.9,1,0,1,1,0,0,0,0,0.3,0.3,0.1,0.4,1,5,2,0.34,0.0,0.34,0.34,0.34,0.12,0.02,0.14,0.12,0.14
Toni Martínez,ESP,FW,Alavés,27,1997,28,9,1012,11.2,4,0,4,4,0,0,1,0,3.6,3.6,0.6,4.2,13,11,57,0.36,0.0,0.36,0.36,0.36,0.32,0.05,0.37,0.32,0.37
Javi Martón,ESP,"FW,MF",Athletic Club,25,1999,3,0,53,0.6,0,0,0,0,0,0,1,0,0.0,0.0,0.0,0.0,0,0,3,0.0,0.0,0.0,0.0,0.0,0.0,0.0,0.0,0.0,0.0
Marvin,ESP,"DF,FW",Las Palmas,24,2000,23,9,1038,11.5,0,0,0,0,0,0,4,0,0.2,0.2,1.1,1.3,29,30,72,0.0,0.0,0.0,0.0,0.0,0.02,0.1,0.12,0.02,0.12
Omar Mascarell,EQG,MF,Mallorca,31,1993,32,21,1992,22.1,1,0,1,1,0,0,5,1,0.5,0.5,0.2,0.7,10,75,12,0.05,0.0,0.05,0.05,0.05,0.02,0.01,0.03,0.02,0.03
Jaime Mata,ESP,"FW,MF",Las Palmas,35,1988,30,4,656,7.3,0,0,0,0,0,0,9,0,2.6,2.6,0.1,2.8,6,10,48,0.0,0.0,0.0,0.0,0.0,0.36,0.02,0.38,0.36,0.38
Borja Mayoral,ESP,FW,Getafe,27,1997,24,7,1114,12.4,5,1,6,4,1,1,0,0,3.4,2.6,0.9,3.6,10,13,43,0.4,0.08,0.48,0.32,0.4,0.28,0.07,0.35,0.21,0.29
Kylian Mbappé,FRA,FW,Real Madrid,25,1998,34,34,2907,32.3,31,3,34,24,7,9,3,1,25.9,18.6,7.7,26.3,150,140,386,0.96,0.09,1.05,0.74,0.84,0.8,0.24,1.04,0.58,0.81
Oliver McBurnie,SCO,FW,Las Palmas,28,1996,34,20,1837,20.4,3,6,9,3,0,0,3,0,4.8,4.8,2.8,7.6,7,27,75,0.15,0.29,0.44,0.15,0.44,0.24,0.14,0.37,0.24,0.37
Scott McKenna,SCO,DF,Las Palmas,27,1996,29,28,2466,27.4,0,0,0,0,0,0,5,1,1.1,1.1,0.7,1.8,11,45,3,0.0,0.0,0.0,0.0,0.0,0.04,0.03,0.07,0.04,0.07
Mateo Mejía,ESP,FW,Sevilla,21,2003,1,0,11,0.1,0,0,0,0,0,0,0,0,0.0,0.0,0.0,0.0,0,0,0,0.0,0.0,0.0,0.0,0.0,0.0,0.0,0.0,0.0,0.0
Arthur Melo,BRA,MF,Girona,27,1996,15,10,941,10.5,0,0,0,0,0,0,2,0,0.2,0.2,0.2,0.4,24,70,17,0.0,0.0,0.0,0.0,0.0,0.02,0.02,0.04,0.02,0.04
Brais Méndez,ESP,MF,Real Sociedad,27,1997,27,19,1531,17.0,3,2,5,3,0,0,4,0,3.6,3.6,2.0,5.6,32,91,86,0.18,0.12,0.29,0.18,0.29,0.21,0.12,0.33,0.21,0.33
Ferland Mendy,FRA,DF,Real Madrid,29,1995,14,12,1005,11.2,0,1,1,0,0,0,1,1,0.0,0.0,0.5,0.5,12,36,40,0.0,0.09,0.09,0.0,0.09,0.0,0.05,0.05,0.0,0.05
Nobel Mendy,FRA,DF,Betis,19,2004,2,1,108,1.2,0,0,0,0,0,0,1,0,0.0,0.0,0.0,0.0,0,3,0,0.0,0.0,0.0,0.0,0.0,0.0,0.0,0.0,0.0,0.0
Víctor Meseguer,ESP,MF,Valladolid,25,1999,14,2,418,4.6,0,0,0,0,0,0,1,0,0.7,0.7,0.0,0.7,2,22,22,0.0,0.0,0.0,0.0,0.0,0.15,0.01,0.15,0.15,0.15
Miguel,ESP,FW,Leganés,24,1999,34,17,1724,19.2,1,3,4,0,1,2,3,0,4.9,3.3,1.4,4.8,14,16,90,0.05,0.16,0.21,0.0,0.16,0.26,0.07,0.33,0.17,0.25
Éder Militão,BRA,DF,Real Madrid,26,1998,12,11,938,10.4,1,1,2,1,0,0,2,0,0.6,0.6,0.5,1.1,7,46,1,0.1,0.1,0.19,0.1,0.19,0.06,0.05,0.11,0.06,0.11
Luis Milla,ESP,MF,Getafe,29,1994,33,32,2875,31.9,1,4,5,0,1,1,6,0,1.8,1.0,3.9,4.9,32,152,30,0.03,0.13,0.16,0.0,0.13,0.06,0.12,0.18,0.03,0.15
Pere Milla,ESP,"MF,FW",Espanyol,31,1992,20,1,456,5.1,3,0,3,3,0,0,3,0,1.5,1.5,0.3,1.8,9,13,27,0.59,0.0,0.59,0.59,0.59,0.29,0.06,0.35,0.29,0.35
Óscar Mingueza,ESP,"MF,DF",Celta Vigo,25,1999,34,31,2729,30.3,4,6,10,4,0,0,6,1,1.5,1.5,5.6,7.1,69,200,194,0.13,0.2,0.33,0.13,0.33,0.05,0.19,0.23,0.05,0.23
Kim Minsu,KOR,"MF,FW",Girona,18,2006,3,0,22,0.2,0,0,0,0,0,0,0,0,0.0,0.0,0.0,0.0,0,0,2,0.0,0.0,0.0,0.0,0.0,0.0,0.0,0.0,0.0,0.0
Bojan Miovski,MKD,FW,Girona,25,1999,17,12,869,9.7,2,1,3,2,0,0,0,0,2.7,2.7,0.2,2.9,4,4,33,0.21,0.1,0.31,0.21,0.31,0.28,0.02,0.3,0.28,0.3
Rafa Mir,ESP,"FW,MF",Valencia,27,1997,20,5,753,8.4,1,2,3,1,0,0,4,0,3.0,3.0,0.7,3.8,10,20,28,0.12,0.24,0.36,0.12,0.36,0.36,0.09,0.45,0.36,0.45
Luka Modrić,CRO,MF,Real Madrid,38,1985,35,17,1827,20.3,2,6,8,2,0,0,7,0,1.6,1.6,7.0,8.5,62,208,63,0.1,0.3,0.39,0.1,0.39,0.08,0.34,0.42,0.08,0.42
Johan Mojica,COL,DF,Mallorca,31,1992,36,30,2755,30.6,1,2,3,1,0,0,5,0,0.9,0.9,4.1,5.0,66,130,142,0.03,0.07,0.1,0.03,0.1,0.03,0.13,0.16,0.03,0.16
Alberto Moleiro,ESP,"FW,MF",Las Palmas,20,2003,35,32,2714,30.2,6,1,7,6,0,0,5,0,5.6,5.6,3.3,8.9,97,116,179,0.2,0.03,0.23,0.2,0.23,0.19,0.11,0.3,0.19,0.3
Nahuel Molina,ARG,DF,Atlético Madrid,26,1998,30,17,1590,17.7,0,3,3,0,0,0,1,0,0.8,0.8,1.5,2.3,35,61,96,0.0,0.17,0.17,0.0,0.17,0.05,0.08,0.13,0.05,0.13
Jon Moncayola,ESP,MF,Osasuna,26,1998,32,26,2099,23.3,0,0,0,0,0,0,8,0,1.6,1.6,3.7,5.3,25,107,51,0.0,0.0,0.0,0.0,0.0,0.07,0.16,0.23,0.07,0.23
Gonzalo Montiel,ARG,"DF,MF",Sevilla,27,1997,6,1,113,1.3,0,0,0,0,0,0,1,0,0.0,0.0,0.0,0.0,3,2,3,0.0,0.0,0.0,0.0,0.0,0.02,0.0,0.02,0.02,0.02
Gerard Moreno,ESP,FW,Villarreal,32,1992,17,6,721,8.0,3,2,5,0,3,3,0,0,4.2,1.8,3.6,5.5,19,53,60,0.37,0.25,0.62,0.0,0.25,0.53,0.45,0.98,0.23,0.69
Xavier Moreno,ESP,FW,Valladolid,19,2004,1,1,45,0.5,0,0,0,0,0,0,0,0,0.0,0.0,0.0,0.0,1,1,5,0.0,0.0,0.0,0.0,0.0,0.0,0.0,0.0,0.0,0.0
Mateu Morey,ESP,DF,Mallorca,24,2000,16,8,741,8.2,0,0,0,0,0,0,1,0,0.4,0.4,0.3,0.7,17,17,32,0.0,0.0,0.0,0.0,0.0,0.05,0.03,0.08,0.05,0.08
Ilaix Moriba,GUI,MF,Celta Vigo,21,2003,33,22,2132,23.7,1,1,2,1,0,0,9,1,1.7,1.7,1.5,3.2,34,119,64,0.04,0.04,0.08,0.04,0.08,0.07,0.06,0.14,0.07,0.14
Manu Morlanes,ESP,MF,Mallorca,25,1999,23,15,1338,14.9,0,0,0,0,0,0,7,0,0.6,0.6,0.3,0.9,16,88,39,0.0,0.0,0.0,0.0,0.0,0.04,0.02,0.06,0.04,0.06
Raúl Moro,ESP,"MF,FW",Valladolid,21,2002,33,26,2341,26.0,4,5,9,4,0,0,2,0,4.1,4.1,5.7,9.8,112,81,190,0.15,0.19,0.35,0.15,0.35,0.16,0.22,0.38,0.16,0.38
Cristhian Mosquera,ESP,DF,Valencia,20,2004,37,37,3319,36.9,1,0,1,1,0,0,6,0,0.4,0.4,0.0,0.4,35,123,6,0.03,0.0,0.03,0.03,0.03,0.01,0.0,0.01,0.01,0.01
Santiago Mouriño,URU,DF,Alavés,22,2002,25,20,1849,20.5,0,1,1,0,0,0,7,0,0.9,0.9,0.9,1.8,14,46,1,0.0,0.05,0.05,0.0,0.05,0.05,0.04,0.09,0.05,0.09
Abdul Mumin,GHA,DF,Rayo Vallecano,26,1998,24,24,2017,22.4,2,1,3,2,0,0,6,1,0.6,0.6,0.2,0.8,12,40,6,0.09,0.04,0.13,0.09,0.13,0.03,0.01,0.03,0.03,0.03
Aihen Muñoz,ESP,DF,Real Sociedad,26,1997,21,13,1098,12.2,0,0,0,0,0,0,5,0,0.2,0.2,0.3,0.4,26,38,28,0.0,0.0,0.0,0.0,0.0,0.01,0.02,0.04,0.01,0.04
Álex Muñoz,ESP,DF,Las Palmas,30,1994,21,18,1415,15.7,3,0,3,3,0,0,3,0,0.9,0.9,0.5,1.4,15,45,53,0.19,0.0,0.19,0.19,0.19,0.05,0.03,0.09,0.05,0.09
Iker Muñoz,ESP,MF,Osasuna,21,2002,23,4,610,6.8,0,1,1,0,0,0,2,0,0.5,0.5,1.0,1.4,6,24,10,0.0,0.15,0.15,0.0,0.15,0.07,0.14,0.21,0.07,0.21
Javier Muñoz,ESP,"MF,DF",Las Palmas,29,1995,35,28,2588,28.8,1,3,4,1,0,0,5,0,1.3,1.3,2.5,3.7,36,108,91,0.03,0.1,0.14,0.03,0.14,0.04,0.09,0.13,0.04,0.13
Víctor Muñoz,ESP,"FW,DF",Real Madrid,21,2003,2,0,36,0.4,0,0,0,0,0,0,0,0,0.5,0.5,0.0,0.5,3,0,9,0.0,0.0,0.0,0.0,0.0,1.23,0.0,1.23,1.23,1.23
Vedat Muriqi,KVX,FW,Mallorca,30,1994,29,24,2058,22.9,7,2,9,5,2,3,1,2,9.7,7.3,2.2,9.5,23,30,103,0.31,0.09,0.39,0.22,0.31,0.42,0.1,0.52,0.32,0.41
Juan Musso,ARG,GK,Atlético Madrid,30,1994,2,2,180,2.0,0,0,0,0,0,0,0,0,0.0,0.0,0.0,0.0,0,0,0,0.0,0.0,0.0,0.0,0.0,0.0,0.0,0.0,0.0,0.0
Matija Nastasić,SRB,DF,Leganés,31,1993,26,24,2110,23.4,1,0,1,1,0,0,3,0,0.1,0.1,0.1,0.2,1,59,0,0.04,0.0,0.04,0.04,0.04,0.0,0.01,0.01,0.0,0.01
Natan,BRA,DF,Betis,23,2001,31,23,2175,24.2,1,1,2,1,0,0,5,1,0.3,0.3,0.6,1.0,12,52,6,0.04,0.04,0.08,0.04,0.08,0.01,0.03,0.04,0.01,0.04
Pau Navarro,ESP,DF,Villarreal,19,2005,17,8,916,10.2,0,0,0,0,0,0,1,0,0.0,0.0,0.0,0.0,3,40,7,0.0,0.0,0.0,0.0,0.0,0.0,0.0,0.0,0.0,0.0
Roberto Navarro,ESP,"MF,FW",Mallorca,22,2002,23,15,1278,14.2,1,0,1,1,0,0,3,0,2.0,2.0,1.9,3.9,45,51,85,0.07,0.0,0.07,0.07,0.07,0.14,0.14,0.28,0.14,0.28
Jesús Navas,ESP,"FW,MF",Sevilla,38,1985,15,3,424,4.7,1,0,1,1,0,0,0,0,0.5,0.5,0.5,1.0,13,23,48,0.21,0.0,0.21,0.21,0.21,0.11,0.11,0.22,0.11,0.22
Yvan Neyou,CMR,MF,Leganés,27,1997,30,27,2312,25.7,1,1,2,1,0,0,14,0,0.6,0.6,0.6,1.3,24,96,30,0.04,0.04,0.08,0.04,0.08,0.03,0.03,0.05,0.03,0.05
Tanguy Nianzou,FRA,DF,Sevilla,22,2002,6,6,518,5.8,0,0,0,0,0,0,3,1,0.2,0.2,0.0,0.2,4,10,0,0.0,0.0,0.0,0.0,0.0,0.03,0.0,0.03,0.03,0.03
Saúl Ñíguez,ESP,MF,Sevilla,29,1994,24,17,1553,17.3,1,6,7,1,0,0,8,1,2.8,2.8,2.5,5.3,13,66,39,0.06,0.35,0.41,0.06,0.41,0.16,0.14,0.31,0.16,0.31
Tamás Nikitscher,HUN,"MF,DF",Valladolid,24,1999,13,9,858,9.5,0,0,0,0,0,0,2,0,0.1,0.1,0.0,0.1,2,13,7,0.0,0.0,0.0,0.0,0.0,0.01,0.0,0.01,0.01,0.01
Adrian Niño,ESP,FW,Atlético Madrid,20,2004,1,0,12,0.1,0,0,0,0,0,0,0,0,0.2,0.2,0.0,0.2,0,0,1,0.0,0.0,0.0,0.0,0.0,1.44,0.0,1.44,1.44,1.44
Hugo Novoa,ESP,"DF,MF",Alavés,21,2003,5,2,237,2.6,0,0,0,0,0,0,0,0,0.5,0.5,0.2,0.7,7,2,10,0.0,0.0,0.0,0.0,0.0,0.18,0.07,0.26,0.18,0.26
Randy Nteka,ANG,FW,Rayo Vallecano,26,1997,24,16,1129,12.5,3,0,3,3,0,0,6,0,2.6,2.6,0.5,3.1,10,8,44,0.24,0.0,0.24,0.24,0.24,0.21,0.04,0.25,0.21,0.25
Unai Núñez,ESP,DF,Athletic Club,27,1997,10,7,645,7.2,0,0,0,0,0,0,4,0,0.2,0.2,0.1,0.3,2,26,0,0.0,0.0,0.0,0.0,0.0,0.03,0.01,0.04,0.03,0.04
Ørjan Nyland,NOR,GK,Sevilla,33,1990,30,30,2673,29.7,0,0,0,0,0,0,2,0,0.0,0.0,0.3,0.3,0,1,0,0.0,0.0,0.0,0.0,0.0,0.0,0.01,0.01,0.0,0.01
Allan Nyom,CMR,"DF,MF",Getafe,36,1988,20,10,887,9.9,1,2,3,1,0,0,4,0,0.5,0.5,0.3,0.8,5,22,21,0.1,0.2,0.3,0.1,0.3,0.05,0.03,0.09,0.05,0.09
Jan Oblak,SVN,GK,Atlético Madrid,31,1993,36,36,3240,36.0,0,0,0,0,0,0,0,0,0.0,0.0,0.0,0.0,0,0,0,0.0,0.0,0.0,0.0,0.0,0.0,0.0,0.0,0.0,0.0
Lucas Ocampos,ARG,FW,Sevilla,30,1994,2,2,175,1.9,0,1,1,0,0,0,0,0,0.2,0.2,0.3,0.5,5,7,20,0.0,0.51,0.51,0.0,0.51,0.08,0.17,0.25,0.08,0.25
Álvaro Odriozola,ESP,DF,Real Sociedad,28,1995,2,0,43,0.5,0,0,0,0,0,0,1,0,0.0,0.0,0.0,0.0,0,3,0,0.0,0.0,0.0,0.0,0.0,0.0,0.0,0.0,0.0,0.0
Thiago Ojeda,ARG,MF,Villarreal,21,2003,1,0,8,0.1,0,0,0,0,0,0,1,0,0.0,0.0,0.0,0.0,1,2,0,0.0,0.0,0.0,0.0,0.0,0.12,0.0,0.12,0.12,0.12
Aingeru Olabarrieta,ESP,FW,Athletic Club,18,2005,1,1,54,0.6,0,0,0,0,0,0,0,0,0.0,0.0,0.0,0.0,2,1,3,0.0,0.0,0.0,0.0,0.0,0.0,0.0,0.0,0.0,0.0
Olasagasti,ESP,MF,Real Sociedad,23,2000,22,7,857,9.5,1,1,2,1,0,0,2,0,1.0,1.0,0.8,1.8,11,38,41,0.11,0.11,0.21,0.11,0.21,0.1,0.08,0.19,0.1,0.19
Brian Oliván,ESP,DF,Espanyol,30,1994,17,12,1017,11.3,0,1,1,0,0,0,2,0,0.4,0.4,1.1,1.5,21,40,57,0.0,0.09,0.09,0.0,0.09,0.03,0.1,0.13,0.03,0.13
Lucas Oliveira Rosa,BRA,DF,Valladolid,24,2000,21,21,1890,21.0,0,1,1,0,0,0,6,0,0.9,0.9,2.0,2.8,31,50,74,0.0,0.05,0.05,0.0,0.05,0.04,0.09,0.13,0.04,0.13
Dani Olmo,ESP,"MF,FW",Barcelona,26,1998,25,13,1212,13.5,10,3,13,8,2,2,1,0,6.5,4.9,3.0,7.9,33,81,97,0.74,0.22,0.97,0.59,0.82,0.48,0.22,0.7,0.37,0.59
Aimar Oroz,ESP,MF,Osasuna,22,2001,37,35,2966,33.0,5,4,9,4,1,1,8,0,4.2,3.5,2.9,6.5,74,163,142,0.15,0.12,0.27,0.12,0.24,0.13,0.09,0.22,0.11,0.2
Ángel Ortíz,ESP,DF,Betis,20,2004,5,4,353,3.9,0,1,1,0,0,0,0,0,0.0,0.0,0.1,0.2,4,15,20,0.0,0.25,0.25,0.0,0.25,0.01,0.03,0.04,0.01,0.04
Gabriel Osei Misehouy,NED,"FW,MF",Girona,19,2005,9,1,257,2.9,1,0,1,1,0,0,0,0,0.9,0.9,0.3,1.2,5,15,22,0.35,0.0,0.35,0.35,0.35,0.31,0.09,0.41,0.31,0.41
David Otorbi,ESP,MF,Valencia,16,2007,1,0,14,0.2,0,0,0,0,0,0,0,0,0.0,0.0,0.0,0.0,1,0,0,0.0,0.0,0.0,0.0,0.0,0.0,0.0,0.0,0.0,0.0
Jesús Owono,EQG,GK,Alavés,23,2001,6,5,487,5.4,0,0,0,0,0,0,0,0,0.0,0.0,0.0,0.0,0,0,0,0.0,0.0,0.0,0.0,0.0,0.0,0.0,0.0,0.0,0.0
Mikel Oyarzabal,ESP,FW,Real Sociedad,27,1997,35,28,2250,25.0,9,3,12,5,4,4,4,1,9.9,6.8,2.4,9.2,31,28,133,0.36,0.12,0.48,0.2,0.32,0.4,0.1,0.5,0.27,0.37
Cenk Özkacar,TUR,DF,Valladolid,23,2000,11,8,757,8.4,0,0,0,0,0,0,1,0,0.1,0.1,0.0,0.1,2,15,0,0.0,0.0,0.0,0.0,0.0,0.01,0.0,0.02,0.01,0.02
Jon Pacheco,ESP,DF,Real Sociedad,23,2001,14,9,854,9.5,0,0,0,0,0,0,3,0,0.1,0.1,0.1,0.2,12,27,0,0.0,0.0,0.0,0.0,0.0,0.01,0.01,0.02,0.01,0.02
Alex Padilla,ESP,GK,Athletic Club,20,2003,5,3,321,3.6,0,0,0,0,0,0,0,0,0.0,0.0,0.0,0.0,0,0,0,0.0,0.0,0.0,0.0,0.0,0.0,0.0,0.0,0.0,0.0
Isaac Palazón Camacho,ESP,"MF,FW",Rayo Vallecano,29,1994,35,25,2162,24.0,4,4,8,4,0,0,5,0,4.7,4.7,4.4,9.2,30,117,123,0.17,0.17,0.33,0.17,0.33,0.2,0.18,0.38,0.2,0.38
Aitor Paredes,ESP,DF,Athletic Club,24,2000,23,21,1812,20.1,3,0,3,3,0,0,4,1,2.3,2.3,0.1,2.3,4,46,2,0.15,0.0,0.15,0.15,0.15,0.11,0.0,0.12,0.11,0.12
Daniel Parejo,ESP,MF,Villarreal,35,1989,36,26,2273,25.3,3,3,6,2,1,2,8,0,2.5,0.8,1.8,2.7,19,176,26,0.12,0.12,0.24,0.08,0.2,0.1,0.07,0.17,0.03,0.11
Iago Parente,ESP,DF,Valladolid,18,2006,1,1,71,0.8,0,0,0,0,0,0,0,0,0.0,0.0,0.0,0.0,0,4,1,0.0,0.0,0.0,0.0,0.0,0.0,0.04,0.04,0.0,0.04
Álvaro Pascual,ESP,FW,Sevilla,22,2002,8,4,408,4.5,1,0,1,1,0,0,1,0,1.1,1.1,0.0,1.1,4,3,27,0.22,0.0,0.22,0.22,0.22,0.24,0.01,0.25,0.24,0.25
Alfonso Pedraza,ESP,"DF,MF",Villarreal,28,1996,12,4,460,5.1,0,2,2,0,0,0,0,0,0.5,0.5,1.4,1.9,21,9,43,0.0,0.39,0.39,0.0,0.39,0.09,0.27,0.37,0.09,0.37
Pedri,ESP,MF,Barcelona,21,2002,37,35,2879,32.0,4,5,9,4,0,0,3,0,2.2,2.2,7.4,9.6,92,360,136,0.13,0.16,0.28,0.13,0.28,0.07,0.23,0.3,0.07,0.3
Adrià Pedrosa,ESP,DF,Sevilla,26,1998,31,27,2298,25.5,1,1,2,1,0,0,7,0,0.9,0.9,1.6,2.5,41,79,96,0.04,0.04,0.08,0.04,0.08,0.04,0.06,0.1,0.04,0.1
Pejiño,ESP,FW,Las Palmas,28,1996,1,0,16,0.2,0,0,0,0,0,0,0,0,0.0,0.0,0.0,0.0,1,1,2,0.0,0.0,0.0,0.0,0.0,0.17,0.0,0.17,0.17,0.17
Andy Pelmard,MAD,DF,Las Palmas,24,2000,4,2,205,2.3,0,0,0,0,0,0,1,0,0.0,0.0,0.0,0.1,1,13,5,0.0,0.0,0.0,0.0,0.0,0.0,0.02,0.03,0.0,0.03
Iñaki Peña,ESP,GK,Barcelona,25,1999,16,15,1396,15.5,0,0,0,0,0,0,1,0,0.0,0.0,0.0,0.0,0,3,0,0.0,0.0,0.0,0.0,0.0,0.0,0.0,0.0,0.0,0.0
Rubén Peña,ESP,"FW,DF",Osasuna,33,1991,25,7,775,8.6,0,0,0,0,0,0,1,0,0.7,0.7,0.6,1.3,18,27,57,0.0,0.0,0.0,0.0,0.0,0.08,0.07,0.15,0.08,0.15
Nicolas Pépé,CIV,"FW,MF",Villarreal,29,1995,28,15,1500,16.7,3,6,9,3,0,0,3,0,3.8,3.8,4.8,8.6,76,60,159,0.18,0.36,0.54,0.18,0.54,0.23,0.29,0.52,0.23,0.52
Peque,ESP,"MF,FW",Sevilla,21,2002,26,14,1134,12.6,1,1,2,1,0,0,1,0,2.5,2.5,1.2,3.7,14,35,44,0.08,0.08,0.16,0.08,0.16,0.2,0.1,0.29,0.2,0.29
Ayoze Pérez,ESP,FW,Villarreal,31,1993,30,22,1970,21.9,19,2,21,19,0,0,4,0,12.7,12.7,3.0,15.7,59,73,124,0.87,0.09,0.96,0.87,0.96,0.58,0.13,0.71,0.58,0.71
Carles Pérez,ESP,"MF,FW",Getafe,26,1998,27,15,1431,15.9,3,0,3,3,0,0,2,0,2.4,2.4,1.5,3.9,31,20,77,0.19,0.0,0.19,0.19,0.19,0.15,0.1,0.24,0.15,0.24
Francisco Perez,ESP,"FW,MF",Valencia,21,2002,26,4,570,6.3,0,0,0,0,0,0,1,0,0.3,0.3,2.6,2.9,24,13,71,0.0,0.0,0.0,0.0,0.0,0.05,0.4,0.45,0.05,0.45
Kike Pérez,ESP,MF,Valladolid,27,1997,19,14,1191,13.2,2,0,2,2,0,0,6,0,2.1,2.1,1.0,3.1,19,67,28,0.15,0.0,0.15,0.15,0.15,0.16,0.08,0.24,0.16,0.24
Luis Pérez,ESP,DF,Valladolid,29,1995,30,28,2558,28.4,0,0,0,0,0,0,2,0,0.2,0.2,2.1,2.2,41,89,117,0.0,0.0,0.0,0.0,0.0,0.01,0.07,0.08,0.01,0.08
Romain Perraud,FRA,DF,Betis,26,1997,28,22,2002,22.2,2,2,4,2,0,0,8,1,0.6,0.6,1.6,2.1,51,62,106,0.09,0.09,0.18,0.09,0.18,0.02,0.07,0.1,0.02,0.1
Valentín Pezzolesi,ESP,DF,Las Palmas,17,2007,1,0,6,0.1,0,0,0,0,0,0,0,0,0.0,0.0,0.0,0.0,0,0,0,0.0,0.0,0.0,0.0,0.0,0.0,0.0,0.0,0.0,0.0
Pica,ESP,DF,Alavés,22,2002,9,5,499,5.5,0,0,0,0,0,0,1,0,0.3,0.3,0.0,0.4,3,15,0,0.0,0.0,0.0,0.0,0.0,0.06,0.01,0.06,0.06,0.06
Yeremi Pino,ESP,"MF,FW",Villarreal,21,2002,34,25,1934,21.5,4,7,11,4,0,0,11,0,3.9,3.9,5.3,9.2,42,66,213,0.19,0.33,0.51,0.19,0.51,0.18,0.25,0.43,0.18,0.43
Portu,ESP,"FW,MF",Girona,32,1992,27,6,779,8.7,1,2,3,1,0,0,4,0,1.6,1.6,1.7,3.3,20,16,79,0.12,0.23,0.35,0.12,0.35,0.19,0.19,0.38,0.19,0.38
Beñat Prados,ESP,MF,Athletic Club,23,2001,30,21,1715,19.1,1,0,1,1,0,0,7,0,1.0,1.0,1.1,2.1,20,78,32,0.05,0.0,0.05,0.05,0.05,0.05,0.06,0.11,0.05,0.11
Abdón Prats,ESP,"FW,MF",Mallorca,31,1992,24,3,456,5.1,2,0,2,1,1,1,4,0,2.2,1.5,0.1,1.6,0,7,14,0.39,0.0,0.39,0.2,0.2,0.45,0.03,0.47,0.29,0.32
Javi Puado,ESP,"FW,MF",Espanyol,26,1998,35,35,2974,33.0,12,4,16,7,5,5,8,0,11.6,7.7,3.0,10.7,73,75,113,0.36,0.12,0.48,0.21,0.33,0.35,0.09,0.44,0.23,0.32
Dani Raba,ESP,"FW,MF",Leganés,28,1995,29,24,1879,20.9,8,6,14,4,4,5,6,0,7.5,3.6,5.3,8.9,42,69,101,0.38,0.29,0.67,0.19,0.48,0.36,0.25,0.61,0.17,0.43
Arnau Rafús,ESP,GK,Valladolid,21,2003,1,1,90,1.0,0,0,0,0,0,0,0,0,0.0,0.0,0.0,0.0,0,0,0,0.0,0.0,0.0,0.0,0.0,0.0,0.0,0.0,0.0,0.0
Antonio Raillo,ESP,DF,Mallorca,32,1991,36,36,3207,35.6,2,0,2,2,0,0,7,1,2.0,2.0,1.6,3.7,31,108,20,0.06,0.0,0.06,0.06,0.06,0.06,0.05,0.1,0.06,0.1
Benito Ramírez,ESP,"DF,FW",Las Palmas,29,1995,19,2,478,5.3,0,0,0,0,0,0,2,1,0.3,0.3,0.9,1.2,14,16,62,0.0,0.0,0.0,0.0,0.0,0.06,0.16,0.22,0.06,0.22
Sandro Ramírez,ESP,"FW,MF",Las Palmas,29,1995,31,25,2034,22.6,9,3,12,8,1,1,6,0,4.1,3.3,3.4,6.7,52,52,121,0.4,0.13,0.53,0.35,0.49,0.18,0.15,0.33,0.15,0.29
Jacobo Ramón,ESP,DF,Real Madrid,19,2005,3,2,204,2.3,1,0,1,1,0,0,1,0,0.2,0.2,0.2,0.4,0,1,2,0.44,0.0,0.44,0.44,0.44,0.07,0.09,0.16,0.07,0.16
Raphinha,BRA,"FW,MF",Barcelona,27,1996,36,32,2839,31.5,18,9,27,16,2,2,4,0,19.2,17.6,12.7,30.3,94,135,349,0.57,0.29,0.86,0.51,0.79,0.61,0.4,1.01,0.56,0.96
Andrei Ratiu,ROU,DF,Rayo Vallecano,26,1998,35,34,3065,34.1,2,3,5,2,0,0,5,0,1.8,1.8,5.7,7.5,122,145,167,0.06,0.09,0.15,0.06,0.15,0.05,0.17,0.22,0.05,0.22
Raúl,ESP,"FW,MF",Osasuna,23,2000,32,5,750,8.3,4,0,4,4,0,0,1,0,3.5,3.5,0.7,4.1,10,16,49,0.48,0.0,0.48,0.48,0.48,0.41,0.08,0.5,0.41,0.5
Abde Rebbach,ALG,"FW,MF",Alavés,25,1998,8,4,385,4.3,0,0,0,0,0,0,1,0,0.2,0.2,0.3,0.5,16,5,34,0.0,0.0,0.0,0.0,0.0,0.04,0.07,0.11,0.04,0.11
Álex Remiro,ESP,GK,Real Sociedad,29,1995,36,36,3240,36.0,0,0,0,0,0,0,0,0,0.0,0.0,0.0,0.0,0,1,0,0.0,0.0,0.0,0.0,0.0,0.0,0.0,0.0,0.0,0.0
Daniel Requena,ESP,MF,Villarreal,20,2004,1,0,10,0.1,0,0,0,0,0,0,0,0,0.0,0.0,0.0,0.0,0,0,1,0.0,0.0,0.0,0.0,0.0,0.0,0.0,0.0,0.0,0.0
Diego Rico,ESP,DF,Getafe,31,1993,33,32,2819,31.3,0,3,3,0,0,0,9,1,0.4,0.4,2.7,3.1,27,136,84,0.0,0.1,0.1,0.0,0.1,0.01,0.09,0.1,0.01,0.1
Luis Rioja,ESP,FW,Alavés,30,1993,1,0,23,0.3,0,0,0,0,0,0,0,0,0.0,0.0,0.1,0.1,4,1,3,0.0,0.0,0.0,0.0,0.0,0.0,0.57,0.57,0.0,0.57
Luis Rioja,ESP,"MF,FW",Valencia,30,1993,36,33,2831,31.5,5,3,8,3,2,2,6,0,3.3,1.7,4.5,6.2,93,103,228,0.16,0.1,0.25,0.1,0.19,0.1,0.14,0.25,0.05,0.2
Rodrigo Riquelme,ESP,"MF,DF",Atlético Madrid,24,2000,16,4,516,5.7,0,1,1,0,0,0,0,0,0.9,0.9,0.8,1.7,43,24,62,0.0,0.17,0.17,0.0,0.17,0.16,0.14,0.3,0.16,0.3
Alberto Risco,ESP,"MF,FW",Getafe,18,2005,5,0,69,0.8,0,0,0,0,0,0,0,0,0.2,0.2,0.1,0.3,3,3,6,0.0,0.0,0.0,0.0,0.0,0.22,0.19,0.41,0.22,0.41
Mihailo Ristić,SRB,"DF,MF",Celta Vigo,28,1995,10,6,429,4.8,0,1,1,0,0,0,1,0,0.0,0.0,0.2,0.2,8,10,11,0.0,0.21,0.21,0.0,0.21,0.01,0.04,0.05,0.01,0.05
Gorka Rivera Alonso,ESP,"DF,MF",Getafe,19,2004,1,0,20,0.2,0,0,0,0,0,0,0,0,0.0,0.0,0.0,0.0,0,1,0,0.0,0.0,0.0,0.0,0.0,0.0,0.0,0.0,0.0,0.0
Marc Roca,ESP,MF,Betis,27,1996,14,11,906,10.1,2,2,4,2,0,0,4,0,1.1,1.1,1.0,2.1,11,59,13,0.2,0.2,0.4,0.2,0.4,0.11,0.1,0.21,0.11,0.21
Rodri,ESP,FW,Betis,24,2000,3,1,118,1.3,0,0,0,0,0,0,0,0,0.2,0.2,0.1,0.2,4,8,11,0.0,0.0,0.0,0.0,0.0,0.13,0.06,0.19,0.13,0.19
Adrian Rodriguez,ESP,GK,Alavés,23,2000,2,1,122,1.4,0,0,0,0,0,0,1,0,0.0,0.0,0.0,0.0,0,0,0,0.0,0.0,0.0,0.0,0.0,0.0,0.0,0.0,0.0,0.0
Álvaro Rodríguez,URU,FW,Getafe,20,2004,22,7,852,9.5,2,0,2,2,0,0,6,0,1.2,1.2,0.3,1.5,6,13,50,0.21,0.0,0.21,0.21,0.21,0.13,0.03,0.16,0.13,0.16
Óscar Rodríguez Arnaiz,ESP,"MF,FW",Leganés,26,1998,29,12,1330,14.8,1,4,5,1,0,0,6,1,2.1,2.1,2.2,4.3,24,60,66,0.07,0.27,0.34,0.07,0.34,0.14,0.15,0.29,0.14,0.29
Arturo Rodríguez,ESP,FW,Las Palmas,17,2006,1,0,21,0.2,0,0,0,0,0,0,0,0,0.0,0.0,0.0,0.0,1,0,2,0.0,0.0,0.0,0.0,0.0,0.0,0.0,0.0,0.0,0.0
Damián Rodríguez,ESP,MF,Celta Vigo,21,2003,17,10,927,10.3,0,0,0,0,0,0,3,0,0.1,0.1,0.8,0.9,8,71,12,0.0,0.0,0.0,0.0,0.0,0.01,0.08,0.09,0.01,0.09
Dani Rodríguez,ESP,"MF,FW",Mallorca,36,1988,37,26,2162,24.0,4,7,11,4,0,0,5,0,2.8,2.8,3.1,6.0,37,78,108,0.17,0.29,0.46,0.17,0.46,0.12,0.13,0.25,0.12,0.25
Daniel Rodriguez,ESP,FW,Barcelona,18,2005,1,1,37,0.4,0,0,0,0,0,0,0,0,0.0,0.0,0.0,0.0,4,2,9,0.0,0.0,0.0,0.0,0.0,0.06,0.0,0.06,0.06,0.06
James Rodríguez,COL,"MF,FW",Rayo Vallecano,33,1991,6,1,140,1.6,0,0,0,0,0,0,1,0,0.3,0.3,0.2,0.5,3,13,7,0.0,0.0,0.0,0.0,0.0,0.19,0.11,0.29,0.19,0.29
Javi Rodríguez,ESP,DF,Celta Vigo,21,2003,36,26,2514,27.9,3,2,5,3,0,0,7,0,2.3,2.3,1.0,3.3,29,114,51,0.11,0.07,0.18,0.11,0.18,0.08,0.04,0.12,0.08,0.12
Jesus Rodríguez,ESP,FW,Betis,18,2005,21,15,1111,12.3,2,0,2,2,0,0,0,0,2.3,2.3,0.2,2.5,53,35,99,0.16,0.0,0.16,0.16,0.16,0.18,0.02,0.2,0.18,0.2
Kirian Rodríguez,ESP,MF,Las Palmas,28,1996,21,21,1758,19.5,0,3,3,0,0,0,2,0,1.6,1.6,1.5,3.0,25,128,39,0.0,0.15,0.15,0.0,0.15,0.08,0.07,0.16,0.08,0.16
Ricardo Rodríguez,SUI,DF,Betis,31,1992,18,15,1274,14.2,0,1,1,0,0,0,0,0,0.2,0.2,0.4,0.6,19,63,32,0.0,0.07,0.07,0.0,0.07,0.01,0.03,0.04,0.01,0.04
Rodrygo,BRA,"FW,MF",Real Madrid,23,2001,30,22,1928,21.4,6,5,11,6,0,0,0,0,4.0,3.9,3.0,6.9,113,108,253,0.28,0.23,0.51,0.28,0.51,0.19,0.14,0.33,0.18,0.32
Leo Román,ESP,GK,Mallorca,24,2000,7,7,630,7.0,0,0,0,0,0,0,0,0,0.0,0.0,0.0,0.0,0,0,0,0.0,0.0,0.0,0.0,0.0,0.0,0.0,0.0,0.0,0.0
Carlos Romero,ESP,DF,Espanyol,22,2001,34,28,2554,28.4,2,1,3,2,0,0,7,0,2.0,2.0,2.1,4.2,50,64,113,0.07,0.04,0.11,0.07,0.11,0.07,0.07,0.15,0.07,0.15
Isaac Romero,ESP,FW,Sevilla,24,2000,31,26,2156,24.0,4,2,6,4,0,1,10,1,6.8,6.0,2.1,8.1,21,29,95,0.17,0.08,0.25,0.17,0.25,0.28,0.09,0.37,0.25,0.34
Luka Romero,ARG,"FW,MF",Alavés,19,2004,6,2,199,2.2,0,0,0,0,0,1,0,0,0.8,0.0,0.2,0.2,3,0,12,0.0,0.0,0.0,0.0,0.0,0.37,0.08,0.45,0.01,0.09
Oriol Romeu,ESP,MF,Girona,32,1991,25,17,1356,15.1,0,0,0,0,0,0,5,0,0.1,0.1,0.3,0.4,22,73,8,0.0,0.0,0.0,0.0,0.0,0.01,0.02,0.03,0.01,0.03
Vitor Roque,BRA,FW,Betis,19,2005,22,14,1235,13.7,4,0,4,4,0,0,4,0,6.1,6.1,1.2,7.3,24,17,57,0.29,0.0,0.29,0.29,0.29,0.44,0.09,0.53,0.44,0.53
Valentin Rosier,FRA,DF,Leganés,27,1996,32,28,2595,28.8,1,2,3,1,0,0,8,0,0.9,0.9,1.1,2.0,41,74,89,0.03,0.07,0.1,0.03,0.1,0.03,0.04,0.07,0.03,0.07
Antonio Rüdiger,GER,DF,Real Madrid,31,1993,29,26,2291,25.5,0,0,0,0,0,0,3,0,1.7,1.7,0.5,2.3,20,94,4,0.0,0.0,0.0,0.0,0.0,0.07,0.02,0.09,0.07,0.09
Aitor Ruibal,ESP,"DF,FW",Betis,28,1996,29,13,1313,14.6,1,3,4,1,0,0,5,0,0.9,0.9,2.4,3.3,21,50,64,0.07,0.21,0.27,0.07,0.27,0.06,0.17,0.23,0.06,0.23
Abel Ruiz,ESP,FW,Girona,24,2000,23,17,1346,15.0,4,0,4,3,1,2,3,0,4.6,3.0,0.5,3.5,21,23,71,0.27,0.0,0.27,0.2,0.2,0.31,0.03,0.34,0.2,0.23
Ferrán Ruiz,ESP,MF,Girona,21,2003,1,0,18,0.2,0,0,0,0,0,0,0,0,0.0,0.0,0.0,0.0,0,1,0,0.0,0.0,0.0,0.0,0.0,0.0,0.0,0.0,0.0,0.0
Youssouf Sabaly,SEN,DF,Betis,31,1993,22,20,1581,17.6,0,1,1,0,0,0,1,0,0.2,0.2,0.8,1.0,25,62,63,0.0,0.06,0.06,0.0,0.06,0.01,0.05,0.06,0.01,0.06
Umar Sadiq,NGA,FW,Valencia,27,1997,16,9,825,9.2,5,0,5,5,0,0,4,0,3.4,3.4,0.7,4.1,9,7,49,0.55,0.0,0.55,0.55,0.55,0.37,0.08,0.45,0.37,0.45
Umar Sadiq,NGA,FW,Real Sociedad,27,1997,7,2,227,2.5,0,0,0,0,0,0,1,0,0.2,0.2,0.2,0.4,5,5,18,0.0,0.0,0.0,0.0,0.0,0.09,0.06,0.15,0.09,0.15
Jorge Sáenz,ESP,DF,Leganés,27,1996,23,19,1690,18.8,1,0,1,1,0,0,4,1,1.3,1.3,0.1,1.4,5,36,2,0.05,0.0,0.05,0.05,0.05,0.07,0.01,0.07,0.07,0.07
Jan Salas,ESP,"MF,FW",Mallorca,18,2005,4,0,43,0.5,0,0,0,0,0,0,0,0,0.1,0.1,0.0,0.1,1,4,4,0.0,0.0,0.0,0.0,0.0,0.12,0.0,0.12,0.12,0.12
Kike Salas,ESP,DF,Sevilla,22,2002,31,25,2238,24.9,3,2,5,3,0,0,6,0,1.9,1.9,0.6,2.5,7,59,18,0.12,0.08,0.2,0.12,0.2,0.08,0.02,0.1,0.08,0.1
Albert Sambi Lokonga,BEL,MF,Sevilla,24,1999,22,16,1471,16.3,0,2,2,0,0,0,4,0,0.9,0.9,1.0,1.9,24,93,20,0.0,0.12,0.12,0.0,0.12,0.06,0.06,0.12,0.06,0.12
Chuky san jose,ESP,MF,Valladolid,20,2004,18,9,728,8.1,2,0,2,2,0,0,1,0,2.2,2.2,1.2,3.4,6,15,27,0.25,0.0,0.25,0.25,0.25,0.28,0.15,0.42,0.28,0.42
Oihan Sancet,ESP,MF,Athletic Club,24,2000,29,19,1620,18.0,15,1,16,12,3,3,2,0,9.7,7.3,1.9,9.2,52,90,115,0.83,0.06,0.89,0.67,0.72,0.54,0.1,0.64,0.4,0.51
Antonio Sánchez,ESP,"MF,DF",Mallorca,27,1997,33,12,1395,15.5,0,0,0,0,0,0,3,0,1.1,1.1,0.6,1.7,18,38,53,0.0,0.0,0.0,0.0,0.0,0.07,0.04,0.11,0.07,0.11
Iván Sánchez,ESP,"MF,FW",Valladolid,31,1992,32,11,1404,15.6,2,1,3,2,0,0,4,0,0.7,0.7,2.9,3.5,60,77,93,0.13,0.06,0.19,0.13,0.19,0.04,0.19,0.23,0.04,0.23
Javi Sánchez,ESP,DF,Valladolid,27,1997,25,25,2026,22.5,2,0,2,2,0,0,6,0,0.5,0.5,0.3,0.8,4,34,4,0.09,0.0,0.09,0.09,0.09,0.02,0.01,0.03,0.02,0.03
Juanlu Sánchez,ESP,"MF,DF",Sevilla,20,2003,32,18,1722,19.1,4,4,8,4,0,0,6,1,2.1,2.1,2.8,5.0,44,68,83,0.21,0.21,0.42,0.21,0.42,0.11,0.15,0.26,0.11,0.26
Manu Sánchez,ESP,DF,Alavés,23,2000,33,30,2634,29.3,1,0,1,1,0,0,6,1,1.7,1.7,1.2,2.9,47,78,97,0.03,0.0,0.03,0.03,0.03,0.06,0.04,0.1,0.06,0.1
Maroan Sannadi,MAR,FW,Athletic Club,23,2001,16,7,754,8.4,1,1,2,1,0,0,0,0,3.5,3.5,0.6,4.1,21,15,67,0.12,0.12,0.24,0.12,0.24,0.41,0.07,0.48,0.41,0.48
Yellu Santiago,ESP,MF,Getafe,20,2004,19,4,372,4.1,0,0,0,0,0,0,5,0,0.0,0.0,0.0,0.0,4,16,4,0.0,0.0,0.0,0.0,0.0,0.01,0.0,0.01,0.01,0.01
Aleksandar Sedlar,SRB,DF,Alavés,32,1991,9,7,594,6.6,0,0,0,0,0,0,1,1,0.0,0.0,0.0,0.0,2,12,1,0.0,0.0,0.0,0.0,0.0,0.0,0.0,0.0,0.0,0.0
Sergi,ESP,DF,Leganés,32,1992,36,33,2957,32.9,2,0,2,2,0,0,2,1,1.5,1.5,0.4,1.9,3,77,2,0.06,0.0,0.06,0.06,0.06,0.05,0.01,0.06,0.05,0.06
Nicolás Serrano,ESP,FW,Athletic Club,21,2003,4,1,112,1.2,0,0,0,0,0,0,0,0,0.2,0.2,0.0,0.2,2,4,18,0.0,0.0,0.0,0.0,0.0,0.13,0.02,0.15,0.13,0.15
Fábio Silva,POR,FW,Las Palmas,22,2002,24,22,1866,20.7,10,3,13,8,2,3,7,0,8.8,6.4,2.0,8.4,30,26,119,0.48,0.14,0.63,0.39,0.53,0.42,0.1,0.52,0.31,0.41
Rui Silva,POR,GK,Betis,30,1994,15,15,1350,15.0,0,0,0,0,0,0,1,0,0.0,0.0,0.1,0.1,0,0,0,0.0,0.0,0.0,0.0,0.0,0.0,0.01,0.01,0.0,0.01
Giuliano Simeone,ARG,MF,Atlético Madrid,21,2002,33,26,1926,21.4,2,6,8,2,0,0,4,0,2.2,2.2,5.2,7.4,69,49,189,0.09,0.28,0.37,0.09,0.37,0.1,0.24,0.35,0.1,0.35
Unai Simón,ESP,GK,Athletic Club,27,1997,21,21,1890,21.0,0,0,0,0,0,0,0,0,0.0,0.0,0.0,0.0,0,0,0,0.0,0.0,0.0,0.0,0.0,0.0,0.0,0.0,0.0,0.0
Daley Sinkgraven,NED,DF,Las Palmas,29,1995,2,1,91,1.0,0,0,0,0,0,0,0,0,0.0,0.0,0.0,0.0,2,3,7,0.0,0.0,0.0,0.0,0.0,0.0,0.02,0.02,0.0,0.02
Jailson Siqueira,BRA,"DF,MF",Celta Vigo,28,1995,13,6,614,6.8,0,0,0,0,0,0,2,0,0.1,0.1,0.0,0.2,10,43,3,0.0,0.0,0.0,0.0,0.0,0.02,0.0,0.02,0.02,0.02
Antonio Sivera,ESP,GK,Alavés,27,1996,32,32,2810,31.2,0,0,0,0,0,0,6,1,0.0,0.0,0.1,0.1,0,1,0,0.0,0.0,0.0,0.0,0.0,0.0,0.0,0.0,0.0,0.0
Justin Smith,CAN,MF,Espanyol,21,2003,5,3,209,2.3,0,0,0,0,0,0,0,0,0.0,0.0,0.0,0.0,4,6,7,0.0,0.0,0.0,0.0,0.0,0.0,0.02,0.02,0.0,0.02
Alex Sola,ESP,"MF,FW",Getafe,25,1999,19,13,1029,11.4,0,1,1,0,0,0,4,0,1.0,1.0,0.7,1.6,24,23,61,0.0,0.09,0.09,0.0,0.09,0.08,0.06,0.14,0.08,0.14
Arnau Solà,ESP,MF,Villarreal,21,2003,1,0,13,0.1,0,0,0,0,0,0,0,0,0.0,0.0,0.0,0.0,0,0,0,0.0,0.0,0.0,0.0,0.0,0.0,0.0,0.0,0.0,0.0
Jhon Solis,COL,MF,Girona,19,2004,19,3,535,5.9,1,0,1,1,0,0,3,0,0.7,0.7,0.1,0.7,9,29,15,0.17,0.0,0.17,0.17,0.17,0.11,0.01,0.12,0.11,0.12
David Soria,ESP,GK,Getafe,31,1993,38,38,3420,38.0,0,0,0,0,0,0,2,0,0.0,0.0,0.0,0.0,0,1,0,0.0,0.0,0.0,0.0,0.0,0.0,0.0,0.0,0.0,0.0
Juan Soriano,ESP,GK,Leganés,26,1997,6,6,540,6.0,0,0,0,0,0,0,1,1,0.0,0.0,0.0,0.0,0,0,0,0.0,0.0,0.0,0.0,0.0,0.0,0.0,0.0,0.0,0.0
Hugo Sotelo,ESP,MF,Celta Vigo,20,2003,24,15,1254,13.9,0,0,0,0,0,0,5,0,0.2,0.2,1.7,1.8,21,83,38,0.0,0.0,0.0,0.0,0.0,0.01,0.12,0.13,0.01,0.13
Djibril Sow,SUI,MF,Sevilla,27,1997,30,24,2062,22.9,2,1,3,2,0,0,5,0,2.4,2.4,1.6,4.0,23,100,50,0.09,0.04,0.13,0.09,0.13,0.1,0.07,0.18,0.1,0.18
Carl Starfelt,SWE,DF,Celta Vigo,29,1995,28,26,2270,25.2,1,0,1,1,0,0,5,0,0.5,0.5,0.2,0.7,11,66,1,0.04,0.0,0.04,0.04,0.04,0.02,0.01,0.03,0.02,0.03
Orri Steinn Óskarsson,ISL,FW,Real Sociedad,19,2004,23,9,944,10.5,3,0,3,3,0,0,1,0,5.2,5.2,0.2,5.4,6,9,50,0.29,0.0,0.29,0.29,0.29,0.5,0.02,0.52,0.5,0.52
Stoichkov,ESP,"MF,FW",Alavés,30,1993,16,6,699,7.8,0,1,1,0,0,0,1,0,1.1,1.1,1.2,2.3,9,26,41,0.0,0.13,0.13,0.0,0.13,0.14,0.15,0.3,0.14,0.3
Cristhian Stuani,URU,FW,Girona,37,1986,32,6,1078,12.0,11,2,13,8,3,3,4,0,8.1,5.8,0.6,6.5,2,10,36,0.92,0.17,1.09,0.67,0.83,0.68,0.05,0.73,0.49,0.54
Álex Suárez,ESP,DF,Las Palmas,31,1993,30,30,2460,27.3,0,0,0,0,0,0,12,0,0.5,0.5,0.1,0.6,6,53,3,0.0,0.0,0.0,0.0,0.0,0.02,0.0,0.02,0.02,0.02
Denis Suárez,ESP,MF,Villarreal,30,1994,21,7,608,6.8,1,1,2,1,0,0,0,0,0.9,0.9,1.5,2.4,27,35,24,0.15,0.15,0.3,0.15,0.3,0.14,0.22,0.36,0.14,0.36
Luka Sučić,CRO,MF,Real Sociedad,21,2002,29,21,1792,19.9,1,1,2,1,0,0,4,0,3.3,3.3,2.6,5.9,30,79,56,0.05,0.05,0.1,0.05,0.1,0.17,0.13,0.3,0.17,0.3
Suso,ESP,"FW,MF",Sevilla,30,1993,16,4,606,6.7,0,2,2,0,0,0,3,0,0.7,0.7,1.6,2.3,20,43,74,0.0,0.3,0.3,0.0,0.3,0.11,0.24,0.35,0.11,0.35
Williot Swedberg,SWE,"FW,MF",Celta Vigo,20,2004,32,15,1348,15.0,4,5,9,4,0,0,1,0,5.2,5.2,2.6,7.9,34,28,116,0.27,0.33,0.6,0.27,0.6,0.35,0.17,0.52,0.35,0.52
Mamadou Sylla,SEN,"FW,MF",Valladolid,30,1994,29,17,1583,17.6,5,1,6,1,4,4,5,0,5.1,2.0,1.7,3.6,15,22,52,0.28,0.06,0.34,0.06,0.11,0.29,0.09,0.39,0.11,0.21
Wojciech Szczęsny,POL,GK,Barcelona,34,1990,15,15,1350,15.0,0,0,0,0,0,0,0,0,0.0,0.0,0.0,0.0,0,0,0,0.0,0.0,0.0,0.0,0.0,0.0,0.0,0.0,0.0,0.0
Alexander Sørloth,NOR,FW,Atlético Madrid,28,1995,35,15,1566,17.4,20,2,22,19,1,1,4,0,16.8,16.0,1.6,17.6,32,31,81,1.15,0.11,1.26,1.09,1.21,0.97,0.09,1.06,0.92,1.01
Renato Tapia,PER,"MF,DF",Leganés,29,1995,34,28,2424,26.9,1,0,1,1,0,0,8,0,0.6,0.6,0.4,1.0,17,83,20,0.04,0.0,0.04,0.04,0.04,0.02,0.01,0.04,0.02,0.04
César Tárrega,ESP,DF,Valencia,22,2002,34,34,3026,33.6,2,0,2,2,0,0,7,0,2.0,2.0,0.1,2.1,20,79,1,0.06,0.0,0.06,0.06,0.06,0.06,0.0,0.06,0.06,0.06
Aurélien Tchouaméni,FRA,"DF,MF",Real Madrid,24,2000,32,31,2689,29.9,0,0,0,0,0,0,5,0,1.7,1.7,0.6,2.2,19,154,13,0.0,0.0,0.0,0.0,0.0,0.06,0.02,0.07,0.06,0.07
Álvaro Tejero,ESP,"MF,DF",Espanyol,28,1996,28,13,1238,13.8,1,4,5,1,0,0,2,0,0.6,0.6,2.9,3.5,27,46,72,0.07,0.29,0.36,0.07,0.36,0.04,0.21,0.26,0.04,0.26
Martín Tejón,ESP,"MF,DF",Valencia,20,2004,4,0,49,0.5,0,0,0,0,0,0,0,0,0.1,0.1,0.0,0.1,0,4,6,0.0,0.0,0.0,0.0,0.0,0.16,0.05,0.21,0.16,0.21
Nahuel Tenaglia,ARG,DF,Alavés,28,1996,34,33,2922,32.5,2,1,3,2,0,0,11,0,2.2,2.2,1.6,3.7,42,103,98,0.06,0.03,0.09,0.06,0.09,0.07,0.05,0.12,0.07,0.12
Marc-André ter Stegen,GER,GK,Barcelona,32,1992,8,8,674,7.5,0,0,0,0,0,0,0,0,0.0,0.0,0.0,0.0,0,2,0,0.0,0.0,0.0,0.0,0.0,0.0,0.0,0.0,0.0,0.0
Ramón Terrats,ESP,"MF,FW",Villarreal,23,2000,11,1,131,1.5,0,0,0,0,0,0,1,0,0.1,0.1,0.3,0.3,1,7,3,0.0,0.0,0.0,0.0,0.0,0.04,0.19,0.22,0.04,0.22
Ramón Terrats,ESP,"MF,FW",Getafe,23,2000,15,15,1219,13.5,4,1,5,4,0,0,1,0,2.2,2.2,2.5,4.7,8,36,37,0.3,0.07,0.37,0.3,0.37,0.16,0.19,0.35,0.16,0.35
Raúl de Tomás,ESP,"DF,FW",Rayo Vallecano,29,1994,2,0,22,0.2,0,0,0,0,0,0,0,0,0.0,0.0,0.0,0.0,0,0,2,0.0,0.0,0.0,0.0,0.0,0.0,0.0,0.0,0.0,0.0
Pablo Torre,ESP,"MF,FW",Barcelona,21,2003,10,4,310,3.4,3,1,4,3,0,0,0,0,0.4,0.4,0.8,1.1,5,17,20,0.87,0.29,1.16,0.87,1.16,0.11,0.23,0.33,0.11,0.33
David Torres,ESP,DF,Valladolid,21,2003,18,15,1387,15.4,0,0,0,0,0,0,5,0,0.3,0.3,0.0,0.3,11,37,3,0.0,0.0,0.0,0.0,0.0,0.02,0.0,0.02,0.02,0.02
Ferrán Torres,ESP,"FW,MF",Barcelona,24,2000,27,12,1106,12.3,10,6,16,10,0,0,1,1,8.0,8.0,3.1,11.0,23,35,98,0.81,0.49,1.3,0.81,1.3,0.65,0.25,0.9,0.65,0.9
Lucas Torró,ESP,MF,Osasuna,30,1994,35,35,2957,32.9,3,0,3,3,0,0,10,0,2.3,2.3,1.2,3.5,10,109,30,0.09,0.0,0.09,0.09,0.09,0.07,0.04,0.11,0.07,0.11
Hamari Traoré,MLI,DF,Real Sociedad,32,1992,11,9,700,7.8,0,1,1,0,0,0,2,0,0.0,0.0,0.3,0.3,12,26,20,0.0,0.13,0.13,0.0,0.13,0.01,0.04,0.04,0.01,0.04
Óscar Trejo,ARG,MF,Rayo Vallecano,36,1988,19,6,496,5.5,1,0,1,1,0,0,1,0,0.6,0.6,1.0,1.6,15,37,28,0.18,0.0,0.18,0.18,0.18,0.11,0.18,0.28,0.11,0.28
Viktor Tsyhankov,UKR,"FW,MF",Girona,26,1997,27,23,1913,21.3,2,5,7,2,0,0,1,0,2.8,2.8,3.9,6.7,62,65,195,0.09,0.24,0.33,0.09,0.33,0.13,0.18,0.31,0.13,0.31
Beñat Turrientes,ESP,MF,Real Sociedad,22,2002,21,11,942,10.5,0,0,0,0,0,0,4,0,0.6,0.6,0.2,0.7,18,42,28,0.0,0.0,0.0,0.0,0.0,0.05,0.01,0.07,0.05,0.07
Christantus Uche,NGA,"FW,MF",Getafe,21,2003,33,30,2486,27.6,4,6,10,4,0,0,8,2,3.8,3.8,2.9,6.7,43,49,148,0.14,0.22,0.36,0.14,0.36,0.14,0.1,0.24,0.14,0.24
Naci Ünüvar,NED,"MF,DF",Espanyol,21,2003,2,0,31,0.3,0,0,0,0,0,0,0,0,0.0,0.0,0.0,0.1,1,1,4,0.0,0.0,0.0,0.0,0.0,0.14,0.09,0.23,0.14,0.23
Óscar Valentín,ESP,MF,Rayo Vallecano,29,1994,34,18,1835,20.4,0,0,0,0,0,0,5,0,0.4,0.4,0.9,1.3,13,86,8,0.0,0.0,0.0,0.0,0.0,0.02,0.04,0.06,0.02,0.06
Germán Valera,ESP,MF,Valencia,22,2002,8,1,148,1.6,0,0,0,0,0,0,0,0,0.1,0.1,0.0,0.2,1,2,10,0.0,0.0,0.0,0.0,0.0,0.08,0.01,0.09,0.08,0.09
Martin Valjent,SVK,DF,Mallorca,28,1995,31,31,2763,30.7,3,0,3,3,0,0,4,0,0.8,0.8,0.1,0.9,23,91,17,0.1,0.0,0.1,0.1,0.1,0.03,0.0,0.03,0.03,0.03
Jesús Vallejo,ESP,DF,Real Madrid,27,1997,4,1,138,1.5,0,1,1,0,0,0,0,0,0.0,0.0,0.1,0.1,0,5,1,0.0,0.65,0.65,0.0,0.65,0.0,0.08,0.08,0.0,0.08
Federico Valverde,URU,"MF,DF",Real Madrid,26,1998,36,34,3032,33.7,6,4,10,6,0,0,4,0,2.7,2.7,3.1,5.8,66,226,76,0.18,0.12,0.3,0.18,0.3,0.08,0.09,0.17,0.08,0.17
Siebe Van Der Heyden,BEL,"DF,MF",Mallorca,26,1998,2,1,97,1.1,0,0,0,0,0,0,0,0,0.0,0.0,0.1,0.1,1,5,1,0.0,0.0,0.0,0.0,0.0,0.03,0.07,0.1,0.03,0.1
Ruben Vargas,SUI,"FW,MF",Sevilla,25,1998,11,9,671,7.5,2,1,3,2,0,0,0,0,2.0,2.0,0.8,2.7,29,14,63,0.27,0.13,0.4,0.27,0.4,0.26,0.1,0.37,0.26,0.37
José Luis García Vayá,ESP,MF,Valencia,25,1998,34,18,1742,19.4,2,2,4,0,2,2,8,1,2.1,0.5,2.1,2.7,13,142,19,0.1,0.1,0.21,0.0,0.1,0.11,0.11,0.22,0.03,0.14
Jesus Vazquez,ESP,DF,Valencia,21,2003,19,10,919,10.2,0,0,0,0,0,0,3,0,0.1,0.1,0.6,0.8,32,21,48,0.0,0.0,0.0,0.0,0.0,0.01,0.06,0.08,0.01,0.08
Lucas Vázquez,ESP,DF,Real Madrid,33,1991,32,25,2189,24.3,1,5,6,1,0,0,4,0,1.4,1.4,4.7,6.1,37,99,194,0.04,0.21,0.25,0.04,0.25,0.06,0.19,0.25,0.06,0.25
Alejo Véliz,ARG,FW,Espanyol,20,2003,27,10,1127,12.5,1,0,1,1,0,0,3,0,2.3,2.3,0.6,2.8,2,8,27,0.08,0.0,0.08,0.08,0.08,0.18,0.04,0.22,0.18,0.22
Mikel Vesga,ESP,MF,Athletic Club,31,1993,25,10,988,11.0,0,0,0,0,0,1,1,0,1.2,0.4,1.0,1.4,10,64,22,0.0,0.0,0.0,0.0,0.0,0.11,0.09,0.2,0.04,0.13
Carlos Vicente,ESP,"FW,MF",Alavés,25,1999,37,35,3092,34.4,5,5,10,4,1,1,3,0,3.5,2.7,5.4,8.1,104,68,226,0.15,0.15,0.29,0.12,0.26,0.1,0.16,0.26,0.08,0.24
Pau Victor,ESP,FW,Barcelona,22,2001,21,2,319,3.5,2,1,3,2,0,0,2,0,3.0,3.0,0.9,3.9,6,11,28,0.56,0.28,0.85,0.56,0.85,0.85,0.24,1.09,0.85,1.09
Nacho Vidal,ESP,DF,Osasuna,29,1995,5,1,124,1.4,0,0,0,0,0,0,0,0,0.0,0.0,0.0,0.0,3,1,5,0.0,0.0,0.0,0.0,0.0,0.0,0.0,0.0,0.0,0.0
Fran Vieites,ESP,GK,Betis,25,1999,4,4,360,4.0,0,0,0,0,0,0,0,0,0.0,0.0,0.0,0.0,0,0,0,0.0,0.0,0.0,0.0,0.0,0.01,0.0,0.01,0.01,0.01
Sergio Viera,ESP,MF,Las Palmas,19,2005,2,1,96,1.1,0,0,0,0,0,0,1,0,0.0,0.0,0.0,0.0,0,2,2,0.0,0.0,0.0,0.0,0.0,0.02,0.0,0.02,0.02,0.02
Asier Villalibre,ESP,FW,Alavés,26,1997,16,2,333,3.7,1,1,2,0,1,1,2,0,1.6,0.8,1.0,1.8,4,7,18,0.27,0.27,0.54,0.0,0.27,0.43,0.27,0.69,0.21,0.48
Iván Villar,ESP,GK,Celta Vigo,27,1997,4,4,360,4.0,0,0,0,0,0,0,0,0,0.0,0.0,0.0,0.0,0,0,0,0.0,0.0,0.0,0.0,0.0,0.0,0.0,0.0,0.0,0.0
Viti,ESP,DF,Las Palmas,26,1997,29,23,1982,22.0,0,2,2,0,0,0,5,0,0.1,0.1,1.4,1.4,43,44,65,0.0,0.09,0.09,0.0,0.09,0.0,0.06,0.06,0.0,0.06
Daniel Vivian,ESP,DF,Athletic Club,25,1999,32,28,2608,29.0,4,0,4,4,0,0,3,0,1.9,1.9,0.4,2.3,36,185,6,0.14,0.0,0.14,0.14,0.14,0.07,0.01,0.08,0.07,0.08
Iñaki Williams,GHA,FW,Athletic Club,30,1994,35,29,2652,29.5,6,8,14,6,0,0,1,0,7.6,7.6,7.8,15.4,107,76,302,0.2,0.27,0.48,0.2,0.48,0.26,0.27,0.52,0.26,0.52
Nico Williams,ESP,FW,Athletic Club,22,2002,29,22,1996,22.2,5,5,10,5,0,0,1,0,4.2,4.2,3.5,7.7,118,69,254,0.23,0.23,0.45,0.23,0.45,0.19,0.16,0.35,0.19,0.35
Axel Witsel,BEL,DF,Atlético Madrid,35,1989,14,9,852,9.5,0,1,1,0,0,0,1,0,0.0,0.0,0.5,0.6,2,21,1,0.0,0.11,0.11,0.0,0.11,0.0,0.06,0.06,0.0,0.06
Lamine Yamal,ESP,FW,Barcelona,17,2007,35,31,2856,31.7,9,13,22,9,0,0,3,0,9.8,9.8,13.9,23.8,181,160,433,0.28,0.41,0.69,0.28,0.69,0.31,0.44,0.75,0.31,0.75
Daniel Yáñez,ESP,FW,Real Madrid,17,2007,1,0,2,0.0,0,0,0,0,0,0,0,0,0.0,0.0,0.0,0.0,0,0,0,0.0,0.0,0.0,0.0,0.0,0.0,0.0,0.0,0.0,0.0
Bertuğ Yıldırım,TUR,FW,Getafe,22,2002,22,14,1083,12.0,1,0,1,1,0,0,7,0,2.5,2.5,1.2,3.7,8,14,48,0.08,0.0,0.08,0.08,0.08,0.21,0.1,0.31,0.21,0.31
Arsen Zakharyan,RUS,"MF,FW",Real Sociedad,21,2003,3,1,73,0.8,1,0,1,1,0,0,0,0,0.2,0.2,0.1,0.3,0,3,4,1.23,0.0,1.23,1.23,1.23,0.24,0.12,0.36,0.24,0.36
Bryan Zaragoza,ESP,"FW,MF",Osasuna,22,2001,27,22,1836,20.4,1,6,7,1,0,0,4,0,2.7,2.7,3.2,5.9,105,50,140,0.05,0.29,0.34,0.05,0.34,0.13,0.16,0.29,0.13,0.29
Igor Zubeldia,ESP,DF,Real Sociedad,27,1997,28,27,2269,25.2,0,0,0,0,0,0,6,1,0.6,0.6,0.4,1.1,22,101,3,0.0,0.0,0.0,0.0,0.0,0.02,0.02,0.04,0.02,0.04
Martín Zubimendi,ESP,MF,Real Sociedad,25,1999,36,33,2962,32.9,2,1,3,2,0,0,6,0,2.6,2.6,1.1,3.7,38,195,43,0.06,0.03,0.09,0.06,0.09,0.08,0.03,0.11,0.08,0.11
