Unnamed: 0_level_0_Rk,Unnamed: 1_level_0_Player,Unnamed: 2_level_0_Nation,Unnamed: 3_level_0_Pos,Unnamed: 4_level_0_Squad,Unnamed: 5_level_0_Age,Unnamed: 6_level_0_Born,Unnamed: 7_level_0_90s,Tackles_Tkl,Tackles_TklW,Tackles_Def 3rd,Tackles_Mid 3rd,Tackles_Att 3rd,Challenges_Tkl,Challenges_Att,Challenges_Tkl%,Challenges_Lost,Blocks_Blocks,Blocks_Sh,Blocks_Pass,Unnamed: 20_level_0_Int,Unnamed: 21_level_0_Tkl+Int,Unnamed: 22_level_0_Clr,Unnamed: 23_level_0_Err,Unnamed: 24_level_0_Matches
1,Patrick van Aanholt,nl NED,DF,PSV Eindhoven,32,1990,12.4,22,17,13,6,3,13,20,65.0,7,4,1,3,15,37,9,0,Matches
2,Paxten Aaronson,us USA,MF,Vitesse,19,2003,13.9,44,25,22,16,6,18,30,60.0,12,21,3,18,9,53,9,0,Matches
3,Jayden Addai,nl NED,FW,AZ Alkmaar,17,2005,3.3,9,7,6,1,2,6,11,54.5,5,3,0,3,0,9,2,0,Matches
4,Bobby Adekanye,nl NED,FW,Go Ahead Eag,24,1999,20.0,18,11,6,9,3,8,27,29.6,19,18,2,16,4,22,12,0,Matches
5,Shawn Adewoye,be BEL,DF,RKC Waalwijk,23,2000,26.0,36,24,23,9,4,22,33,66.7,11,57,36,21,32,68,169,1,Matches
6,Nikolas Agrafiotis,nl NED,FW,Excelsior,23,2000,8.4,12,7,2,6,4,4,8,50.0,4,3,1,2,1,13,13,0,Matches
7,Chuba Akpom,eng ENG,"FW,MF",Ajax,27,1995,11.7,15,8,2,10,3,4,8,50.0,4,9,0,9,3,18,13,0,Matches
8,Hamdi Akujobi,nl NED,"DF,FW",Almere City,23,2000,17.3,39,29,23,13,3,11,24,45.8,13,35,11,24,16,55,33,0,Matches
9,Hussein Ali,iq IRQ,"DF,FW",Heerenveen,21,2002,7.8,11,7,8,2,1,8,14,57.1,6,7,2,5,12,23,25,0,Matches
10,Jordi Altena,nl NED,MF,Vitesse,19,2003,0.1,0,0,0,0,0,0,0,,0,0,0,0,0,0,0,0,Matches
11,Ben Aissa Ben Amar,ma MAR,DF,Volendam,26,1997,25.2,30,19,21,9,0,18,39,46.2,21,39,31,8,24,54,93,1,Matches
12,Jaydon Amauri Banel,nl NED,"FW,MF",Ajax,18,2004,1.0,3,2,1,1,1,1,4,25.0,3,0,0,0,0,3,1,0,Matches
13,Pelle van Amersfoort,nl NED,FW,Heerenveen,27,1996,23.7,12,6,3,7,2,3,17,17.6,14,11,2,9,7,19,18,0,Matches
14,Jamal Amofa,nl NED,DF,Go Ahead Eag,24,1998,18.5,31,19,25,6,0,13,20,65.0,7,29,26,3,17,48,51,1,Matches
15,Silas Andersen,dk DEN,FW,Utrecht,19,2004,0.1,0,0,0,0,0,0,0,,0,0,0,0,0,0,0,0,Matches
16,Augustin Anello,it ITA,"FW,MF",Sparta R'dam,21,2002,2.5,4,3,2,1,1,2,10,20.0,8,2,0,2,0,4,0,0,Matches
17,Joey Antonioli,nl NED,MF,Volendam,19,2003,1.1,1,1,1,0,0,1,3,33.3,2,2,0,2,0,1,0,0,Matches
18,Carlens Arcus,ht HAI,DF,Vitesse,27,1996,24.2,60,39,37,16,7,33,62,53.2,29,22,3,19,47,107,60,1,Matches
19,D'Leanu Arts,nl NED,DF,NEC Nijmegen,20,2003,0.3,0,0,0,0,0,0,2,0.0,2,0,0,0,0,0,1,0,Matches
20,Gastón Ávila,ar ARG,DF,Ajax,21,2001,3.9,15,10,10,5,0,14,27,51.9,13,7,1,6,3,18,12,0,Matches
21,Marouan Azarkan,nl NED,FW,Utrecht,21,2001,8.8,17,12,8,5,4,11,25,44.0,14,21,0,21,6,23,9,0,Matches
22,Anouar El Azzouzi,nl NED,MF,Zwolle,22,2001,14.6,45,27,25,18,2,22,43,51.2,21,19,5,14,18,63,59,0,Matches
23,Julian Baas,nl NED,MF,Excelsior,21,2002,32.0,66,42,27,29,10,26,55,47.3,29,43,13,30,49,115,36,0,Matches
24,Youri Baas,nl NED,"DF,FW",NEC Nijmegen,20,2003,19.1,66,40,46,16,4,42,78,53.8,36,33,7,26,14,80,27,1,Matches
25,Isaac Babadi,nl NED,MF,PSV Eindhoven,18,2005,3.9,8,3,2,3,3,3,5,60.0,2,3,0,3,1,9,1,0,Matches
26,Mio Backhaus,de GER,GK,Volendam,19,2004,32.0,2,2,2,0,0,2,3,66.7,1,1,0,1,1,3,21,1,Matches
27,Thibo Baeten,be BEL,"FW,MF",Go Ahead Eag,21,2002,10.1,16,7,4,6,6,8,19,42.1,11,14,0,14,4,20,10,0,Matches
28,Saïd Bakari,km COM,DF,Sparta R'dam,28,1994,31.7,86,63,51,30,5,55,88,62.5,33,43,13,30,28,114,81,1,Matches
29,Johan Bakayoko,be BEL,FW,PSV Eindhoven,20,2003,27.7,33,23,13,10,10,8,22,36.4,14,27,1,26,9,42,4,0,Matches
30,Navajo Bakboord,nl NED,DF,Heracles Almelo,24,1999,18.7,43,29,30,13,0,23,49,46.9,26,33,9,24,17,60,49,1,Matches
31,Zakaria Bakkali,be BEL,"MF,FW",RKC Waalwijk,27,1996,8.0,16,9,10,3,3,6,12,50.0,6,6,0,6,2,18,2,0,Matches
32,Nordin Bakker,nl NED,GK,Almere City,25,1997,28.8,2,2,2,0,0,2,6,33.3,4,0,0,0,0,2,17,1,Matches
33,Jesse Bal,nl NED,MF,Sparta R'dam,16,2006,0.1,0,0,0,0,0,0,0,,0,0,0,0,0,0,0,0,Matches
34,Théo Barbet,fr FRA,DF,Almere City,22,2001,20.2,22,11,13,6,3,15,27,55.6,12,24,9,15,24,46,82,0,Matches
35,Vasilios Barkas,gr GRE,GK,Utrecht,29,1994,29.0,2,2,2,0,0,2,4,50.0,2,0,0,0,0,2,9,1,Matches
36,Riechedly Bazoer,cw CUW,DF,AZ Alkmaar,26,1996,27.0,19,16,15,3,1,9,13,69.2,4,18,14,4,21,40,49,4,Matches
37,Sven van Beek,nl NED,DF,Heerenveen,29,1994,29.1,56,35,39,13,4,38,46,82.6,8,39,15,24,52,108,136,1,Matches
38,Thomas Beelen,nl NED,DF,Feyenoord,22,2001,14.4,25,10,19,6,0,12,13,92.3,1,14,7,7,16,41,41,0,Matches
39,Kristijan Belic,rs SRB,MF,AZ Alkmaar,22,2001,10.2,41,28,17,22,2,18,34,52.9,16,30,5,25,18,59,16,0,Matches
40,Mouhamed Belkheir,fr FRA,"FW,MF",Fortuna Sittard,24,1999,4.7,4,2,1,2,1,3,6,50.0,3,3,0,3,0,4,2,0,Matches
41,Armel Bella Kotchap,de GER,DF,PSV Eindhoven,21,2001,1.8,1,0,0,0,1,0,2,0.0,2,1,0,1,2,3,5,0,Matches
42,Mimeirhel Benita,nl NED,DF,Excelsior,19,2003,10.5,26,17,19,4,3,14,20,70.0,6,15,5,10,17,43,33,1,Matches
43,Walter Benítez,ar ARG,GK,PSV Eindhoven,30,1993,32.9,0,0,0,0,0,0,3,0.0,3,0,0,0,0,0,6,5,Matches
44,Mitchell van Bergen,nl NED,FW,Twente,23,1999,5.8,6,5,3,0,3,3,8,37.5,5,9,1,8,4,10,7,0,Matches
45,Steven Berghuis,nl NED,"FW,MF",Ajax,31,1991,16.0,26,15,14,8,4,12,22,54.5,10,14,0,14,5,31,11,0,Matches
46,Steven Bergwijn,nl NED,"FW,MF",Ajax,25,1997,21.6,17,12,7,6,4,9,21,42.9,12,12,1,11,4,21,7,0,Matches
47,Gijs Besselink,nl NED,"FW,MF",Twente,19,2004,0.6,6,2,2,2,2,3,3,100.0,0,0,0,0,1,7,0,0,Matches
48,Justin Bijlow,nl NED,GK,Feyenoord,25,1998,16.2,0,0,0,0,0,0,2,0.0,2,0,0,0,0,0,8,4,Matches
49,Daan Bisschops,nl NED,FW,Fortuna Sittard,18,2005,0.0,0,0,0,0,0,0,0,,0,0,0,0,0,0,0,0,Matches
50,Adrian Blake,eng ENG,"FW,MF",Utrecht,18,2005,0.3,0,0,0,0,0,0,0,,0,0,0,0,0,0,0,0,Matches
51,Xander Blomme,be BEL,MF,Go Ahead Eag,21,2002,7.9,29,15,15,7,7,13,22,59.1,9,20,5,15,18,47,20,0,Matches
52,Myron Boadu,nl NED,"FW,MF",Twente,22,2001,3.3,1,1,0,1,0,0,2,0.0,2,3,0,3,0,1,2,0,Matches
53,Paweł Bochniewicz,pl POL,DF,Heerenveen,27,1996,25.7,27,14,19,7,1,16,29,55.2,13,42,33,9,25,52,116,1,Matches
54,Ruben van Bommel,nl NED,FW,AZ Alkmaar,18,2004,17.2,35,21,10,18,7,17,33,51.5,16,11,0,11,10,45,12,0,Matches
55,Taylor Booth,us USA,FW,Utrecht,22,2001,9.6,11,5,4,4,3,4,12,33.3,8,7,2,5,7,18,7,0,Matches
56,Zach Booth,us USA,"MF,FW",Volendam,19,2004,17.3,16,8,5,8,3,2,16,12.5,14,11,1,10,8,24,16,0,Matches
57,Yvandro Borges Sanches,lu LUX,"FW,MF",NEC Nijmegen,19,2004,2.4,2,1,0,0,2,0,4,0.0,4,5,0,5,0,2,1,0,Matches
58,Olivier Boscagli,fr FRA,DF,PSV Eindhoven,25,1997,31.5,41,26,23,13,5,23,39,59.0,16,32,16,16,66,107,119,3,Matches
59,Othman Boussaid,be BEL,FW,Utrecht,23,2000,21.9,20,12,9,9,2,13,40,32.5,27,19,1,18,19,39,9,1,Matches
60,Amine Boutrah,fr FRA,FW,Vitesse,22,2000,20.2,16,11,7,6,3,6,25,24.0,19,24,3,21,15,31,7,1,Matches
61,Can Bozdogan,de GER,MF,Utrecht,22,2001,21.8,55,36,17,32,6,30,58,51.7,28,28,6,22,25,80,34,0,Matches
62,Jayden Braaf,nl NED,"FW,MF",Fortuna Sittard,20,2002,0.5,0,0,0,0,0,0,1,0.0,1,1,0,1,0,0,1,0,Matches
63,Mattijs Branderhorst,nl NED,GK,Utrecht,29,1993,5.0,0,0,0,0,0,0,0,,0,0,0,0,0,0,3,1,Matches
64,Oliver Braude,no NOR,DF,Heerenveen,19,2004,23.5,78,52,44,28,6,39,62,62.9,23,47,10,37,18,96,70,1,Matches
65,Myron van Brederode,nl NED,FW,AZ Alkmaar,20,2003,14.6,29,19,9,13,7,14,34,41.2,20,18,1,17,9,38,5,0,Matches
66,Joshua Brenet,cw CUW,DF,Twente,29,1994,12.0,31,19,15,11,5,19,34,55.9,15,11,0,11,12,43,11,1,Matches
67,Jakob Breum,dk DEN,FW,Go Ahead Eag,19,2003,16.1,27,17,13,7,7,16,35,45.7,19,28,3,25,10,37,16,0,Matches
68,Brian Brobbey,nl NED,FW,Ajax,21,2002,26.7,7,4,0,2,5,2,4,50.0,2,16,1,15,0,7,25,0,Matches
69,Michael Brouwer,nl NED,GK,Heracles Almelo,30,1993,34.0,2,0,2,0,0,2,3,66.7,1,0,0,0,1,3,14,2,Matches
70,Luuk Brouwers,nl NED,MF,Heerenveen,25,1998,22.5,26,11,8,12,6,13,34,38.2,21,20,5,15,17,43,15,0,Matches
71,Damian van Bruggen,nl NED,DF,Almere City,27,1996,27.8,29,17,14,15,0,14,24,58.3,10,33,23,10,56,85,118,1,Matches
72,Jordy Bruijn,nl NED,MF,Heracles Almelo,27,1996,7.6,10,5,7,2,1,4,14,28.6,10,5,1,4,4,14,8,0,Matches
73,Jeffrey Bruma,nl NED,DF,RKC Waalwijk,31,1991,4.4,4,4,3,1,0,2,3,66.7,1,12,8,4,4,8,21,1,Matches
74,Max Bruns,nl NED,DF,Twente,20,2002,6.3,8,6,4,3,1,4,8,50.0,4,6,3,3,7,15,21,1,Matches
75,Thomas Bruns,nl NED,"MF,FW",Heracles Almelo,31,1992,12.0,24,16,11,10,3,13,25,52.0,12,13,2,11,6,30,9,0,Matches
76,Charles-Andréas Brym,ca CAN,"FW,MF",Sparta R'dam,24,1998,15.3,16,12,11,2,3,4,10,40.0,6,6,0,6,4,20,18,1,Matches
77,Thomas Buitink,nl NED,FW,Vitesse,23,2000,5.3,5,1,1,2,2,2,10,20.0,8,1,0,1,0,5,2,0,Matches
78,Stijn Bultman,nl NED,DF,Heracles Almelo,18,2005,12.4,29,22,18,10,1,14,20,70.0,6,24,9,15,17,46,62,0,Matches
79,Oskar Buur,dk DEN,DF,Volendam,25,1998,18.3,42,28,24,12,6,25,42,59.5,17,14,6,8,13,55,52,0,Matches
80,Zico Buurmeester,nl NED,MF,Zwolle,21,2002,15.1,23,15,13,9,1,11,25,44.0,14,15,6,9,25,48,29,0,Matches
81,Yoann Cathline,fr FRA,"DF,FW",Almere City,21,2002,19.1,28,23,10,9,9,11,22,50.0,11,14,0,14,9,37,8,0,Matches
82,Sava Cestic,rs SRB,DF,Heracles Almelo,22,2001,2.3,3,2,2,1,0,3,4,75.0,1,7,6,1,6,9,11,0,Matches
83,Tjaronn Chery,sr SUR,"MF,FW",NEC Nijmegen,35,1988,11.5,8,6,4,4,0,4,12,33.3,8,8,3,5,4,12,2,0,Matches
84,Jasper Cillessen,nl NED,GK,NEC Nijmegen,34,1989,29.3,0,0,0,0,0,0,4,0.0,4,1,0,1,0,0,7,2,Matches
85,Jordy Clasie,nl NED,MF,AZ Alkmaar,32,1991,27.4,63,32,24,34,5,28,54,51.9,26,22,4,18,43,106,35,0,Matches
86,Pelle Clement,nl NED,"MF,FW",Sparta R'dam,27,1996,21.1,35,17,16,14,5,18,46,39.1,28,29,12,17,18,53,46,0,Matches
87,Denilho Cleonise,nl NED,"FW,MF",RKC Waalwijk,21,2001,20.0,16,9,4,5,7,8,14,57.1,6,15,0,15,12,28,5,0,Matches
88,Iñigo Córdoba,es ESP,"FW,MF",Fortuna Sittard,26,1997,29.2,92,62,46,31,15,37,85,43.5,48,63,6,57,42,134,24,0,Matches
89,Enzo Cornelisse,nl NED,"DF,MF",Vitesse,20,2003,17.1,30,16,15,14,1,19,39,48.7,20,15,4,11,17,47,37,1,Matches
90,Milan Corryn,be BEL,"MF,FW",Almere City,24,1999,1.8,4,3,3,0,1,4,5,80.0,1,4,2,2,3,7,3,0,Matches
91,George Cox,eng ENG,"DF,MF",Volendam,25,1998,21.3,44,29,30,9,5,29,65,44.6,36,27,12,15,36,80,66,1,Matches
92,Vito van Crooij,nl NED,FW,Sparta R'dam,27,1996,2.9,3,1,3,0,0,3,4,75.0,1,3,1,2,2,5,5,0,Matches
93,Alessio da Cruz,cv CPV,"FW,MF",Fortuna Sittard,26,1997,4.5,3,3,2,1,0,0,1,0.0,1,2,0,2,1,4,1,0,Matches
94,Lennart-Marten Czyborra,de GER,DF,Zwolle,24,1999,1.7,1,0,1,0,0,0,3,0.0,3,0,0,0,1,2,3,0,Matches
95,Tiago Dantas,pt POR,MF,AZ Alkmaar,22,2000,7.7,14,8,4,6,4,7,16,43.8,9,5,3,2,3,17,5,0,Matches
96,Brian De Keersmaecker,be BEL,MF,Heracles Almelo,23,2000,32.8,83,57,56,21,6,42,92,45.7,50,69,26,43,48,131,64,1,Matches
97,Jeffrey De Lange,nl NED,GK,Go Ahead Eag,25,1998,34.0,0,0,0,0,0,0,0,,0,0,0,0,0,0,7,2,Matches
98,Mats Deijl,nl NED,DF,Go Ahead Eag,26,1997,30.9,54,40,21,27,6,31,56,55.4,25,25,7,18,18,72,105,0,Matches
99,Maxim Dekker,nl NED,DF,AZ Alkmaar,19,2004,0.9,4,2,2,2,0,4,4,100.0,0,0,0,0,3,7,4,0,Matches
100,Caner Demircioglu,nl NED,FW,Volendam,21,2002,0.1,0,0,0,0,0,0,0,,0,0,0,0,0,0,0,0,Matches
101,Thomas van den Belt,nl NED,MF,Feyenoord,22,2001,3.0,8,5,6,0,2,4,5,80.0,1,5,0,5,2,10,2,0,Matches
102,Branco van den Boomen,nl NED,MF,Ajax,28,1995,11.9,21,11,6,12,3,11,24,45.8,13,20,4,16,8,29,8,2,Matches
103,Damian van der Haar,nl NED,DF,Zwolle,19,2004,3.2,6,3,5,1,0,5,9,55.6,4,6,2,4,6,12,9,0,Matches
104,Mickey van der Hart,nl NED,GK,Heerenveen,29,1994,12.0,0,0,0,0,0,0,0,,0,0,0,0,1,1,4,0,Matches
105,Mike van der Hoorn,nl NED,DF,Utrecht,30,1992,18.5,27,18,18,9,0,18,29,62.1,11,16,5,11,14,41,70,0,Matches
106,Djevencio van der Kust,sr SUR,DF,Sparta R'dam,22,2001,27.8,57,36,36,17,4,23,58,39.7,35,46,18,28,35,92,85,2,Matches
107,Mark van der Maarel,nl NED,DF,Utrecht,33,1989,8.3,13,5,8,3,2,4,14,28.6,10,9,3,6,5,18,30,0,Matches
108,Silvester van der Water,nl NED,"FW,MF",Zwolle,26,1996,6.4,15,9,9,4,2,9,16,56.3,7,9,2,7,5,20,8,0,Matches
109,Anthony Descotte,be BEL,FW,Utrecht,19,2003,2.3,3,3,0,1,2,1,4,25.0,3,4,0,4,1,4,1,0,Matches
110,Sergiño Dest,us USA,DF,PSV Eindhoven,22,2000,23.5,33,21,18,14,1,18,29,62.1,11,23,3,20,11,44,28,1,Matches
111,Mitchell Dijks,nl NED,DF,Fortuna Sittard,30,1993,26.0,56,33,34,14,8,38,51,74.5,13,34,5,29,20,76,51,0,Matches
112,Javairô Dilrosun,nl NED,"FW,MF",Feyenoord,25,1998,3.5,7,5,3,2,2,4,6,66.7,2,3,1,2,4,11,0,0,Matches
113,Toni Domgjoni,xk KVX,MF,Vitesse,24,1998,7.5,15,8,4,7,4,6,14,42.9,8,9,3,6,8,23,15,0,Matches
114,Bas Dost,nl NED,FW,NEC Nijmegen,34,1989,5.1,2,0,1,0,1,0,2,0.0,2,0,0,0,1,3,7,0,Matches
115,Achraf Douiri,nl NED,"DF,FW",Volendam,23,1999,3.8,14,10,7,5,2,9,14,64.3,5,2,0,2,6,20,5,0,Matches
116,Anastasios Douvikas,gr GRE,FW,Utrecht,23,1999,2.0,1,1,0,1,0,1,4,25.0,3,1,0,1,0,1,0,0,Matches
117,Bram van Driel,nl NED,MF,Volendam,18,2005,2.6,8,7,4,3,1,5,9,55.6,4,3,1,2,3,11,6,0,Matches
118,Couhaib Driouech,ma MAR,"FW,MF",Excelsior,21,2002,21.3,36,26,23,12,1,16,54,29.6,38,33,4,29,15,51,27,0,Matches
119,Joel Drommel,nl NED,GK,PSV Eindhoven,26,1996,1.0,0,0,0,0,0,0,0,,0,0,0,0,0,0,1,0,Matches
120,Ferdy Druijf,nl NED,"FW,MF",Zwolle,25,1998,10.5,4,3,1,0,3,3,8,37.5,5,6,3,3,0,4,11,0,Matches
121,Deroy Duarte,cv CPV,MF,Fortuna Sittard,24,1999,26.9,64,35,26,34,4,33,62,53.2,29,30,8,22,27,91,43,0,Matches
122,Lance Duijvestijn,nl NED,"MF,FW",Almere City,24,1999,5.0,5,3,2,1,2,3,16,18.8,13,5,1,4,3,8,2,0,Matches
123,Lance Duijvestijn,nl NED,"MF,FW",Excelsior,24,1999,12.2,20,14,10,9,1,9,18,50.0,9,16,3,13,10,30,10,0,Matches
124,Mike van Duinen,nl NED,"FW,MF",Excelsior,31,1991,1.0,2,0,0,1,1,2,4,50.0,2,2,0,2,1,3,0,0,Matches
125,Oliver Edvardsen,no NOR,"FW,MF",Go Ahead Eag,24,1999,26.1,30,12,9,15,6,15,48,31.3,33,26,2,24,18,48,28,0,Matches
126,Victor Edvardsen,se SWE,FW,Go Ahead Eag,27,1996,20.3,5,4,1,2,2,0,8,0.0,8,10,1,9,2,7,12,0,Matches
127,Espen van Ee,nl NED,"MF,FW",Heerenveen,20,2003,4.6,13,7,4,7,2,4,15,26.7,11,9,2,7,5,18,5,1,Matches
128,Mike Eerdhuijzen,nl NED,DF,Sparta R'dam,23,2000,14.7,17,10,6,9,2,10,15,66.7,5,30,24,6,22,39,82,1,Matches
129,Mats Egbring,nl NED,DF,Vitesse,16,2006,0.7,3,1,1,1,1,2,8,25.0,6,2,0,2,4,7,4,0,Matches
130,Carel Eiting,nl NED,MF,Twente,25,1998,8.8,21,9,7,11,3,11,22,50.0,11,5,1,4,8,29,20,0,Matches
131,Hamza el Dahri,nl NED,"MF,FW",Sparta R'dam,18,2005,0.4,2,2,1,1,0,2,3,66.7,1,1,0,1,0,2,0,0,Matches
132,Mario Engels,de GER,"FW,MF",Heracles Almelo,29,1993,17.8,13,9,8,4,1,3,12,25.0,9,6,0,6,0,13,9,0,Matches
133,Marcelencio Esajas,nl NED,"MF,FW",Almere City,21,2002,0.4,1,1,1,0,0,0,0,,0,0,0,0,0,1,0,0,Matches
134,Luca Everink,nl NED,DF,Go Ahead Eag,22,2001,3.1,7,2,6,1,0,2,8,25.0,6,4,1,3,9,16,6,0,Matches
135,Kevin Felida,cw CUW,MF,RKC Waalwijk,23,1999,8.8,27,22,18,8,1,7,14,50.0,7,14,3,11,10,37,16,0,Matches
136,Arianit Ferati,xk KVX,"MF,DF",Fortuna Sittard,25,1997,8.2,18,9,6,8,4,8,24,33.3,16,7,0,7,8,26,10,0,Matches
137,Derensili Fernandes,nl NED,"FW,MF",Excelsior,22,2001,14.3,20,11,8,7,5,9,25,36.0,16,16,0,16,9,29,16,0,Matches
138,Rashaan Fernandes,nl NED,"FW,MF",Go Ahead Eag,24,1998,0.4,0,0,0,0,0,0,1,0.0,1,0,0,0,0,0,0,0,Matches
139,Nick Fichtinger,nl NED,MF,Zwolle,19,2004,3.9,17,7,7,9,1,7,16,43.8,9,3,2,1,6,23,5,0,Matches
140,Ezechiel Fiemawhle,nl NED,"MF,FW",Volendam,18,2004,0.4,1,0,1,0,0,1,1,100.0,0,1,0,1,0,1,1,0,Matches
141,Kian Fitz-Jim,nl NED,"MF,FW",Ajax,20,2003,0.5,1,1,0,1,0,0,2,0.0,2,0,0,0,0,1,0,0,Matches
142,Kian Fitz-Jim,nl NED,MF,Excelsior,20,2003,4.4,12,9,2,7,3,3,13,23.1,10,3,0,3,5,17,6,0,Matches
143,Ryan Flamingo,nl NED,"MF,DF",Utrecht,20,2002,30.7,44,26,25,16,3,27,56,48.2,29,35,11,24,39,83,118,1,Matches
144,Josh Flint,eng ENG,DF,Volendam,22,2000,24.8,52,27,36,14,2,33,49,67.3,16,36,22,14,32,84,136,2,Matches
145,Sherel Floranus,cw CUW,DF,Almere City,24,1998,28.0,57,38,35,18,4,31,61,50.8,30,39,13,26,38,95,75,1,Matches
146,Fodé Fofana,nl NED,FW,Vitesse,20,2002,1.1,0,0,0,0,0,0,0,,0,0,0,0,0,0,0,0,Matches
147,Sadik Fofana,tg TOG,DF,Fortuna Sittard,20,2003,7.0,24,13,17,7,0,9,22,40.9,13,10,6,4,4,28,17,1,Matches
148,Anthony Fontana,us USA,"MF,FW",Zwolle,23,1999,0.5,1,0,1,0,0,0,0,,0,0,0,0,1,2,0,0,Matches
149,Carlos Forbs,pt POR,FW,Ajax,19,2004,9.2,19,12,8,7,4,10,19,52.6,9,14,1,13,2,21,7,0,Matches
150,Oscar Fraulo,dk DEN,MF,Utrecht,19,2003,23.3,40,27,10,24,6,13,36,36.1,23,20,8,12,17,57,35,1,Matches
151,Anton Gaaei,dk DEN,DF,Ajax,20,2002,12.9,24,13,12,8,4,10,18,55.6,8,13,4,9,20,44,24,1,Matches
152,Juriën Gaari,cw CUW,DF,RKC Waalwijk,29,1993,18.3,41,23,30,9,2,31,48,64.6,17,17,7,10,20,61,72,2,Matches
153,Anselmo García MacNulty,ie IRL,DF,Zwolle,20,2003,27.9,73,42,48,19,6,50,82,61.0,32,31,15,16,36,109,78,0,Matches
154,Stijn van Gassel,nl NED,GK,Excelsior,26,1996,34.0,0,0,0,0,0,0,1,0.0,1,1,0,1,0,0,14,4,Matches
155,Lutsharel Geertruida,nl NED,DF,Feyenoord,23,2000,33.8,49,31,29,15,5,23,34,67.6,11,18,4,14,31,80,49,2,Matches
156,Anwar El Ghazi,nl NED,FW,PSV Eindhoven,28,1995,0.0,0,0,0,0,0,0,0,,0,0,0,0,0,0,0,0,Matches
157,Teun Gijselhart,nl NED,MF,Zwolle,18,2005,0.1,0,0,0,0,0,0,1,0.0,1,0,0,0,0,0,0,0,Matches
158,Santiago Giménez,mx MEX,FW,Feyenoord,22,2001,26.3,8,1,1,4,3,2,9,22.2,7,19,2,17,0,8,9,0,Matches
159,Marco van Ginkel,nl NED,"MF,FW",Vitesse,30,1992,21.8,13,8,5,3,5,4,11,36.4,7,15,5,10,4,17,39,0,Matches
160,Paul Gladon,nl NED,FW,Fortuna Sittard,31,1992,1.9,1,1,0,1,0,0,1,0.0,1,1,0,1,0,1,3,0,Matches
161,Mika Godts,be BEL,"FW,MF",Ajax,18,2005,6.4,10,5,2,5,3,3,8,37.5,5,6,0,6,1,11,3,0,Matches
162,Wouter Goes,nl NED,DF,AZ Alkmaar,19,2004,12.6,17,12,12,4,1,11,17,64.7,6,17,14,3,12,29,46,0,Matches
163,Roberto González,es ESP,"FW,MF",NEC Nijmegen,22,2001,15.4,25,14,14,8,3,9,29,31.0,20,15,1,14,4,29,11,0,Matches
164,Tristan Gooijer,nl NED,"DF,MF",Ajax,18,2004,6.3,28,17,12,9,7,20,24,83.3,4,5,0,5,4,32,14,1,Matches
165,Jay Gorter,nl NED,GK,Ajax,23,2000,7.4,0,0,0,0,0,0,2,0.0,2,1,0,1,0,0,4,1,Matches
166,Kenzo Goudmijn,nl NED,MF,AZ Alkmaar,21,2001,2.7,8,2,2,6,0,4,11,36.4,7,1,0,1,1,9,2,0,Matches
167,Kenzo Goudmijn,nl NED,"MF,FW",Excelsior,21,2001,17.4,33,18,16,11,6,17,31,54.8,14,21,4,17,12,45,16,0,Matches
168,Iman Griffith,nl NED,"FW,MF",Fortuna Sittard,21,2001,2.7,5,4,1,2,2,1,7,14.3,6,3,1,2,2,7,1,0,Matches
169,Axel Guessand,fr FRA,DF,Volendam,18,2004,0.5,1,1,1,0,0,1,1,100.0,0,1,0,1,1,2,1,0,Matches
170,Rodrigo Guth,br BRA,DF,Fortuna Sittard,22,2000,31.3,36,19,22,12,2,24,36,66.7,12,37,24,13,31,67,105,2,Matches
171,Jonathan de Guzmán,nl NED,MF,Sparta R'dam,35,1987,21.4,19,9,9,10,0,10,30,33.3,20,32,13,19,23,42,42,0,Matches
172,Milan de Haan,nl NED,MF,Volendam,19,2003,24.1,48,31,22,17,9,23,61,37.7,38,31,8,23,11,59,43,1,Matches
173,Jesse van de Haar,nl NED,FW,Utrecht,18,2005,0.1,0,0,0,0,0,0,0,,0,0,0,0,0,0,0,0,Matches
174,Anis Hadj Moussa,dz ALG,FW,Vitesse,21,2002,9.4,6,3,2,3,1,2,17,11.8,15,9,0,9,2,8,5,0,Matches
175,Alen Halilović,hr CRO,"MF,FW",Fortuna Sittard,27,1996,23.3,24,13,9,12,3,18,37,48.6,19,20,2,18,9,33,4,0,Matches
176,Denzel Hall,nl NED,DF,Heerenveen,22,2001,4.6,13,8,11,1,1,3,4,75.0,1,0,0,0,5,18,15,1,Matches
177,Saïd Hamulic,ba BIH,FW,Vitesse,22,2000,7.9,5,4,1,1,3,2,5,40.0,3,2,0,2,2,7,3,0,Matches
178,Dávid Hancko,sk SVK,DF,Feyenoord,25,1997,33.7,38,27,22,13,3,23,40,57.5,17,29,24,5,29,67,94,0,Matches
179,Tim Handwerker,de GER,"FW,DF",Utrecht,25,1998,0.2,3,3,2,1,0,3,3,100.0,0,1,0,1,0,3,0,0,Matches
180,Kornelius Hansen,no NOR,FW,Almere City,22,2001,15.4,11,3,2,5,4,4,20,20.0,16,14,1,13,1,12,7,0,Matches
181,Sontje Hansen,cw CUW,FW,NEC Nijmegen,21,2002,21.2,31,16,10,12,9,11,26,42.3,15,21,0,21,6,37,15,0,Matches
182,Emil Hansson,se SWE,"FW,MF",Heracles Almelo,25,1998,20.9,13,6,6,2,5,7,26,26.9,19,5,0,5,1,14,16,0,Matches
183,Lennard Hartjes,nl NED,MF,Excelsior,20,2003,1.0,3,2,1,2,0,1,3,33.3,2,3,0,3,1,4,0,0,Matches
184,Quilindschy Hartman,nl NED,DF,Feyenoord,21,2001,23.0,45,25,20,17,8,19,42,45.2,23,21,1,20,28,73,22,0,Matches
185,Jorrel Hato,nl NED,DF,Ajax,17,2006,32.9,67,38,36,24,7,31,52,59.6,21,50,22,28,45,112,84,0,Matches
186,Pantelis Hatzidiakos,gr GRE,DF,AZ Alkmaar,26,1997,2.0,2,1,2,0,0,1,1,100.0,0,1,0,1,1,3,6,0,Matches
187,Mike Hauptmeijer,nl NED,GK,Zwolle,26,1997,2.0,0,0,0,0,0,0,0,,0,0,0,0,0,0,2,0,Matches
188,Thom Haye,id IDN,MF,Heerenveen,28,1995,29.0,54,36,21,25,8,24,52,46.2,28,28,6,22,30,84,47,0,Matches
189,Nazjir Held,cw CUW,DF,Utrecht,17,2005,0.3,2,1,2,0,0,2,3,66.7,1,1,1,0,0,2,1,0,Matches
190,Jordan Henderson,eng ENG,MF,Ajax,33,1990,8.3,13,2,3,8,2,8,14,57.1,6,19,4,15,5,18,9,0,Matches
191,Ramon Hendriks,nl NED,DF,Vitesse,22,2001,29.4,48,27,28,18,2,21,28,75.0,7,50,36,14,36,84,106,2,Matches
192,Tom Hendriks,nl NED,GK,Fortuna Sittard,21,2002,1.0,0,0,0,0,0,0,0,,0,0,0,0,0,0,1,0,Matches
193,Sjors Hermsen,,FW,Fortuna Sittard,,,0.0,0,0,0,0,0,0,0,,0,0,0,0,0,0,0,0,Matches
194,Mees Hilgers,id IDN,DF,Twente,22,2001,24.3,52,32,32,19,1,33,56,58.9,23,27,8,19,26,78,51,1,Matches
195,Bart van Hintum,nl NED,DF,Zwolle,36,1987,2.0,6,3,3,2,1,4,6,66.7,2,1,0,1,6,12,8,0,Matches
196,Mees Hoedemakers,nl NED,MF,NEC Nijmegen,25,1998,21.7,44,35,22,18,4,25,59,42.4,34,35,10,25,30,74,38,1,Matches
197,Quincy Hoeve,bq BOE,"FW,MF",Volendam,20,2003,3.9,2,1,1,0,1,1,4,25.0,3,4,1,3,0,2,2,0,Matches
198,Justin Hoogma,nl NED,DF,Heracles Almelo,25,1998,28.7,48,30,35,9,4,26,38,68.4,12,44,27,17,17,65,108,0,Matches
199,Siebe Horemans,be BEL,DF,Excelsior,25,1998,33.6,97,58,67,25,5,64,99,64.6,35,52,14,38,45,142,137,2,Matches
200,Jizz Hornkamp,nl NED,FW,Heracles Almelo,25,1998,14.3,12,7,2,5,5,1,6,16.7,5,13,5,8,3,15,16,0,Matches
201,Jeroen Houwen,nl NED,GK,RKC Waalwijk,27,1996,3.6,0,0,0,0,0,0,0,,0,0,0,0,0,0,3,0,Matches
202,Ajdin Hrustic,au AUS,"MF,FW",Heracles Almelo,27,1996,12.9,15,10,6,6,3,7,21,33.3,14,9,4,5,5,20,15,1,Matches
203,Dean Huiberts,nl NED,"MF,DF",Zwolle,23,2000,1.3,2,2,0,1,1,1,7,14.3,6,2,0,2,4,6,4,0,Matches
204,Daan Huisman,nl NED,FW,Vitesse,21,2002,0.0,0,0,0,0,0,0,0,,0,0,0,0,0,0,0,0,Matches
205,Younes Taha El Idrissi,ma MAR,"FW,MF",Twente,20,2002,5.2,12,8,3,7,2,8,18,44.4,10,6,0,6,1,13,3,0,Matches
206,Zidane Iqbal,iq IRQ,"MF,DF",Utrecht,20,2003,5.7,16,10,11,4,1,11,19,57.9,8,3,1,2,3,19,8,1,Matches
207,Nicolas Isimat-Mirin,fr FRA,DF,Vitesse,31,1991,24.2,40,25,28,12,0,16,30,53.3,14,45,21,24,27,67,116,0,Matches
208,Amir Ismaïl,nl NED,FW,Heerenveen,18,2004,0.1,0,0,0,0,0,0,0,,0,0,0,0,0,0,1,0,Matches
209,Luka Ivanušec,hr CRO,FW,Feyenoord,24,1998,12.9,20,16,5,8,7,8,23,34.8,15,9,0,9,4,24,11,0,Matches
210,Joey Jacobs,nl NED,DF,Almere City,23,2000,21.8,57,37,33,20,4,32,51,62.7,19,19,6,13,26,83,67,0,Matches
211,Alireza Jahanbakhsh,ir IRN,"FW,MF",Feyenoord,29,1993,5.1,23,13,9,7,7,12,17,70.6,5,6,0,6,5,28,7,0,Matches
212,Dean James,id IDN,"DF,FW",Go Ahead Eag,23,2000,1.1,3,2,3,0,0,3,3,100.0,0,3,0,3,2,5,4,0,Matches
213,Victor Jensen,dk DEN,"MF,FW",Utrecht,23,2000,16.4,35,19,15,18,2,11,27,40.7,16,11,3,8,6,41,12,0,Matches
214,Divaio Jhaïr-Bobson,nl NED,"DF,FW",Zwolle,19,2004,0.6,0,0,0,0,0,0,0,,0,1,0,1,0,0,0,0,Matches
215,Darius Johnson,gd GRN,"FW,MF",Volendam,23,2000,13.3,11,8,4,5,2,5,18,27.8,13,13,1,12,11,22,13,0,Matches
216,Miliano Jonathans,id IDN,"MF,FW",Vitesse,19,2004,1.0,1,1,1,0,0,1,3,33.3,2,2,0,2,1,2,0,0,Matches
217,Luuk de Jong,nl NED,FW,PSV Eindhoven,32,1990,30.6,29,17,5,13,11,10,22,45.5,12,29,7,22,3,32,29,0,Matches
218,Mauro Júnior,br BRA,"MF,DF",PSV Eindhoven,24,1999,9.7,18,12,8,7,3,12,19,63.2,7,9,2,7,7,25,17,0,Matches
219,Ibrahim El Kadiri,nl NED,FW,Volendam,21,2002,0.9,2,2,1,0,1,2,4,50.0,2,2,0,2,0,2,1,0,Matches
220,Jochem van de Kamp,nl NED,"DF,MF",Almere City,19,2003,21.1,50,32,20,21,9,23,51,45.1,28,23,5,18,35,85,31,0,Matches
221,Ahmetcan Kaplan,tr TUR,DF,Ajax,20,2003,10.5,20,14,10,10,0,12,20,60.0,8,16,8,8,9,29,35,0,Matches
222,Safouane Karim,nl NED,"MF,FW",Volendam,19,2004,2.6,9,5,2,4,3,4,6,66.7,2,7,2,5,3,12,1,0,Matches
223,Daniel Karlsbakk,no NOR,"FW,MF",Heerenveen,20,2003,3.3,4,3,2,1,1,2,4,50.0,2,3,0,3,1,5,1,0,Matches
224,Souffian El Karouani,ma MAR,DF,Utrecht,22,2000,27.2,67,50,35,26,6,33,53,62.3,20,22,7,15,17,84,59,0,Matches
225,Denso Kasius,nl NED,DF,AZ Alkmaar,20,2002,5.0,14,11,7,4,3,8,16,50.0,8,9,2,7,9,23,12,0,Matches
226,Sam Kersten,nl NED,DF,Zwolle,25,1998,34.0,63,43,45,16,2,26,46,56.5,20,48,29,19,55,118,148,1,Matches
227,Yann Kitala,,FW,Almere City,25,1998,5.3,4,3,1,2,1,1,3,33.3,2,3,0,3,0,4,3,0,Matches
228,Joshua Kitolano,no NOR,MF,Sparta R'dam,21,2001,23.4,33,19,13,17,3,17,40,42.5,23,30,16,14,6,39,29,3,Matches
229,Mathias Kjølø,no NOR,MF,Twente,22,2001,24.8,29,19,9,15,5,18,29,62.1,11,19,3,16,28,57,32,0,Matches
230,Davy Klaassen,nl NED,MF,Ajax,30,1993,0.7,0,0,0,0,0,0,1,0.0,1,0,0,0,1,1,0,0,Matches
231,Sean Klaiber,sr SUR,DF,Utrecht,29,1994,1.1,7,7,4,2,1,5,6,83.3,1,0,0,0,0,7,3,0,Matches
232,Flip Klomp,nl NED,MF,Volendam,21,2001,0.4,3,3,2,1,0,2,3,66.7,1,0,0,0,0,3,1,0,Matches
233,Mats Köhlert,de GER,DF,Heerenveen,25,1998,32.9,46,21,24,17,5,21,49,42.9,28,26,12,14,34,80,72,0,Matches
234,Luuk Koopmans,nl NED,GK,Fortuna Sittard,29,1993,5.0,1,1,0,1,0,1,1,100.0,0,0,0,0,0,1,0,0,Matches
235,Peer Koopmeiners,nl NED,MF,Almere City,23,2000,30.8,115,66,57,50,8,51,99,51.5,48,59,18,41,41,156,88,1,Matches
236,Kacper Kozłowski,pl POL,"MF,FW",Vitesse,19,2003,22.7,39,24,15,12,12,9,25,36.0,16,19,3,16,13,52,17,0,Matches
237,Joris Kramer,nl NED,DF,Go Ahead Eag,26,1996,28.5,37,25,25,12,0,20,29,69.0,9,48,35,13,26,63,174,1,Matches
238,Michiel Kramer,nl NED,FW,RKC Waalwijk,34,1988,20.3,4,2,0,4,0,1,7,14.3,6,7,4,3,0,4,32,0,Matches
239,Filip Krastev,bg BUL,MF,Zwolle,21,2001,10.0,31,20,14,15,2,12,27,44.4,15,18,2,16,13,44,12,2,Matches
240,Mohammed Kudus,gh GHA,"FW,MF",Ajax,22,2000,2.0,2,2,1,0,1,0,3,0.0,3,4,0,4,1,3,3,0,Matches
241,Bas Kuipers,nl NED,DF,Go Ahead Eag,28,1994,32.8,47,28,24,17,6,31,55,56.4,24,34,15,19,31,78,90,0,Matches
242,Garang Kuol,au AUS,"FW,MF",Volendam,18,2004,7.6,12,5,7,2,3,8,16,50.0,8,10,0,10,2,14,1,1,Matches
243,Dave Kwakman,nl NED,MF,AZ Alkmaar,18,2004,0.8,1,0,0,1,0,1,4,25.0,3,0,0,0,1,2,0,0,Matches
244,Rajiv van La Parra,nl NED,"FW,MF",Almere City,32,1991,20.0,24,15,10,8,6,6,22,27.3,16,19,3,16,1,25,8,0,Matches
245,Zakaria Labyad,ma MAR,"MF,FW",Utrecht,30,1993,3.1,4,2,2,2,0,0,3,0.0,3,2,0,2,2,6,2,0,Matches
246,Mayckel Lahdo,se SWE,FW,AZ Alkmaar,20,2002,8.5,11,6,4,7,0,8,14,57.1,6,11,0,11,2,13,2,0,Matches
247,Thomas Lam,fi FIN,DF,Zwolle,29,1993,29.4,34,20,28,5,1,27,40,67.5,13,25,13,12,25,59,151,0,Matches
248,Sam Lammers,nl NED,FW,Utrecht,26,1997,17.8,25,16,3,14,8,6,16,37.5,10,19,3,16,4,29,4,0,Matches
249,Lazaros Lamprou,gr GRE,"FW,MF",Excelsior,25,1997,18.0,15,10,8,5,2,4,17,23.5,13,18,0,18,11,26,18,0,Matches
250,Tygo Land,nl NED,MF,PSV Eindhoven,17,2006,0.2,2,2,0,2,0,0,0,,0,0,0,0,0,2,0,0,Matches
251,Noa Lang,nl NED,"FW,MF",PSV Eindhoven,24,1999,6.5,3,1,0,2,1,1,5,20.0,4,6,0,6,1,4,3,0,Matches
252,Tobias Lauritsen,no NOR,FW,Sparta R'dam,25,1997,27.6,12,4,3,5,4,5,15,33.3,10,21,3,18,3,15,38,0,Matches
253,Barry Lauwers,nl NED,GK,Volendam,23,1999,1.0,0,0,0,0,0,0,0,,0,0,0,0,0,0,2,1,Matches
254,Marko Lazetić,rs SRB,"FW,DF",Fortuna Sittard,19,2004,2.0,2,1,1,0,1,1,5,20.0,4,1,0,1,0,2,2,0,Matches
255,Luke Le Roux,za RSA,MF,Volendam,23,2000,9.7,30,18,20,8,2,9,25,36.0,16,13,4,9,9,39,19,0,Matches
256,Richy Ledezma,us USA,MF,PSV Eindhoven,22,2000,0.1,0,0,0,0,0,0,0,,0,0,0,0,0,0,0,0,Matches
257,Kelvin Leerdam,sr SUR,DF,Heracles Almelo,33,1990,8.7,8,6,6,2,0,5,6,83.3,1,18,13,5,7,15,42,1,Matches
258,Yannick Leliendal,sr SUR,DF,Utrecht,21,2002,5.5,14,7,8,5,1,10,18,55.6,8,4,1,3,7,21,22,0,Matches
259,Julian Lelieveld,nl NED,DF,RKC Waalwijk,25,1997,26.9,79,58,56,14,9,48,92,52.2,44,30,2,28,28,107,78,2,Matches
260,Isac Lidberg,se SWE,FW,Utrecht,24,1998,10.5,8,5,1,2,5,1,3,33.3,2,7,0,7,1,9,8,0,Matches
261,Anthony Limbombe,be BEL,FW,Almere City,29,1994,2.0,1,0,0,1,0,1,2,50.0,1,0,0,0,1,2,0,0,Matches
262,Bryan Limbombe,be BEL,"FW,MF",Heracles Almelo,22,2001,19.3,17,9,7,2,8,9,21,42.9,12,16,2,14,4,21,9,0,Matches
263,Ondřej Lingr,cz CZE,"MF,FW",Feyenoord,24,1998,3.8,4,1,1,3,0,1,4,25.0,3,4,0,4,1,5,1,0,Matches
264,Evert Linthorst,nl NED,MF,Go Ahead Eag,23,2000,26.3,39,19,16,18,5,21,41,51.2,20,37,17,20,36,75,79,0,Matches
265,Enric Llansana,nl NED,"MF,DF",Go Ahead Eag,22,2001,13.6,51,32,21,22,8,28,41,68.3,13,32,8,24,13,64,31,0,Matches
266,Loizos Loizou,cy CYP,"FW,MF",Heerenveen,20,2003,1.5,0,0,0,0,0,0,3,0.0,3,4,0,4,0,0,1,0,Matches
267,Chris Lokesa,be BEL,"FW,MF",RKC Waalwijk,18,2004,22.9,30,13,9,13,8,11,37,29.7,26,14,2,12,13,43,18,0,Matches
268,Justin Lonwijk,sr SUR,"FW,MF",Fortuna Sittard,23,1999,11.4,24,15,8,13,3,10,20,50.0,10,8,0,8,13,37,5,0,Matches
269,Marcos López,pe PER,DF,Feyenoord,23,1999,5.2,6,3,4,2,0,2,5,40.0,3,5,3,2,2,8,6,0,Matches
270,Hirving Lozano,mx MEX,FW,PSV Eindhoven,28,1995,17.1,24,14,8,12,4,7,20,35.0,13,17,1,16,15,39,4,0,Matches
271,Thierry Lutonda,be BEL,DF,RKC Waalwijk,22,2000,8.0,28,14,22,5,1,12,25,48.0,13,13,2,11,18,46,33,0,Matches
272,Christopher Mamengi,nl NED,"DF,FW",Almere City,22,2001,0.8,4,2,4,0,0,1,2,50.0,1,4,2,2,4,8,6,0,Matches
273,Million Manhoef,nl NED,FW,Vitesse,21,2002,16.2,27,12,17,8,2,8,16,50.0,8,9,0,9,2,29,5,0,Matches
274,Sivert Mannsverk,no NOR,"MF,DF",Ajax,21,2002,9.8,11,7,5,5,1,6,11,54.5,5,7,4,3,9,20,17,0,Matches
275,Richonell Margaret,sr SUR,"FW,MF",RKC Waalwijk,22,2000,9.3,19,8,7,6,6,5,11,45.5,6,9,1,8,8,27,5,0,Matches
276,Nathan Markelo,cw CUW,DF,Fortuna Sittard,24,1999,0.8,2,2,2,0,0,2,3,66.7,1,0,0,0,0,2,2,0,Matches
277,Pedro David Rosendo Marques,pt POR,FW,NEC Nijmegen,25,1998,0.5,0,0,0,0,0,0,1,0.0,1,0,0,0,0,0,0,0,Matches
278,Ar'jany Martha,cw CUW,"DF,FW",Ajax,19,2003,7.8,25,12,13,8,4,14,28,50.0,14,9,1,8,11,36,16,0,Matches
279,Bruno Martins Indi,nl NED,DF,AZ Alkmaar,31,1992,8.4,9,4,6,3,0,3,4,75.0,1,14,10,4,7,16,25,1,Matches
280,Faiz Mattoir,km COM,"FW,MF",Almere City,23,2000,0.6,1,0,1,0,0,0,0,,0,2,0,2,0,1,1,0,Matches
281,Magnus Mattsson,dk DEN,MF,NEC Nijmegen,24,1999,19.0,37,18,15,11,11,9,37,24.3,28,26,3,23,14,51,17,0,Matches
282,Myron Mau-Asam,nl NED,MF,Volendam,19,2004,0.1,0,0,0,0,0,0,1,0.0,1,0,0,0,0,0,0,0,Matches
283,Robin Maulun,fr FRA,MF,Volendam,26,1996,7.8,5,2,1,3,1,2,7,28.6,5,3,0,3,4,9,7,0,Matches
284,Adrian Mazilu,ro ROU,FW,Vitesse,17,2005,0.3,1,0,0,1,0,0,0,,0,0,0,0,0,1,0,0,Matches
285,Loïc Mbe Soh,fr FRA,DF,Almere City,22,2001,14.0,17,11,10,6,1,12,16,75.0,4,14,12,2,14,31,65,1,Matches
286,Xavier Mbuyamba,nl NED,DF,Volendam,21,2001,6.7,13,4,7,5,1,8,11,72.7,3,14,5,9,14,27,37,1,Matches
287,Jakov Medić,hr CRO,DF,Ajax,24,1998,3.7,3,2,2,1,0,1,3,33.3,2,4,3,1,2,5,8,1,Matches
288,Mexx Meerdink,nl NED,FW,Vitesse,20,2003,6.6,3,1,2,0,1,1,2,50.0,1,4,1,3,0,3,7,0,Matches
289,Mexx Meerdink,nl NED,"FW,MF",AZ Alkmaar,20,2003,0.3,0,0,0,0,0,0,0,,0,0,0,0,0,0,1,0,Matches
290,Aaron Meijers,nl NED,DF,RKC Waalwijk,35,1987,25.6,60,29,39,18,3,39,77,50.6,38,32,13,19,30,90,78,0,Matches
291,Raz Meir,il ISR,DF,RKC Waalwijk,26,1996,0.6,2,2,2,0,0,2,3,66.7,1,2,0,2,1,3,0,0,Matches
292,Rick Meissen,nl NED,DF,Sparta R'dam,21,2002,9.8,10,5,7,2,1,8,11,72.7,3,19,16,3,10,20,52,1,Matches
293,Julien Mesbahi,ma MAR,DF,Twente,17,2006,0.4,3,2,3,0,0,1,1,100.0,0,1,0,1,0,3,3,0,Matches
294,Metinho,br BRA,MF,Sparta R'dam,20,2003,14.1,51,34,25,22,4,20,38,52.6,18,18,4,14,20,71,29,0,Matches
295,Melle Meulensteen,nl NED,MF,Vitesse,24,1999,22.7,35,17,15,13,7,17,34,50.0,17,38,14,24,31,66,44,1,Matches
296,Daryl van Mieghem,nl NED,MF,Volendam,33,1989,1.7,2,0,0,2,0,0,1,0.0,1,0,0,0,0,2,0,0,Matches
297,Djordje Mihailovic,us USA,MF,AZ Alkmaar,24,1998,3.1,9,6,3,5,1,4,7,57.1,3,2,0,2,3,12,1,0,Matches
298,Sven Mijnans,nl NED,"MF,FW",AZ Alkmaar,23,2000,26.3,44,26,16,19,9,20,46,43.5,26,46,5,41,25,69,40,0,Matches
299,Georges Mikautadze,ge GEO,"MF,FW",Ajax,22,2000,2.6,1,0,1,0,0,0,3,0.0,3,1,0,1,0,1,2,0,Matches
300,Antoni Milambo,nl NED,"MF,FW",Feyenoord,18,2005,2.6,4,2,2,2,0,1,1,100.0,0,3,1,2,1,5,2,0,Matches
301,David Min,nl NED,FW,RKC Waalwijk,24,1999,18.4,18,9,0,8,10,9,23,39.1,14,16,3,13,3,21,15,0,Matches
302,Yankuba Minteh,gm GAM,FW,Feyenoord,19,2004,16.2,46,30,18,15,13,11,30,36.7,19,19,2,17,3,49,14,0,Matches
303,Damon Mirani,nl NED,"MF,DF",Volendam,27,1996,32.0,48,29,34,13,1,25,56,44.6,31,57,32,25,41,89,146,2,Matches
304,Shunsuke Mito,jp JPN,"FW,MF",Sparta R'dam,20,2002,11.3,14,9,6,6,2,8,16,50.0,8,3,2,1,7,21,11,0,Matches
305,Siem de Moes,nl NED,DF,Excelsior,19,2004,3.2,9,5,7,2,0,7,13,53.8,6,8,5,3,8,17,13,0,Matches
306,Robert Mühren,nl NED,FW,Volendam,34,1989,16.5,15,8,9,3,3,9,14,64.3,5,5,0,5,7,22,12,0,Matches
307,Jeremy van Mullem,nl NED,MF,Sparta R'dam,24,1999,0.8,2,0,2,0,0,0,1,0.0,1,1,0,1,0,2,2,0,Matches
308,Derry Murkin,eng ENG,DF,Volendam,24,1999,2.0,5,2,3,2,0,2,6,33.3,4,2,0,2,4,9,7,0,Matches
309,David Møller Wolfe,no NOR,DF,AZ Alkmaar,21,2002,26.4,44,25,26,11,7,21,38,55.3,17,26,9,17,30,74,43,0,Matches
310,Adi Nalic,ba BIH,"FW,MF",Almere City,25,1997,2.4,0,0,0,0,0,0,1,0.0,1,5,0,5,0,0,3,0,Matches
311,Younes Namli,dk DEN,"FW,MF",Zwolle,29,1994,28.5,37,18,16,11,10,24,47,51.1,23,26,2,24,11,48,20,1,Matches
312,Abdenego Nankishi,de GER,FW,Heracles Almelo,21,2002,3.9,13,8,7,3,3,7,11,63.6,4,4,0,4,1,14,1,0,Matches
313,Gerrit Nauber,de GER,DF,Go Ahead Eag,31,1992,19.5,15,7,6,8,1,10,16,62.5,6,33,27,6,15,30,102,1,Matches
314,Noah Naujoks,nl NED,"MF,FW",Excelsior,21,2002,11.7,24,14,9,12,3,8,20,40.0,12,19,3,16,9,33,19,0,Matches
315,Imran Nazih,ma MAR,MF,Volendam,17,2006,1.0,3,0,1,1,1,2,3,66.7,1,2,0,2,0,3,0,0,Matches
316,Camiel Neghli,nl NED,FW,Sparta R'dam,21,2001,15.0,25,14,11,13,1,17,29,58.6,12,16,1,15,9,34,15,0,Matches
317,Luc Netten,nl NED,DF,NEC Nijmegen,19,2004,0.3,1,0,0,1,0,1,2,50.0,1,0,0,0,0,1,5,0,Matches
318,Ion Nicolaescu,md MDA,FW,Heerenveen,24,1998,7.8,3,2,0,1,2,1,2,50.0,1,2,0,2,1,4,3,1,Matches
319,Reuven Niemeijer,nl NED,"MF,FW",RKC Waalwijk,28,1995,17.8,13,7,4,3,6,5,24,20.8,19,17,1,16,7,20,15,0,Matches
320,Bart Nieuwkoop,nl NED,DF,Feyenoord,27,1996,9.5,15,7,7,7,1,7,20,35.0,13,15,2,13,16,31,25,0,Matches
321,Sven Nieuwpoort,nl NED,DF,Excelsior,30,1993,16.3,14,9,7,7,0,8,11,72.7,3,14,8,6,9,23,52,1,Matches
322,Kristian Nökkvi Hlynsson,is ISL,"MF,FW",Ajax,19,2004,19.6,20,13,5,10,5,7,29,24.1,22,13,2,11,5,25,16,0,Matches
323,Andries Noppert,nl NED,GK,Heerenveen,29,1994,22.0,0,0,0,0,0,0,0,,0,0,0,0,0,0,13,5,Matches
324,Tijjani Noslin,nl NED,FW,Fortuna Sittard,24,1999,11.3,16,9,4,10,2,9,17,52.9,8,19,2,17,8,24,5,0,Matches
325,Hugo Novoa,es ESP,"DF,FW",Utrecht,20,2003,2.3,6,3,2,3,1,3,7,42.9,4,7,1,6,3,9,4,0,Matches
326,Ché Nunnely,nl NED,FW,Heerenveen,24,1999,19.0,18,10,7,6,5,11,24,45.8,13,21,1,20,7,25,6,0,Matches
327,Djenahro Nunumete,nl NED,DF,Heerenveen,21,2002,0.6,1,0,1,0,0,1,1,100.0,0,1,0,1,1,2,1,0,Matches
328,Bram Nuytinck,nl NED,DF,NEC Nijmegen,33,1990,26.7,31,21,17,9,5,17,28,60.7,11,66,50,16,27,58,136,1,Matches
329,Armando Obispo,cw CUW,DF,PSV Eindhoven,24,1999,1.9,3,2,3,0,0,1,1,100.0,0,4,2,2,1,4,5,0,Matches
330,Jens Odgaard,dk DEN,"FW,MF",AZ Alkmaar,24,1999,4.9,12,4,3,5,4,5,9,55.6,4,7,1,6,1,13,4,0,Matches
331,Kayne van Oevelen,nl NED,GK,Volendam,19,2003,1.0,0,0,0,0,0,0,0,,0,0,0,0,0,0,1,0,Matches
332,Koki Ogawa,jp JPN,FW,NEC Nijmegen,25,1997,24.5,15,12,4,9,2,4,19,21.1,15,12,3,9,5,20,22,0,Matches
333,Jeppe Okkels,dk DEN,"FW,DF",Utrecht,24,1999,1.8,1,0,1,0,0,0,1,0.0,1,3,0,3,0,1,1,0,Matches
334,Lars Olden Larsen,no NOR,FW,NEC Nijmegen,24,1998,7.5,23,17,11,10,2,13,31,41.9,18,11,1,10,4,27,10,0,Matches
335,Nick Olij,nl NED,GK,Sparta R'dam,27,1995,34.0,2,1,2,0,0,2,2,100.0,0,1,0,1,0,2,11,4,Matches
336,Simon Olsson,se SWE,"MF,FW",Heerenveen,25,1997,30.3,56,32,26,25,5,31,57,54.4,26,39,5,34,24,80,13,0,Matches
337,Richie Omorowa,se SWE,FW,Excelsior,19,2004,5.7,7,4,3,3,1,1,3,33.3,2,5,0,5,0,7,9,0,Matches
338,Diego van Oorschot,nl NED,"MF,FW",Heracles Almelo,17,2005,0.3,1,1,1,0,0,0,0,,0,1,0,1,0,1,1,0,Matches
339,Fredrik Oppegard,no NOR,DF,Heracles Almelo,20,2002,15.0,39,18,24,13,2,19,27,70.4,8,18,5,13,11,50,40,0,Matches
340,Ragnar Oratmangoen,id IDN,"MF,FW",Fortuna Sittard,25,1998,9.8,10,6,5,1,4,7,15,46.7,8,8,1,7,8,18,7,0,Matches
341,Alois Oroz,hr CRO,DF,Vitesse,22,2000,21.0,34,22,27,5,2,14,39,35.9,25,32,12,20,30,64,79,1,Matches
342,Anas Ouahim,de GER,"MF,FW",Heracles Almelo,25,1997,13.5,37,21,15,17,5,16,46,34.8,30,10,3,7,11,48,8,0,Matches
343,Mohamed Oukhattou,nl NED,"FW,MF",Zwolle,18,2005,0.4,0,0,0,0,0,0,1,0.0,1,2,1,1,0,0,1,0,Matches
344,Yassin Oukili,nl NED,MF,RKC Waalwijk,22,2001,31.0,95,53,48,36,11,41,67,61.2,26,41,13,28,30,125,70,1,Matches
345,Bilal Ould-Chikh,ma MAR,"FW,MF",Volendam,26,1997,23.6,16,9,11,3,2,8,22,36.4,14,10,0,10,5,21,8,0,Matches
346,Rome-Jayden Owusu-Oduro,nl NED,GK,AZ Alkmaar,19,2004,4.0,0,0,0,0,0,0,0,,0,0,0,0,0,0,1,0,Matches
347,Oğuzhan Özyakup,tr TUR,MF,Fortuna Sittard,30,1992,10.7,25,18,8,14,3,17,30,56.7,13,15,2,13,14,39,6,0,Matches
348,Igor Paixão,br BRA,FW,Feyenoord,23,2000,21.4,22,15,5,10,7,10,27,37.0,17,20,0,20,9,31,18,1,Matches
349,Ivor Pandur,hr CRO,GK,Fortuna Sittard,23,2000,16.0,0,0,0,0,0,0,2,0.0,2,0,0,0,0,0,3,0,Matches
350,Troy Parrott,ie IRL,FW,Excelsior,21,2002,17.6,6,5,2,3,1,4,7,57.1,3,12,3,9,1,7,16,0,Matches
351,Vangelis Pavlidis,gr GRE,FW,AZ Alkmaar,24,1998,33.3,35,18,5,20,10,17,30,56.7,13,26,6,20,3,38,31,0,Matches
352,Deron Payne,tt TRI,DF,Volendam,20,2002,9.6,33,20,19,13,1,16,31,51.6,15,18,3,15,16,49,34,0,Matches
353,Álvaro Peña,es ESP,MF,Almere City,31,1991,12.5,19,11,7,9,3,7,23,30.4,16,15,3,12,9,28,4,0,Matches
354,Alexandre Penetra,pt POR,DF,AZ Alkmaar,21,2001,19.5,13,7,10,2,1,11,16,68.8,5,19,14,5,20,33,76,0,Matches
355,Ricardo Pepi,us USA,"FW,MF",PSV Eindhoven,20,2003,5.4,9,3,0,4,5,1,3,33.3,2,1,0,1,1,10,2,0,Matches
356,Brayann Pereira,fr FRA,DF,NEC Nijmegen,20,2003,8.8,37,24,32,5,0,20,33,60.6,13,17,6,11,14,51,24,1,Matches
357,Kristoffer Peterson,se SWE,"MF,FW",Fortuna Sittard,28,1994,6.5,2,1,0,1,1,0,4,0.0,4,9,0,9,1,3,2,1,Matches
358,Kik Pierie,nl NED,DF,Excelsior,23,2000,3.3,7,5,5,2,0,2,8,25.0,6,3,1,2,8,15,29,0,Matches
359,Ivo Pinto,pt POR,DF,Fortuna Sittard,33,1990,31.2,59,41,39,14,6,35,63,55.6,28,25,6,19,25,84,72,0,Matches
360,Michael Pinto,lu LUX,DF,Vitesse,30,1993,20.2,37,27,16,18,3,21,34,61.8,13,18,6,12,12,49,38,1,Matches
361,Brian Plat,nl NED,DF,Volendam,23,2000,22.0,91,59,59,30,2,50,83,60.2,33,35,11,24,28,119,68,0,Matches
362,Ernest Poku,nl NED,FW,AZ Alkmaar,19,2004,7.4,11,7,4,4,3,4,13,30.8,9,6,1,5,5,16,8,0,Matches
363,Bram van Polen,nl NED,DF,Zwolle,37,1985,29.5,34,24,20,10,4,22,39,56.4,17,39,20,19,27,61,113,1,Matches
364,Danny Post,nl NED,"MF,DF",Almere City,34,1989,0.4,0,0,0,0,0,0,0,,0,0,0,0,1,1,1,0,Matches
365,Dirk Proper,nl NED,MF,NEC Nijmegen,21,2002,25.5,48,24,26,21,1,21,44,47.7,23,29,11,18,28,76,60,0,Matches
366,Davy Pröpper,nl NED,MF,Vitesse,31,1991,0.7,1,0,0,1,0,0,0,,0,2,2,0,0,1,0,0,Matches
367,Robin Pröpper,nl NED,DF,Twente,29,1993,30.5,45,30,18,23,4,20,44,45.5,24,34,16,18,32,77,90,1,Matches
368,Jeffry Puriel,bq BOE,FW,Almere City,20,2002,0.3,0,0,0,0,0,0,0,,0,0,0,0,0,0,0,0,Matches
369,Diant Ramaj,de GER,GK,Ajax,21,2001,20.3,0,0,0,0,0,0,2,0.0,2,0,0,0,0,0,7,3,Matches
370,André Ramalho,br BRA,DF,PSV Eindhoven,31,1992,26.2,48,31,25,22,1,23,34,67.6,11,38,27,11,30,78,99,2,Matches
371,Bart Ramselaar,nl NED,"FW,MF",Utrecht,27,1996,4.5,1,1,0,1,0,0,4,0.0,4,5,2,3,3,4,3,0,Matches
372,Youri Regeer,nl NED,"DF,MF",Twente,19,2003,19.5,41,23,20,16,5,23,37,62.2,14,19,2,17,14,55,38,2,Matches
373,Gyan de Regt,nl NED,"FW,MF",Vitesse,20,2002,13.2,18,14,7,7,4,11,31,35.5,20,12,1,11,6,24,6,1,Matches
374,Eliano Reijnders,id IDN,"FW,DF",Zwolle,22,2000,23.1,34,24,16,15,3,17,47,36.2,30,22,3,19,22,56,38,0,Matches
375,Devyne Rensch,nl NED,DF,Ajax,20,2003,24.6,43,29,23,15,5,27,37,73.0,10,21,6,15,31,74,51,0,Matches
376,Stije Resink,nl NED,MF,Almere City,20,2003,28.6,74,42,29,31,14,35,69,50.7,34,40,7,33,30,104,60,1,Matches
377,Francisco Reyes,do DOM,DF,Volendam,17,2006,0.2,1,0,1,0,0,1,3,33.3,2,0,0,0,0,1,1,0,Matches
378,Julian Rijkhoff,nl NED,"FW,MF",Ajax,18,2005,0.8,2,1,0,0,2,0,2,0.0,2,0,0,0,1,3,0,0,Matches
379,Milan Robberechts,be BEL,"FW,MF",Fortuna Sittard,19,2004,2.4,7,3,2,2,3,2,5,40.0,3,2,0,2,2,9,2,0,Matches
380,Thomas Robinet,fr FRA,"FW,MF",Almere City,26,1996,31.7,39,18,13,15,11,19,39,48.7,20,31,0,31,11,50,44,0,Matches
381,Robin Roefs,nl NED,GK,NEC Nijmegen,20,2003,4.7,0,0,0,0,0,0,0,,0,0,0,0,0,0,2,0,Matches
382,Godfried Roemeratoe,cw CUW,MF,RKC Waalwijk,23,1999,25.9,57,31,27,28,2,25,42,59.5,17,39,16,23,29,86,51,1,Matches
383,Ole Romeny,id IDN,"FW,MF",Utrecht,23,2000,5.8,6,3,5,0,1,4,6,66.7,2,3,0,3,3,9,2,0,Matches
384,Philippe Rommens,be BEL,MF,Go Ahead Eag,25,1997,18.0,30,17,13,14,3,11,26,42.3,15,10,5,5,25,55,17,0,Matches
385,Bart van Rooij,nl NED,DF,NEC Nijmegen,22,2001,21.9,47,23,32,14,1,28,55,50.9,27,33,6,27,12,59,54,1,Matches
386,Kaj de Rooij,nl NED,"FW,MF",Zwolle,22,2000,1.8,6,3,3,3,0,4,4,100.0,0,2,1,1,0,6,2,0,Matches
387,Eloy Room,cw CUW,GK,Vitesse,34,1989,34.0,0,0,0,0,0,0,2,0.0,2,0,0,0,2,2,8,2,Matches
388,Ruben Roosken,nl NED,"DF,FW",Heracles Almelo,23,2000,14.6,45,27,22,16,7,24,40,60.0,16,19,6,13,28,73,40,0,Matches
389,Sergi Rosanas,es ESP,DF,Sparta R'dam,22,2001,0.1,1,1,1,0,0,1,1,100.0,0,0,0,0,0,1,0,0,Matches
390,Rayvien Rosario,cw CUW,"FW,DF",Sparta R'dam,19,2004,0.5,3,3,2,0,1,1,3,33.3,2,2,1,1,0,3,3,0,Matches
391,Loreintz Rosier,fr FRA,MF,Fortuna Sittard,24,1998,19.0,58,31,33,20,5,19,36,52.8,17,38,7,31,41,99,50,0,Matches
392,Mathias Ross,dk DEN,DF,NEC Nijmegen,22,2001,11.6,14,8,9,5,0,5,13,38.5,8,12,7,5,11,25,89,2,Matches
393,Nils Rossen,nl NED,"MF,FW",NEC Nijmegen,17,2005,0.3,0,0,0,0,0,0,0,,0,0,0,0,0,0,0,0,Matches
394,Daan Rots,nl NED,FW,Twente,22,2001,28.6,59,38,20,24,15,35,85,41.2,50,30,1,29,17,76,20,0,Matches
395,Mats Rots,nl NED,DF,Twente,17,2006,0.8,0,0,0,0,0,0,1,0.0,1,1,0,1,2,2,2,0,Matches
396,Manu Royo,es ESP,DF,Almere City,29,1994,7.4,16,9,7,6,3,8,13,61.5,5,8,0,8,4,20,14,0,Matches
397,Gerónimo Rulli,ar ARG,GK,Ajax,31,1992,6.3,0,0,0,0,0,0,0,,0,0,0,0,0,0,4,1,Matches
398,Mathew Ryan,au AUS,GK,AZ Alkmaar,31,1992,29.0,0,0,0,0,0,0,0,,0,0,0,0,0,0,6,0,Matches
399,Pim Saathof,nl NED,DF,Go Ahead Eag,19,2003,0.6,5,5,3,2,0,4,5,80.0,1,1,1,0,0,5,5,0,Matches
400,Michal Sadílek,cz CZE,MF,Twente,24,1999,30.0,49,21,18,25,6,20,57,35.1,37,46,9,37,28,77,37,0,Matches
401,Ibrahim Sadiq,gh GHA,"FW,MF",AZ Alkmaar,23,2000,7.3,16,12,7,7,2,8,10,80.0,2,14,1,13,4,20,7,0,Matches
402,Modibo Sagnan,ml MLI,DF,Utrecht,24,1999,9.7,23,13,12,10,1,13,15,86.7,2,12,8,4,8,31,62,1,Matches
403,Samuel Şahin-Radlinger,at AUT,GK,Almere City,30,1992,5.2,0,0,0,0,0,0,0,,0,0,0,0,0,0,6,0,Matches
404,Osame Sahraoui,ma MAR,FW,Heerenveen,22,2001,27.4,17,12,6,5,6,6,21,28.6,15,10,0,10,10,27,11,2,Matches
405,Ismael Saibari,ma MAR,MF,PSV Eindhoven,22,2001,11.3,31,20,13,11,7,13,28,46.4,15,14,3,11,10,41,10,0,Matches
406,Koki Saito,jp JPN,FW,Sparta R'dam,21,2001,18.4,16,11,8,4,4,10,21,47.6,11,14,3,11,5,21,20,0,Matches
407,Anass Salah-Eddine,ma MAR,DF,Ajax,21,2002,2.1,4,3,2,2,0,4,11,36.4,7,4,1,3,1,5,5,1,Matches
408,Anass Salah-Eddine,ma MAR,"DF,MF",Twente,21,2002,1.4,9,6,4,2,3,5,6,83.3,1,2,0,2,1,10,1,0,Matches
409,Shurandy Sambo,cw CUW,DF,PSV Eindhoven,21,2001,2.1,3,3,1,1,1,3,4,75.0,1,3,1,2,5,8,5,0,Matches
410,Alfons Sampsted,is ISL,DF,Twente,25,1998,17.1,36,20,25,7,4,30,55,54.5,25,20,5,15,30,66,41,0,Matches
411,Philippe Sandler,nl NED,DF,NEC Nijmegen,26,1997,20.8,24,14,16,8,0,9,11,81.8,2,26,21,5,17,41,89,1,Matches
412,Cisse Sandra,be BEL,MF,Excelsior,19,2003,18.6,34,17,17,11,6,10,24,41.7,14,16,6,10,15,49,22,0,Matches
413,Ibrahim Sangaré,ci CIV,MF,PSV Eindhoven,25,1997,2.0,2,0,1,1,0,2,2,100.0,0,2,0,2,2,4,2,0,Matches
414,Mohamed Sankoh,nl NED,FW,Heracles Almelo,19,2003,12.1,5,4,0,3,2,0,3,0.0,3,8,0,8,1,6,5,0,Matches
415,Kodai Sano,jp JPN,"FW,MF",NEC Nijmegen,19,2003,17.7,34,17,15,15,4,19,37,51.4,18,29,5,24,20,54,26,0,Matches
416,Antonio Satriano,it ITA,FW,Heracles Almelo,19,2003,1.8,2,1,0,2,0,0,0,,0,0,0,0,0,2,0,0,Matches
417,Leo Sauer,sk SVK,"FW,MF",Feyenoord,17,2005,3.2,3,1,1,2,0,0,5,0.0,5,3,0,3,1,4,0,0,Matches
418,Jasper Schendelaar,nl NED,GK,Zwolle,22,2000,32.0,1,1,1,0,0,1,4,25.0,3,0,0,0,3,4,17,4,Matches
419,Sem Scheperman,nl NED,"MF,DF",Heracles Almelo,21,2002,7.8,21,14,7,12,2,4,14,28.6,10,10,4,6,8,29,13,1,Matches
420,Lasse Schöne,dk DEN,MF,NEC Nijmegen,37,1986,13.8,14,7,7,4,3,9,20,45.0,11,9,3,6,13,27,35,0,Matches
421,Jerdy Schouten,nl NED,"MF,DF",PSV Eindhoven,26,1997,26.9,54,32,17,29,8,25,37,67.6,12,26,6,20,43,97,30,1,Matches
422,Vivaldo Semedo,pt POR,FW,Volendam,18,2005,7.0,2,1,0,2,0,0,3,0.0,3,5,2,3,0,2,4,0,Matches
423,Nicolás Serrano,es ESP,"FW,MF",Zwolle,20,2003,1.6,5,5,3,2,0,4,5,80.0,1,2,0,2,0,5,1,0,Matches
424,Mats Seuntjens,nl NED,"FW,MF",Utrecht,31,1992,10.6,9,5,4,4,1,5,15,33.3,10,5,1,4,5,14,11,0,Matches
425,Mats Seuntjens,nl NED,"FW,MF",RKC Waalwijk,31,1992,9.0,9,4,2,5,2,3,9,33.3,6,7,1,6,0,9,5,0,Matches
426,José Pascual Alba Seva,es ESP,FW,Almere City,23,2000,1.5,2,1,2,0,0,2,3,66.7,1,5,0,5,1,3,2,0,Matches
427,Serano Seymor,nl NED,DF,Excelsior,21,2002,4.1,3,3,3,0,0,2,4,50.0,2,5,0,5,5,8,20,1,Matches
428,Kaj Sierhuis,nl NED,FW,Fortuna Sittard,25,1998,24.2,11,5,1,4,6,4,18,22.2,14,16,4,12,0,11,11,0,Matches
429,Dimitris Siovas,gr GRE,DF,Fortuna Sittard,34,1988,25.6,36,17,27,7,2,17,29,58.6,12,28,19,9,49,85,120,0,Matches
430,Gijs Smal,nl NED,DF,Twente,25,1997,22.8,34,19,14,13,7,22,46,47.8,24,27,3,24,16,50,35,0,Matches
431,Ian Smeulers,nl NED,DF,Excelsior,23,2000,2.0,5,5,4,1,0,4,5,80.0,1,4,1,3,7,12,7,0,Matches
432,Kees Smit,nl NED,MF,AZ Alkmaar,17,2006,0.2,3,2,2,1,0,3,4,75.0,1,0,0,0,1,4,1,0,Matches
433,Sven Sonnenberg,de GER,DF,Heracles Almelo,24,1999,18.4,17,11,16,1,0,10,16,62.5,6,20,15,5,23,40,113,3,Matches
434,Borna Sosa,hr CRO,DF,Ajax,25,1998,9.4,22,14,13,6,3,20,30,66.7,10,13,3,10,16,38,19,0,Matches
435,Sylla Sow,nl NED,FW,Go Ahead Eag,26,1996,7.0,11,7,4,2,5,4,4,100.0,0,0,0,0,1,12,2,0,Matches
436,Sylla Sow,nl NED,FW,NEC Nijmegen,26,1996,5.4,4,2,1,1,2,1,3,33.3,2,2,1,1,1,5,1,0,Matches
437,Mark Spenkelink,nl NED,GK,RKC Waalwijk,26,1997,1.0,0,0,0,0,0,0,0,,0,0,0,0,0,0,0,1,Matches
438,Finn Stam,nl NED,DF,AZ Alkmaar,20,2003,0.4,0,0,0,0,0,0,0,,0,0,0,0,0,0,1,0,Matches
439,Sem Steijn,nl NED,MF,Twente,21,2001,26.8,29,17,13,11,5,18,51,35.3,33,18,2,16,10,39,10,0,Matches
440,Calvin Stengs,nl NED,"MF,FW",Feyenoord,24,1998,23.3,31,17,4,19,8,9,26,34.6,17,18,0,18,3,34,10,0,Matches
441,Filip Stevanovic,rs SRB,"FW,MF",RKC Waalwijk,20,2002,6.9,12,9,6,3,3,6,15,40.0,9,3,0,3,3,15,4,0,Matches
442,Finn Stokkers,nl NED,FW,Go Ahead Eag,27,1996,4.2,6,3,2,3,1,3,6,50.0,3,2,0,2,2,8,3,0,Matches
443,Yukinari Sugawara,jp JPN,DF,AZ Alkmaar,23,2000,28.4,34,25,17,15,2,25,41,61.0,16,31,11,20,18,52,59,1,Matches
444,Josip Šutalo,hr CRO,DF,Ajax,23,2000,22.0,29,12,20,9,0,13,22,59.1,9,24,15,9,40,69,86,0,Matches
445,Anas Tahiri,be BEL,MF,Heerenveen,28,1995,12.9,7,6,2,5,0,3,10,30.0,7,11,3,8,4,11,19,0,Matches
446,Benjamin Tahirovic,ba BIH,MF,Ajax,20,2003,18.5,34,24,10,21,3,17,36,47.2,19,23,7,16,26,60,20,0,Matches
447,Ilias Takidine,be BEL,"FW,MF",RKC Waalwijk,22,2001,1.0,1,1,0,1,0,0,1,0.0,1,1,0,1,1,2,0,0,Matches
448,Elayis Tavsan,nl NED,FW,NEC Nijmegen,22,2001,3.8,4,3,1,2,1,2,4,50.0,2,3,1,2,0,4,5,0,Matches
449,Kenneth Taylor,nl NED,"MF,DF",Ajax,21,2002,30.6,43,27,14,20,9,11,28,39.3,17,40,9,31,26,69,29,0,Matches
450,Søren Tengstedt,dk DEN,"MF,FW",Go Ahead Eag,23,2000,4.5,9,8,2,5,2,4,9,44.4,5,2,1,1,1,10,3,0,Matches
451,Hidde ter Avest,nl NED,DF,Utrecht,26,1997,22.9,34,24,18,9,7,14,24,58.3,10,35,13,22,23,57,76,1,Matches
452,Jordan Teze,nl NED,DF,PSV Eindhoven,23,1999,27.6,51,31,21,22,8,31,49,63.3,18,34,2,32,16,67,36,0,Matches
453,Ryan Thomas,nz NZL,MF,Zwolle,28,1994,3.7,11,9,4,5,2,7,11,63.6,4,7,2,5,6,17,16,0,Matches
454,Lennart Thy,de GER,"FW,MF",Zwolle,31,1992,29.7,19,9,9,7,3,7,22,31.8,15,18,3,15,11,30,27,1,Matches
455,Mathijs Tielemans,nl NED,MF,Vitesse,21,2002,18.6,27,21,13,11,3,10,24,41.7,14,23,3,20,27,54,10,0,Matches
456,Guus Til,nl NED,MF,PSV Eindhoven,25,1997,22.6,19,10,7,8,4,8,23,34.8,15,15,5,10,11,30,13,0,Matches
457,Malik Tillman,us USA,"FW,MF",PSV Eindhoven,21,2002,17.7,40,24,17,15,8,16,36,44.4,20,38,4,34,15,55,10,0,Matches
458,Quinten Timber,nl NED,MF,Feyenoord,22,2001,29.6,66,42,17,29,20,24,39,61.5,15,32,5,27,13,79,16,0,Matches
459,Nathan Tjoe-A-On,id IDN,"FW,DF",Heerenveen,21,2001,0.2,1,1,0,1,0,1,2,50.0,1,1,0,1,0,1,0,0,Matches
460,Jens Toornstra,nl NED,"MF,FW",Utrecht,34,1989,19.8,42,24,20,18,4,15,36,41.7,21,25,1,24,14,56,20,0,Matches
461,Gernot Trauner,at AUT,DF,Feyenoord,31,1992,15.1,27,20,19,7,1,18,25,72.0,7,6,2,4,20,47,50,1,Matches
462,Calvin Twigt,nl NED,MF,Volendam,20,2003,22.7,44,24,21,16,7,18,43,41.9,25,31,6,25,19,63,48,0,Matches
463,Przemysław Tytoń,pl POL,GK,Twente,36,1987,2.0,0,0,0,0,0,0,0,,0,0,0,0,0,0,0,0,Matches
464,Oscar Uddenäs,se SWE,"FW,MF",Excelsior,20,2002,5.2,9,6,4,4,1,6,12,50.0,6,2,0,2,2,11,12,0,Matches
465,Jeremy Udenhout,nl NED,DF,Excelsior,20,2003,0.1,0,0,0,0,0,0,0,,0,1,0,1,0,0,0,0,Matches
466,Ayase Ueda,jp JPN,"FW,MF",Feyenoord,24,1998,9.3,7,4,0,5,2,0,4,0.0,4,7,1,6,0,7,11,0,Matches
467,Manfred Ugalde,cr CRC,FW,Twente,21,2002,15.2,14,10,2,6,6,2,12,16.7,10,13,1,12,1,15,6,0,Matches
468,Jesper Uneken,nl NED,FW,PSV Eindhoven,18,2004,0.0,0,0,0,0,0,0,0,,0,0,0,0,0,0,0,0,Matches
469,Lars Unnerstall,de GER,GK,Twente,33,1990,32.0,0,0,0,0,0,0,0,,0,0,0,0,0,0,12,1,Matches
470,Naci Ünüvar,nl NED,"FW,MF",Twente,20,2003,5.6,9,4,0,5,4,3,8,37.5,5,11,1,10,2,11,4,0,Matches
471,Etienne Vaessen,sr SUR,GK,RKC Waalwijk,28,1995,29.4,2,1,2,0,0,2,4,50.0,2,2,0,2,0,2,15,3,Matches
472,Amourrichio Van Axel Dongen,nl NED,FW,Ajax,18,2004,0.6,1,0,0,0,1,0,1,0.0,1,2,0,2,1,2,0,0,Matches
473,Dave Van Den Berg,nl NED,MF,Zwolle,23,2000,28.4,64,44,32,26,6,34,57,59.6,23,35,3,32,24,88,33,0,Matches
474,Dario Van den Buijs,be BEL,DF,RKC Waalwijk,27,1995,28.9,52,25,33,16,3,23,33,69.7,10,44,30,14,25,77,143,1,Matches
475,Jason Van Duiven,nl NED,"FW,MF",Almere City,18,2005,3.2,2,1,0,0,2,1,3,33.3,2,3,0,3,0,2,4,0,Matches
476,Alec Van Hoorenbeeck,be BEL,DF,Twente,24,1998,5.8,6,4,6,0,0,4,7,57.1,3,12,8,4,4,10,40,2,Matches
477,Syb Van Ottele,nl NED,"DF,MF",Heerenveen,21,2002,15.9,29,20,19,8,2,16,35,45.7,19,24,11,13,22,51,62,3,Matches
478,Joey Veerman,nl NED,MF,PSV Eindhoven,24,1998,26.5,68,45,35,24,9,38,77,49.4,39,30,4,26,20,88,33,1,Matches
479,Marko Vejinović,nl NED,MF,Heracles Almelo,33,1990,13.7,40,28,17,21,2,16,33,48.5,17,31,7,24,15,55,37,0,Matches
480,Odysseus Velanas,nl NED,"MF,FW",Zwolle,25,1998,23.8,24,18,14,3,7,16,43,37.2,27,20,4,16,7,31,35,0,Matches
481,Apostolos Vellios,gr GRE,"FW,MF",Zwolle,31,1992,8.1,2,2,0,1,1,1,5,20.0,4,1,0,1,0,2,19,0,Matches
482,Tijs Velthuis,nl NED,DF,Sparta R'dam,21,2002,19.6,26,18,17,8,1,16,20,80.0,4,16,7,9,6,32,103,0,Matches
483,Calvin Verdonk,id IDN,DF,NEC Nijmegen,26,1997,31.7,109,71,70,29,10,55,86,64.0,31,52,17,35,39,148,123,3,Matches
484,Hobie Verhulst,nl NED,GK,AZ Alkmaar,30,1993,1.0,0,0,0,0,0,0,0,,0,0,0,0,0,0,1,0,Matches
485,Michael Verrips,nl NED,GK,Fortuna Sittard,26,1996,12.0,0,0,0,0,0,0,0,,0,0,0,0,0,0,6,0,Matches
486,Arno Verschueren,be BEL,MF,Sparta R'dam,26,1997,26.3,53,35,23,23,7,14,37,37.8,23,28,4,24,18,71,23,1,Matches
487,Yorbe Vertessen,be BEL,FW,PSV Eindhoven,22,2001,4.9,5,4,3,0,2,5,12,41.7,7,3,1,2,1,6,6,0,Matches
488,Niklas Vesterlund,dk DEN,"DF,FW",Utrecht,24,1999,3.0,5,4,5,0,0,4,5,80.0,1,8,5,3,1,6,10,0,Matches
489,Nick Viergever,nl NED,DF,Utrecht,33,1989,22.8,32,15,24,5,3,23,31,74.2,8,29,18,11,13,45,93,1,Matches
490,Andy Visser,nl NED,FW,Vitesse,18,2004,2.7,0,0,0,0,0,0,1,0.0,1,1,0,1,0,0,1,0,Matches
491,Rémy Vita,km COM,"DF,MF",Fortuna Sittard,22,2001,6.6,23,17,13,9,1,10,21,47.6,11,11,3,8,11,34,14,0,Matches
492,Michel Vlap,nl NED,FW,Twente,26,1997,21.9,17,14,5,10,2,9,23,39.1,14,13,0,13,16,33,13,0,Matches
493,Joel Voelkerling Persson,se SWE,FW,Vitesse,20,2003,3.3,1,1,0,1,0,0,1,0.0,1,0,0,0,0,1,2,0,Matches
494,Siemen Voet,be BEL,DF,Fortuna Sittard,23,2000,10.9,24,18,16,5,3,16,24,66.7,8,17,10,7,18,42,49,0,Matches
495,Silvano Vos,nl NED,MF,Ajax,18,2005,3.9,5,5,2,3,0,3,8,37.5,5,8,4,4,12,17,2,0,Matches
496,Bart Vriends,nl NED,DF,Sparta R'dam,32,1991,24.5,25,18,18,6,1,15,23,65.2,8,29,17,12,30,55,124,2,Matches
497,Patrick Vroegh,nl NED,MF,RKC Waalwijk,23,1999,0.2,0,0,0,0,0,0,0,,0,0,0,0,0,0,0,0,Matches
498,Patrik Wålemark,se SWE,FW,Heerenveen,21,2001,13.8,25,16,11,9,5,13,28,46.4,15,17,2,15,9,34,13,0,Matches
499,Django Warmerdam,nl NED,"DF,FW",Sparta R'dam,27,1995,9.9,19,13,9,7,3,14,24,58.3,10,10,1,9,12,31,29,0,Matches
500,Boy Waterman,nl NED,GK,PSV Eindhoven,39,1984,0.1,0,0,0,0,0,0,0,,0,0,0,0,0,0,0,0,Matches
501,Charlie Webster,eng ENG,"MF,FW",Heerenveen,19,2004,2.6,7,6,1,6,0,4,10,40.0,6,2,0,2,2,9,2,0,Matches
502,Lasse Wehmeyer,de GER,FW,Heracles Almelo,20,2002,1.9,0,0,0,0,0,0,3,0.0,3,1,1,0,0,0,1,0,Matches
503,Daouda Weidmann,ci CIV,"MF,DF",RKC Waalwijk,20,2003,0.3,0,0,0,0,0,0,0,,0,0,0,0,1,1,1,0,Matches
504,Timon Wellenreuther,de GER,GK,Feyenoord,27,1995,17.8,1,1,1,0,0,1,2,50.0,1,0,0,0,0,1,8,0,Matches
505,Sai van Wermeskerken,jp JPN,DF,NEC Nijmegen,29,1994,1.8,4,3,2,1,1,3,6,50.0,3,5,2,3,4,8,7,0,Matches
506,Casper Widell,se SWE,DF,Excelsior,20,2003,25.8,21,11,15,5,1,11,22,50.0,11,39,25,14,38,59,121,0,Matches
507,Jannes Wieckhoff,de GER,DF,Heracles Almelo,22,2000,15.1,40,26,28,9,3,29,51,56.9,22,23,10,13,12,52,33,1,Matches
508,Mats Wieffer,nl NED,MF,Feyenoord,23,1999,28.8,83,44,26,45,12,50,90,55.6,40,68,16,52,50,133,38,0,Matches
509,Owen Wijndal,nl NED,DF,Ajax,23,1999,0.5,2,1,2,0,0,1,2,50.0,1,0,0,0,1,3,0,0,Matches
510,Jetro Willems,nl NED,DF,Heracles Almelo,29,1994,11.9,18,12,14,3,1,11,16,68.8,5,13,6,7,10,28,40,1,Matches
511,Dani de Wit,nl NED,MF,AZ Alkmaar,25,1998,27.9,46,25,8,26,12,19,46,41.3,27,33,6,27,16,62,30,0,Matches
512,Mees de Wit,nl NED,DF,AZ Alkmaar,25,1998,4.6,10,7,4,5,1,3,6,50.0,3,5,3,2,3,13,16,0,Matches
513,Maximilian Wittek,de GER,DF,Vitesse,27,1995,1.0,2,1,1,1,0,2,4,50.0,2,0,0,0,1,3,2,0,Matches
514,Melle Witteveen,nl NED,FW,Heerenveen,20,2003,0.8,1,0,1,0,0,1,3,33.3,2,1,0,1,1,2,1,0,Matches
515,Ricky van Wolfswinkel,nl NED,"FW,MF",Twente,34,1989,21.0,24,14,6,10,8,3,12,25.0,9,28,1,27,9,33,18,0,Matches
516,Redouan El Yaakoubi,nl NED,"DF,MF",Excelsior,27,1996,25.1,45,27,28,13,4,20,43,46.5,23,25,16,9,30,75,113,0,Matches
517,Mehmet Yuksel,nl NED,"DF,FW",Sparta R'dam,21,2001,0.1,1,1,0,1,0,0,0,,0,0,0,0,0,1,0,0,Matches
518,Arthur Zagre,fr FRA,DF,Excelsior,21,2001,25.7,76,48,58,14,4,31,47,66.0,16,39,12,27,43,119,60,3,Matches
519,Gjivai Zechiël,nl NED,"DF,MF",Feyenoord,19,2004,0.3,3,0,1,2,0,3,4,75.0,1,1,0,1,0,3,1,0,Matches
520,Lequincio Zeefuik,nl NED,"MF,FW",AZ Alkmaar,18,2004,0.7,0,0,0,0,0,0,0,,0,0,0,0,0,0,2,0,Matches
521,Lequincio Zeefuik,nl NED,"FW,MF",Volendam,18,2004,8.6,7,4,1,5,1,1,2,50.0,1,11,0,11,1,8,9,0,Matches
522,Ramiz Zerrouki,dz ALG,MF,Feyenoord,25,1998,15.4,39,24,17,18,4,18,29,62.1,11,27,6,21,17,56,24,0,Matches
523,Giovanni van Zwam,nl NED,DF,Vitesse,19,2004,5.5,16,12,10,5,1,13,22,59.1,9,11,4,7,6,22,14,0,Matches
524,Willum Þór Willumsson,is ISL,MF,Go Ahead Eag,24,1998,29.7,32,17,7,18,7,6,18,33.3,12,25,6,19,12,44,44,0,Matches
