Unnamed: 0_level_0_Rk,Unnamed: 1_level_0_Player,Unnamed: 2_level_0_Nation,Unnamed: 3_level_0_Pos,Unnamed: 4_level_0_Squad,Unnamed: 5_level_0_Age,Unnamed: 6_level_0_Born,Playing Time_MP,Playing Time_Starts,Playing Time_Min,Playing Time_90s,Performance_Gls,Performance_Ast,Performance_G+A,Performance_G-PK,Performance_PK,Performance_PKatt,Performance_CrdY,Performance_CrdR,Expected_xG,Expected_npxG,Expected_xAG,Expected_npxG+xAG,Progression_PrgC,Progression_PrgP,Progression_PrgR,Per 90 Minutes_Gls,Per 90 Minutes_Ast,Per 90 Minutes_G+A,Per 90 Minutes_G-PK,Per 90 Minutes_G+A-PK,Per 90 Minutes_xG,Per 90 Minutes_xAG,Per 90 Minutes_xG+xAG,Per 90 Minutes_npxG,Per 90 Minutes_npxG+xAG,Unnamed: 36_level_0_Matches
1,Patrick van Aanholt,nl NED,DF,PSV Eindhoven,32,1990,24,9,1114,12.4,1,1,2,1,0,0,0,0,2.1,2.1,2.3,4.5,40,65,98,0.08,0.08,0.16,0.08,0.16,0.17,0.19,0.36,0.17,0.36,Matches
2,Paxten Aaronson,us USA,MF,Vitesse,19,2003,14,14,1253,13.9,4,0,4,4,0,0,4,0,5.0,5.0,1.7,6.8,34,43,61,0.29,0.00,0.29,0.29,0.29,0.36,0.12,0.48,0.36,0.48,Matches
3,Jayden Addai,nl NED,FW,AZ Alkmaar,17,2005,8,2,297,3.3,0,0,0,0,0,0,1,0,0.2,0.2,0.1,0.4,11,8,29,0.00,0.00,0.00,0.00,0.00,0.07,0.04,0.11,0.07,0.11,Matches
4,Bobby Adekanye,nl NED,FW,Go Ahead Eag,24,1999,28,23,1804,20.0,0,5,5,0,0,0,4,1,2.6,2.6,5.7,8.3,67,51,114,0.00,0.25,0.25,0.00,0.25,0.13,0.29,0.41,0.13,0.41,Matches
5,Shawn Adewoye,be BEL,DF,RKC Waalwijk,23,2000,29,26,2338,26.0,1,0,1,1,0,0,1,1,1.3,1.3,0.4,1.7,26,97,3,0.04,0.00,0.04,0.04,0.04,0.05,0.02,0.07,0.05,0.07,Matches
6,Nikolas Agrafiotis,nl NED,FW,Excelsior,23,2000,18,10,758,8.4,5,2,7,5,0,0,0,0,4.0,4.0,1.3,5.3,7,12,44,0.59,0.24,0.83,0.59,0.83,0.47,0.16,0.62,0.47,0.62,Matches
7,Chuba Akpom,eng ENG,"FW,MF",Ajax,27,1995,25,8,1049,11.7,11,3,14,11,0,0,0,0,9.0,9.0,1.9,10.9,24,38,74,0.94,0.26,1.20,0.94,1.20,0.77,0.16,0.93,0.77,0.93,Matches
8,Hamdi Akujobi,nl NED,"DF,FW",Almere City,23,2000,23,16,1557,17.3,0,2,2,0,0,0,4,0,1.0,1.0,1.4,2.5,29,50,64,0.00,0.12,0.12,0.00,0.12,0.06,0.08,0.14,0.06,0.14,Matches
9,Hussein Ali,iq IRQ,"DF,FW",Heerenveen,21,2002,15,8,699,7.8,0,0,0,0,0,0,0,0,0.4,0.4,0.7,1.1,13,16,34,0.00,0.00,0.00,0.00,0.00,0.06,0.09,0.15,0.06,0.15,Matches
10,Jordi Altena,nl NED,MF,Vitesse,19,2003,2,0,5,0.1,0,0,0,0,0,0,0,0,0.0,0.0,0.0,0.0,0,0,1,0.00,0.00,0.00,0.00,0.00,0.00,0.00,0.00,0.00,0.00,Matches
11,Ben Aissa Ben Amar,ma MAR,DF,Volendam,26,1997,31,27,2270,25.2,4,0,4,4,0,0,7,1,2.6,2.6,0.1,2.6,29,107,7,0.16,0.00,0.16,0.16,0.16,0.10,0.00,0.10,0.10,0.10,Matches
12,Jaydon Amauri Banel,nl NED,"FW,MF",Ajax,18,2004,5,1,93,1.0,0,1,1,0,0,0,0,0,0.4,0.4,0.2,0.7,3,1,5,0.00,0.97,0.97,0.00,0.97,0.44,0.21,0.64,0.44,0.64,Matches
13,Pelle van Amersfoort,nl NED,FW,Heerenveen,27,1996,31,26,2130,23.7,10,1,11,10,0,0,3,0,9.9,9.9,1.8,11.6,23,37,82,0.42,0.04,0.46,0.42,0.46,0.42,0.07,0.49,0.42,0.49,Matches
14,Jamal Amofa,nl NED,DF,Go Ahead Eag,24,1998,22,20,1669,18.5,1,0,1,1,0,0,7,1,0.3,0.3,0.3,0.6,25,71,4,0.05,0.00,0.05,0.05,0.05,0.02,0.02,0.03,0.02,0.03,Matches
15,Silas Andersen,dk DEN,FW,Utrecht,19,2004,1,0,9,0.1,0,0,0,0,0,0,0,0,0.0,0.0,0.0,0.0,0,1,0,0.00,0.00,0.00,0.00,0.00,0.00,0.00,0.00,0.00,0.00,Matches
16,Augustin Anello,it ITA,"FW,MF",Sparta R'dam,21,2002,8,1,225,2.5,0,0,0,0,0,0,0,0,0.3,0.3,0.1,0.4,5,5,23,0.00,0.00,0.00,0.00,0.00,0.11,0.05,0.17,0.11,0.17,Matches
17,Joey Antonioli,nl NED,MF,Volendam,19,2003,3,1,100,1.1,0,0,0,0,0,0,0,0,0.0,0.0,0.0,0.0,0,1,5,0.00,0.00,0.00,0.00,0.00,0.00,0.03,0.03,0.00,0.03,Matches
18,Carlens Arcus,ht HAI,DF,Vitesse,27,1996,30,25,2177,24.2,0,4,4,0,0,0,4,0,0.2,0.2,3.2,3.5,40,143,103,0.00,0.17,0.17,0.00,0.17,0.01,0.13,0.14,0.01,0.14,Matches
19,D'Leanu Arts,nl NED,DF,NEC Nijmegen,20,2003,3,0,27,0.3,0,0,0,0,0,0,1,0,0.0,0.0,0.0,0.0,0,3,0,0.00,0.00,0.00,0.00,0.00,0.00,0.00,0.00,0.00,0.00,Matches
20,Gastón Ávila,ar ARG,DF,Ajax,21,2001,5,4,354,3.9,0,0,0,0,0,0,1,0,0.2,0.2,0.6,0.8,6,26,4,0.00,0.00,0.00,0.00,0.00,0.04,0.16,0.20,0.04,0.20,Matches
21,Marouan Azarkan,nl NED,FW,Utrecht,21,2001,18,9,794,8.8,0,1,1,0,0,0,3,0,0.3,0.3,1.2,1.5,31,45,71,0.00,0.11,0.11,0.00,0.11,0.04,0.13,0.17,0.04,0.17,Matches
22,Anouar El Azzouzi,nl NED,MF,Zwolle,22,2001,22,14,1313,14.6,0,0,0,0,0,0,5,1,0.8,0.8,0.7,1.5,16,67,12,0.00,0.00,0.00,0.00,0.00,0.05,0.05,0.10,0.05,0.10,Matches
23,Julian Baas,nl NED,MF,Excelsior,21,2002,33,33,2882,32.0,2,2,4,1,1,1,8,0,1.7,0.9,3.4,4.3,20,95,46,0.06,0.06,0.12,0.03,0.09,0.05,0.11,0.16,0.03,0.14,Matches
24,Youri Baas,nl NED,"DF,FW",NEC Nijmegen,20,2003,27,18,1719,19.1,3,3,6,3,0,0,4,0,2.1,2.1,2.2,4.3,38,52,92,0.16,0.16,0.31,0.16,0.31,0.11,0.12,0.23,0.11,0.23,Matches
25,Isaac Babadi,nl NED,MF,PSV Eindhoven,18,2005,16,3,355,3.9,1,0,1,1,0,0,1,0,1.2,1.2,0.2,1.3,14,30,18,0.25,0.00,0.25,0.25,0.25,0.30,0.05,0.34,0.30,0.34,Matches
26,Mio Backhaus,de GER,GK,Volendam,19,2004,33,32,2881,32.0,0,0,0,0,0,0,3,0,0.0,0.0,0.0,0.0,0,2,0,0.00,0.00,0.00,0.00,0.00,0.00,0.00,0.00,0.00,0.00,Matches
27,Thibo Baeten,be BEL,"FW,MF",Go Ahead Eag,21,2002,26,8,908,10.1,0,2,2,0,0,0,3,0,1.1,1.1,2.2,3.3,19,21,67,0.00,0.20,0.20,0.00,0.20,0.11,0.22,0.33,0.11,0.33,Matches
28,Saïd Bakari,km COM,DF,Sparta R'dam,28,1994,33,32,2849,31.7,0,2,2,0,0,0,3,1,1.1,1.1,2.1,3.1,45,93,135,0.00,0.06,0.06,0.00,0.06,0.03,0.06,0.10,0.03,0.10,Matches
29,Johan Bakayoko,be BEL,FW,PSV Eindhoven,20,2003,33,29,2493,27.7,12,9,21,12,0,0,1,0,8.7,8.7,8.0,16.6,197,97,434,0.43,0.32,0.76,0.43,0.76,0.31,0.29,0.60,0.31,0.60,Matches
30,Navajo Bakboord,nl NED,DF,Heracles Almelo,24,1999,22,20,1683,18.7,0,1,1,0,0,0,4,0,0.7,0.7,1.7,2.4,32,69,58,0.00,0.05,0.05,0.00,0.05,0.04,0.09,0.13,0.04,0.13,Matches
31,Zakaria Bakkali,be BEL,"MF,FW",RKC Waalwijk,27,1996,18,8,722,8.0,0,0,0,0,0,0,0,0,1.4,1.4,0.8,2.2,32,21,71,0.00,0.00,0.00,0.00,0.00,0.17,0.10,0.27,0.17,0.27,Matches
32,Nordin Bakker,nl NED,GK,Almere City,25,1997,29,29,2596,28.8,0,0,0,0,0,0,0,0,0.0,0.0,0.0,0.0,0,0,0,0.00,0.00,0.00,0.00,0.00,0.00,0.00,0.00,0.00,0.00,Matches
33,Jesse Bal,nl NED,MF,Sparta R'dam,16,2006,2,0,5,0.1,0,0,0,0,0,0,0,0,0.0,0.0,0.0,0.0,0,0,0,0.00,0.00,0.00,0.00,0.00,0.00,0.00,0.00,0.00,0.00,Matches
34,Théo Barbet,fr FRA,DF,Almere City,22,2001,29,19,1818,20.2,0,1,1,0,0,0,4,0,0.6,0.6,1.3,1.9,14,58,3,0.00,0.05,0.05,0.00,0.05,0.03,0.07,0.10,0.03,0.10,Matches
35,Vasilios Barkas,gr GRE,GK,Utrecht,29,1994,29,29,2610,29.0,0,0,0,0,0,0,2,0,0.0,0.0,0.4,0.4,0,1,0,0.00,0.00,0.00,0.00,0.00,0.00,0.01,0.01,0.00,0.01,Matches
36,Riechedly Bazoer,cw CUW,DF,AZ Alkmaar,26,1996,30,29,2427,27.0,0,1,1,0,0,0,5,0,0.3,0.3,1.0,1.3,39,167,3,0.00,0.04,0.04,0.00,0.04,0.01,0.04,0.05,0.01,0.05,Matches
37,Sven van Beek,nl NED,DF,Heerenveen,29,1994,30,30,2617,29.1,1,1,2,1,0,0,3,0,1.1,1.1,0.8,1.9,25,122,10,0.03,0.03,0.07,0.03,0.07,0.04,0.03,0.06,0.04,0.06,Matches
38,Thomas Beelen,nl NED,DF,Feyenoord,22,2001,20,14,1297,14.4,0,0,0,0,0,0,1,0,0.8,0.8,0.4,1.2,26,120,4,0.00,0.00,0.00,0.00,0.00,0.05,0.03,0.08,0.05,0.08,Matches
39,Kristijan Belic,rs SRB,MF,AZ Alkmaar,22,2001,14,13,921,10.2,0,1,1,0,0,0,6,0,0.9,0.9,0.4,1.2,13,64,17,0.00,0.10,0.10,0.00,0.10,0.09,0.04,0.12,0.09,0.12,Matches
40,Mouhamed Belkheir,fr FRA,"FW,MF",Fortuna Sittard,24,1999,15,1,422,4.7,1,0,1,1,0,1,1,1,2.1,1.3,0.0,1.4,4,8,22,0.21,0.00,0.21,0.21,0.21,0.45,0.01,0.46,0.28,0.29,Matches
41,Armel Bella Kotchap,de GER,DF,PSV Eindhoven,21,2001,4,2,162,1.8,0,0,0,0,0,0,0,0,0.7,0.7,0.0,0.7,3,13,0,0.00,0.00,0.00,0.00,0.00,0.37,0.00,0.37,0.37,0.37,Matches
42,Mimeirhel Benita,nl NED,DF,Excelsior,19,2003,20,9,947,10.5,0,1,1,0,0,0,2,0,0.2,0.2,0.5,0.7,7,29,40,0.00,0.10,0.10,0.00,0.10,0.02,0.04,0.07,0.02,0.07,Matches
43,Walter Benítez,ar ARG,GK,PSV Eindhoven,30,1993,33,33,2964,32.9,0,0,0,0,0,0,1,0,0.0,0.0,0.0,0.0,0,0,0,0.00,0.00,0.00,0.00,0.00,0.00,0.00,0.00,0.00,0.00,Matches
44,Mitchell van Bergen,nl NED,FW,Twente,23,1999,21,2,520,5.8,0,1,1,0,0,0,0,0,1.2,1.2,1.4,2.6,46,26,84,0.00,0.17,0.17,0.00,0.17,0.20,0.24,0.44,0.20,0.44,Matches
45,Steven Berghuis,nl NED,"FW,MF",Ajax,31,1991,20,16,1443,16.0,5,8,13,5,0,0,1,0,3.8,3.8,6.8,10.6,55,140,176,0.31,0.50,0.81,0.31,0.81,0.24,0.42,0.66,0.24,0.66,Matches
46,Steven Bergwijn,nl NED,"FW,MF",Ajax,25,1997,24,23,1944,21.6,12,4,16,7,5,5,5,1,10.0,6.1,6.4,12.5,75,109,171,0.56,0.19,0.74,0.32,0.51,0.46,0.30,0.76,0.28,0.58,Matches
47,Gijs Besselink,nl NED,"FW,MF",Twente,19,2004,8,0,57,0.6,0,0,0,0,0,0,0,0,0.0,0.0,0.0,0.0,1,5,1,0.00,0.00,0.00,0.00,0.00,0.00,0.02,0.02,0.00,0.02,Matches
48,Justin Bijlow,nl NED,GK,Feyenoord,25,1998,17,17,1462,16.2,0,0,0,0,0,0,1,0,0.0,0.0,0.0,0.0,0,4,0,0.00,0.00,0.00,0.00,0.00,0.00,0.00,0.00,0.00,0.00,Matches
49,Daan Bisschops,nl NED,FW,Fortuna Sittard,18,2005,1,0,1,0.0,0,0,0,0,0,0,0,0,0.0,0.0,0.0,0.0,0,0,0,0.00,0.00,0.00,0.00,0.00,0.00,0.00,0.00,0.00,0.00,Matches
50,Adrian Blake,eng ENG,"FW,MF",Utrecht,18,2005,5,0,30,0.3,1,1,2,1,0,0,0,0,0.5,0.5,0.1,0.6,3,2,6,3.00,3.00,6.00,3.00,6.00,1.57,0.27,1.83,1.57,1.83,Matches
51,Xander Blomme,be BEL,MF,Go Ahead Eag,21,2002,12,8,711,7.9,0,0,0,0,0,0,3,0,0.1,0.1,0.1,0.2,1,44,2,0.00,0.00,0.00,0.00,0.00,0.02,0.01,0.03,0.02,0.03,Matches
52,Myron Boadu,nl NED,"FW,MF",Twente,22,2001,11,2,301,3.3,3,0,3,3,0,0,1,0,4.1,4.1,0.1,4.2,7,7,27,0.90,0.00,0.90,0.90,0.90,1.22,0.03,1.25,1.22,1.25,Matches
53,Paweł Bochniewicz,pl POL,DF,Heerenveen,27,1996,29,26,2311,25.7,3,1,4,3,0,0,2,0,1.4,1.4,0.4,1.8,28,122,10,0.12,0.04,0.16,0.12,0.16,0.05,0.02,0.07,0.05,0.07,Matches
54,Ruben van Bommel,nl NED,FW,AZ Alkmaar,18,2004,29,21,1548,17.2,6,1,7,6,0,0,2,0,3.7,3.7,2.7,6.4,53,66,176,0.35,0.06,0.41,0.35,0.41,0.22,0.16,0.37,0.22,0.37,Matches
55,Taylor Booth,us USA,FW,Utrecht,22,2001,17,13,867,9.6,5,0,5,5,0,0,0,0,2.0,2.0,0.7,2.8,37,21,81,0.52,0.00,0.52,0.52,0.52,0.21,0.08,0.29,0.21,0.29,Matches
56,Zach Booth,us USA,"MF,FW",Volendam,19,2004,27,16,1558,17.3,2,2,4,2,0,0,0,0,3.8,3.8,1.6,5.3,42,21,78,0.12,0.12,0.23,0.12,0.23,0.22,0.09,0.31,0.22,0.31,Matches
57,Yvandro Borges Sanches,lu LUX,"FW,MF",NEC Nijmegen,19,2004,8,1,216,2.4,0,0,0,0,0,0,0,0,0.6,0.6,0.4,1.1,10,10,26,0.00,0.00,0.00,0.00,0.00,0.25,0.18,0.44,0.25,0.44,Matches
58,Olivier Boscagli,fr FRA,DF,PSV Eindhoven,25,1997,33,32,2832,31.5,3,3,6,3,0,0,3,0,2.1,2.1,3.1,5.2,52,374,12,0.10,0.10,0.19,0.10,0.19,0.07,0.10,0.17,0.07,0.17,Matches
59,Othman Boussaid,be BEL,FW,Utrecht,23,2000,29,23,1974,21.9,4,3,7,4,0,0,2,0,3.0,3.0,4.2,7.2,71,156,154,0.18,0.14,0.32,0.18,0.32,0.14,0.19,0.33,0.14,0.33,Matches
60,Amine Boutrah,fr FRA,FW,Vitesse,22,2000,29,20,1822,20.2,3,2,5,3,0,0,3,0,2.8,2.8,1.5,4.3,85,63,182,0.15,0.10,0.25,0.15,0.25,0.14,0.07,0.21,0.14,0.21,Matches
61,Can Bozdogan,de GER,MF,Utrecht,22,2001,31,21,1963,21.8,3,1,4,3,0,0,4,0,1.6,1.6,1.7,3.3,30,86,60,0.14,0.05,0.18,0.14,0.18,0.07,0.08,0.15,0.07,0.15,Matches
62,Jayden Braaf,nl NED,"FW,MF",Fortuna Sittard,20,2002,6,0,49,0.5,0,0,0,0,0,0,0,0,0.2,0.2,0.0,0.2,0,0,5,0.00,0.00,0.00,0.00,0.00,0.36,0.03,0.39,0.36,0.39,Matches
63,Mattijs Branderhorst,nl NED,GK,Utrecht,29,1993,5,5,450,5.0,0,0,0,0,0,0,0,0,0.0,0.0,0.0,0.0,0,0,0,0.00,0.00,0.00,0.00,0.00,0.00,0.00,0.00,0.00,0.00,Matches
64,Oliver Braude,no NOR,DF,Heerenveen,19,2004,28,24,2116,23.5,0,2,2,0,0,0,6,1,0.2,0.2,0.8,1.0,33,78,85,0.00,0.09,0.09,0.00,0.09,0.01,0.04,0.04,0.01,0.04,Matches
65,Myron van Brederode,nl NED,FW,AZ Alkmaar,20,2003,29,13,1311,14.6,2,4,6,2,0,0,1,0,1.7,1.7,3.2,4.9,64,82,146,0.14,0.27,0.41,0.14,0.41,0.11,0.22,0.34,0.11,0.34,Matches
66,Joshua Brenet,cw CUW,DF,Twente,29,1994,15,13,1078,12.0,2,2,4,2,0,0,1,0,1.3,1.3,1.4,2.7,31,64,62,0.17,0.17,0.33,0.17,0.33,0.11,0.11,0.22,0.11,0.22,Matches
67,Jakob Breum,dk DEN,FW,Go Ahead Eag,19,2003,32,15,1450,16.1,3,2,5,3,0,0,2,0,4.6,4.6,3.0,7.6,49,60,122,0.19,0.12,0.31,0.19,0.31,0.29,0.18,0.47,0.29,0.47,Matches
68,Brian Brobbey,nl NED,FW,Ajax,21,2002,30,29,2405,26.7,18,8,26,18,0,1,4,0,19.8,19.0,6.3,25.3,53,30,211,0.67,0.30,0.97,0.67,0.97,0.74,0.24,0.98,0.71,0.95,Matches
69,Michael Brouwer,nl NED,GK,Heracles Almelo,30,1993,34,34,3060,34.0,0,1,1,0,0,0,0,0,0.0,0.0,0.3,0.3,0,0,0,0.00,0.03,0.03,0.00,0.03,0.00,0.01,0.01,0.00,0.01,Matches
70,Luuk Brouwers,nl NED,MF,Heerenveen,25,1998,26,25,2025,22.5,6,1,7,6,0,0,4,0,2.5,2.5,4.1,6.6,22,79,92,0.27,0.04,0.31,0.27,0.31,0.11,0.18,0.30,0.11,0.30,Matches
71,Damian van Bruggen,nl NED,DF,Almere City,27,1996,31,30,2500,27.8,0,0,0,0,0,0,8,1,0.4,0.4,0.6,1.0,0,58,3,0.00,0.00,0.00,0.00,0.00,0.01,0.02,0.04,0.01,0.04,Matches
72,Jordy Bruijn,nl NED,MF,Heracles Almelo,27,1996,14,11,680,7.6,1,2,3,1,0,0,1,0,1.2,1.2,0.8,2.0,6,14,22,0.13,0.26,0.40,0.13,0.40,0.16,0.10,0.26,0.16,0.26,Matches
73,Jeffrey Bruma,nl NED,DF,RKC Waalwijk,31,1991,12,3,400,4.4,0,0,0,0,0,0,2,1,0.2,0.2,0.1,0.3,5,24,1,0.00,0.00,0.00,0.00,0.00,0.04,0.02,0.07,0.04,0.07,Matches
74,Max Bruns,nl NED,DF,Twente,20,2002,12,5,566,6.3,0,0,0,0,0,0,0,1,0.4,0.4,0.0,0.4,5,30,0,0.00,0.00,0.00,0.00,0.00,0.06,0.00,0.06,0.06,0.06,Matches
75,Thomas Bruns,nl NED,"MF,FW",Heracles Almelo,31,1992,24,8,1082,12.0,0,2,2,0,0,0,10,0,1.0,1.0,2.1,3.1,15,54,55,0.00,0.17,0.17,0.00,0.17,0.09,0.17,0.26,0.09,0.26,Matches
76,Charles-Andréas Brym,ca CAN,"FW,MF",Sparta R'dam,24,1998,31,12,1379,15.3,4,2,6,4,0,0,1,0,4.1,4.1,2.3,6.3,37,40,94,0.26,0.13,0.39,0.26,0.39,0.26,0.15,0.41,0.26,0.41,Matches
77,Thomas Buitink,nl NED,FW,Vitesse,23,2000,13,5,479,5.3,1,3,4,1,0,0,0,0,0.4,0.4,1.6,2.1,7,10,30,0.19,0.56,0.75,0.19,0.75,0.08,0.31,0.39,0.08,0.39,Matches
78,Stijn Bultman,nl NED,DF,Heracles Almelo,18,2005,14,11,1117,12.4,0,1,1,0,0,0,1,0,0.1,0.1,0.9,1.0,4,18,3,0.00,0.08,0.08,0.00,0.08,0.01,0.08,0.08,0.01,0.08,Matches
79,Oskar Buur,dk DEN,DF,Volendam,25,1998,24,20,1648,18.3,0,0,0,0,0,0,3,0,0.3,0.3,1.6,1.9,37,49,78,0.00,0.00,0.00,0.00,0.00,0.02,0.09,0.10,0.02,0.10,Matches
80,Zico Buurmeester,nl NED,MF,Zwolle,21,2002,17,15,1362,15.1,0,2,2,0,0,0,1,1,0.7,0.7,0.9,1.6,9,60,29,0.00,0.13,0.13,0.00,0.13,0.05,0.06,0.11,0.05,0.11,Matches
81,Yoann Cathline,fr FRA,"DF,FW",Almere City,21,2002,28,19,1718,19.1,4,2,6,4,0,0,2,0,2.8,2.8,1.6,4.5,72,42,141,0.21,0.10,0.31,0.21,0.31,0.15,0.09,0.23,0.15,0.23,Matches
82,Sava Cestic,rs SRB,DF,Heracles Almelo,22,2001,6,2,211,2.3,0,0,0,0,0,0,1,0,0.1,0.1,0.0,0.1,1,7,1,0.00,0.00,0.00,0.00,0.00,0.06,0.00,0.06,0.06,0.06,Matches
83,Tjaronn Chery,sr SUR,"MF,FW",NEC Nijmegen,35,1988,14,12,1037,11.5,5,2,7,5,0,0,0,0,3.2,3.2,2.5,5.7,27,65,57,0.43,0.17,0.61,0.43,0.61,0.28,0.21,0.49,0.28,0.49,Matches
84,Jasper Cillessen,nl NED,GK,NEC Nijmegen,34,1989,30,30,2640,29.3,0,0,0,0,0,0,1,0,0.0,0.0,0.1,0.1,0,0,0,0.00,0.00,0.00,0.00,0.00,0.00,0.00,0.00,0.00,0.00,Matches
85,Jordy Clasie,nl NED,MF,AZ Alkmaar,32,1991,28,28,2468,27.4,2,3,5,2,0,0,4,0,0.9,0.9,2.2,3.1,28,211,41,0.07,0.11,0.18,0.07,0.18,0.03,0.08,0.11,0.03,0.11,Matches
86,Pelle Clement,nl NED,"MF,FW",Sparta R'dam,27,1996,29,21,1900,21.1,2,4,6,2,0,0,4,0,2.3,2.3,2.5,4.8,34,89,86,0.09,0.19,0.28,0.09,0.28,0.11,0.12,0.23,0.11,0.23,Matches
87,Denilho Cleonise,nl NED,"FW,MF",RKC Waalwijk,21,2001,33,24,1800,20.0,1,4,5,1,0,0,0,0,3.4,3.4,3.3,6.6,99,38,145,0.05,0.20,0.25,0.05,0.25,0.17,0.16,0.33,0.17,0.33,Matches
88,Iñigo Córdoba,es ESP,"FW,MF",Fortuna Sittard,26,1997,33,31,2631,29.2,4,2,6,4,0,0,2,0,6.2,6.2,3.6,9.8,112,103,222,0.14,0.07,0.21,0.14,0.21,0.21,0.12,0.34,0.21,0.34,Matches
89,Enzo Cornelisse,nl NED,"DF,MF",Vitesse,20,2003,27,12,1538,17.1,0,0,0,0,0,0,2,0,0.1,0.1,0.8,0.9,7,44,32,0.00,0.00,0.00,0.00,0.00,0.00,0.05,0.05,0.00,0.05,Matches
90,Milan Corryn,be BEL,"MF,FW",Almere City,24,1999,7,1,160,1.8,0,1,1,0,0,0,0,0,0.1,0.1,0.3,0.4,2,5,5,0.00,0.56,0.56,0.00,0.56,0.08,0.16,0.25,0.08,0.25,Matches
91,George Cox,eng ENG,"DF,MF",Volendam,25,1998,23,23,1913,21.3,0,1,1,0,0,0,3,0,0.4,0.4,2.5,2.9,39,75,56,0.00,0.05,0.05,0.00,0.05,0.02,0.12,0.14,0.02,0.14,Matches
92,Vito van Crooij,nl NED,FW,Sparta R'dam,27,1996,3,3,262,2.9,0,1,1,0,0,0,1,0,0.3,0.3,0.7,1.0,7,10,13,0.00,0.34,0.34,0.00,0.34,0.10,0.23,0.33,0.10,0.33,Matches
93,Alessio da Cruz,cv CPV,"FW,MF",Fortuna Sittard,26,1997,15,3,401,4.5,1,1,2,1,0,0,0,0,0.1,0.1,1.7,1.7,8,6,26,0.22,0.22,0.45,0.22,0.45,0.02,0.37,0.39,0.02,0.39,Matches
94,Lennart-Marten Czyborra,de GER,DF,Zwolle,24,1999,5,2,153,1.7,0,0,0,0,0,0,1,0,0.0,0.0,0.0,0.1,5,5,11,0.00,0.00,0.00,0.00,0.00,0.00,0.03,0.03,0.00,0.03,Matches
95,Tiago Dantas,pt POR,MF,AZ Alkmaar,22,2000,20,6,693,7.7,1,1,2,1,0,0,0,0,1.4,1.4,0.8,2.2,13,64,14,0.13,0.13,0.26,0.13,0.26,0.18,0.11,0.29,0.18,0.29,Matches
96,Brian De Keersmaecker,be BEL,MF,Heracles Almelo,23,2000,33,33,2951,32.8,2,2,4,2,0,0,6,0,1.0,1.0,2.4,3.4,33,133,38,0.06,0.06,0.12,0.06,0.12,0.03,0.07,0.10,0.03,0.10,Matches
97,Jeffrey De Lange,nl NED,GK,Go Ahead Eag,25,1998,34,34,3060,34.0,0,0,0,0,0,0,2,0,0.1,0.1,0.0,0.1,0,0,1,0.00,0.00,0.00,0.00,0.00,0.00,0.00,0.00,0.00,0.00,Matches
98,Mats Deijl,nl NED,DF,Go Ahead Eag,26,1997,32,32,2780,30.9,1,2,3,0,1,1,2,0,1.6,0.8,1.6,2.4,15,96,85,0.03,0.06,0.10,0.00,0.06,0.05,0.05,0.10,0.03,0.08,Matches
99,Maxim Dekker,nl NED,DF,AZ Alkmaar,19,2004,5,0,81,0.9,0,0,0,0,0,0,0,0,0.0,0.0,0.0,0.0,1,1,1,0.00,0.00,0.00,0.00,0.00,0.00,0.00,0.00,0.00,0.00,Matches
100,Caner Demircioglu,nl NED,FW,Volendam,21,2002,1,0,5,0.1,0,0,0,0,0,0,0,0,0.0,0.0,0.0,0.0,0,0,0,0.00,0.00,0.00,0.00,0.00,0.00,0.00,0.00,0.00,0.00,Matches
101,Thomas van den Belt,nl NED,MF,Feyenoord,22,2001,9,3,274,3.0,0,0,0,0,0,0,0,0,0.5,0.5,0.2,0.7,6,10,21,0.00,0.00,0.00,0.00,0.00,0.17,0.06,0.22,0.17,0.22,Matches
102,Branco van den Boomen,nl NED,MF,Ajax,28,1995,21,11,1072,11.9,2,1,3,2,0,0,1,0,0.9,0.9,2.2,3.1,29,135,24,0.17,0.08,0.25,0.17,0.25,0.08,0.18,0.26,0.08,0.26,Matches
103,Damian van der Haar,nl NED,DF,Zwolle,19,2004,16,2,291,3.2,0,0,0,0,0,0,1,0,0.1,0.1,0.1,0.2,1,11,3,0.00,0.00,0.00,0.00,0.00,0.02,0.03,0.05,0.02,0.05,Matches
104,Mickey van der Hart,nl NED,GK,Heerenveen,29,1994,12,12,1080,12.0,0,0,0,0,0,0,1,0,0.0,0.0,0.1,0.1,0,0,0,0.00,0.00,0.00,0.00,0.00,0.00,0.01,0.01,0.00,0.01,Matches
105,Mike van der Hoorn,nl NED,DF,Utrecht,30,1992,21,20,1665,18.5,1,0,1,1,0,0,5,0,0.7,0.7,0.4,1.1,8,100,4,0.05,0.00,0.05,0.05,0.05,0.04,0.02,0.06,0.04,0.06,Matches
106,Djevencio van der Kust,sr SUR,DF,Sparta R'dam,22,2001,30,27,2504,27.8,1,6,7,1,0,0,4,0,0.7,0.7,3.4,4.1,57,108,113,0.04,0.22,0.25,0.04,0.25,0.02,0.12,0.15,0.02,0.15,Matches
107,Mark van der Maarel,nl NED,DF,Utrecht,33,1989,14,9,743,8.3,0,0,0,0,0,0,2,0,0.8,0.8,0.6,1.4,4,32,2,0.00,0.00,0.00,0.00,0.00,0.09,0.07,0.16,0.09,0.16,Matches
108,Silvester van der Water,nl NED,"FW,MF",Zwolle,26,1996,12,6,575,6.4,1,0,1,1,0,0,0,0,1.4,1.4,0.5,1.8,15,9,50,0.16,0.00,0.16,0.16,0.16,0.21,0.08,0.29,0.21,0.29,Matches
109,Anthony Descotte,be BEL,FW,Utrecht,19,2003,6,2,211,2.3,0,0,0,0,0,0,1,0,0.6,0.6,0.7,1.3,4,5,19,0.00,0.00,0.00,0.00,0.00,0.27,0.28,0.55,0.27,0.55,Matches
110,Sergiño Dest,us USA,DF,PSV Eindhoven,22,2000,25,25,2118,23.5,2,6,8,2,0,0,1,0,2.0,2.0,3.7,5.7,124,110,169,0.08,0.25,0.34,0.08,0.34,0.09,0.16,0.24,0.09,0.24,Matches
111,Mitchell Dijks,nl NED,DF,Fortuna Sittard,30,1993,31,27,2341,26.0,0,2,2,0,0,0,4,0,0.4,0.4,1.6,2.0,49,95,46,0.00,0.08,0.08,0.00,0.08,0.01,0.06,0.08,0.01,0.08,Matches
112,Javairô Dilrosun,nl NED,"FW,MF",Feyenoord,25,1998,8,3,315,3.5,1,1,2,1,0,0,0,0,0.4,0.4,0.9,1.3,23,16,43,0.29,0.29,0.57,0.29,0.57,0.12,0.26,0.38,0.12,0.38,Matches
113,Toni Domgjoni,xk KVX,MF,Vitesse,24,1998,15,6,671,7.5,0,0,0,0,0,0,2,0,0.0,0.0,0.2,0.2,6,29,13,0.00,0.00,0.00,0.00,0.00,0.01,0.02,0.03,0.01,0.03,Matches
114,Bas Dost,nl NED,FW,NEC Nijmegen,34,1989,8,5,463,5.1,3,2,5,2,1,1,1,0,2.0,1.2,1.5,2.7,0,12,26,0.58,0.39,0.97,0.39,0.78,0.38,0.29,0.67,0.23,0.52,Matches
115,Achraf Douiri,nl NED,"DF,FW",Volendam,23,1999,11,2,344,3.8,0,2,2,0,0,0,1,0,0.2,0.2,0.7,0.9,19,9,27,0.00,0.52,0.52,0.00,0.52,0.05,0.18,0.24,0.05,0.24,Matches
116,Anastasios Douvikas,gr GRE,FW,Utrecht,23,1999,2,2,180,2.0,0,0,0,0,0,0,0,0,0.4,0.4,0.3,0.8,6,3,13,0.00,0.00,0.00,0.00,0.00,0.22,0.17,0.38,0.22,0.38,Matches
117,Bram van Driel,nl NED,MF,Volendam,18,2005,8,2,236,2.6,0,0,0,0,0,0,0,0,0.2,0.2,0.1,0.4,0,5,4,0.00,0.00,0.00,0.00,0.00,0.09,0.04,0.14,0.09,0.14,Matches
118,Couhaib Driouech,ma MAR,"FW,MF",Excelsior,21,2002,26,24,1920,21.3,6,6,12,6,0,0,4,0,4.3,4.3,5.7,10.0,123,64,147,0.28,0.28,0.56,0.28,0.56,0.20,0.27,0.47,0.20,0.47,Matches
119,Joel Drommel,nl NED,GK,PSV Eindhoven,26,1996,1,1,90,1.0,0,0,0,0,0,0,0,0,0.0,0.0,0.0,0.0,0,0,0,0.00,0.00,0.00,0.00,0.00,0.00,0.00,0.00,0.00,0.00,Matches
120,Ferdy Druijf,nl NED,"FW,MF",Zwolle,25,1998,15,11,948,10.5,5,2,7,3,2,2,2,0,4.6,3.0,1.7,4.6,4,31,57,0.47,0.19,0.66,0.28,0.47,0.43,0.16,0.59,0.28,0.44,Matches
121,Deroy Duarte,cv CPV,MF,Fortuna Sittard,24,1999,28,27,2420,26.9,2,0,2,2,0,0,4,0,0.7,0.7,1.3,2.1,15,84,30,0.07,0.00,0.07,0.07,0.07,0.03,0.05,0.08,0.03,0.08,Matches
122,Lance Duijvestijn,nl NED,"MF,FW",Almere City,24,1999,14,3,450,5.0,0,2,2,0,0,0,1,0,0.6,0.6,1.6,2.1,8,27,38,0.00,0.40,0.40,0.00,0.40,0.11,0.31,0.42,0.11,0.42,Matches
123,Lance Duijvestijn,nl NED,"MF,FW",Excelsior,24,1999,14,13,1096,12.2,4,5,9,4,0,0,1,0,2.6,2.6,3.3,5.9,16,53,73,0.33,0.41,0.74,0.33,0.74,0.22,0.27,0.49,0.22,0.49,Matches
124,Mike van Duinen,nl NED,"FW,MF",Excelsior,31,1991,7,0,88,1.0,0,0,0,0,0,0,1,0,0.1,0.1,0.0,0.1,2,1,3,0.00,0.00,0.00,0.00,0.00,0.06,0.00,0.06,0.06,0.06,Matches
125,Oliver Edvardsen,no NOR,"FW,MF",Go Ahead Eag,24,1999,33,30,2346,26.1,7,1,8,7,0,0,0,0,7.4,7.4,2.8,10.2,57,74,167,0.27,0.04,0.31,0.27,0.31,0.28,0.11,0.39,0.28,0.39,Matches
126,Victor Edvardsen,se SWE,FW,Go Ahead Eag,27,1996,32,21,1826,20.3,6,1,7,4,2,3,1,0,10.5,8.1,1.3,9.5,28,31,106,0.30,0.05,0.35,0.20,0.25,0.52,0.07,0.58,0.40,0.47,Matches
127,Espen van Ee,nl NED,"MF,FW",Heerenveen,20,2003,18,2,410,4.6,0,0,0,0,0,0,0,1,0.6,0.6,0.3,0.9,5,13,20,0.00,0.00,0.00,0.00,0.00,0.13,0.06,0.19,0.13,0.19,Matches
128,Mike Eerdhuijzen,nl NED,DF,Sparta R'dam,23,2000,19,15,1319,14.7,1,0,1,1,0,0,1,0,0.7,0.7,0.4,1.1,15,69,6,0.07,0.00,0.07,0.07,0.07,0.05,0.03,0.08,0.05,0.08,Matches
129,Mats Egbring,nl NED,DF,Vitesse,16,2006,4,0,61,0.7,0,0,0,0,0,0,0,0,0.0,0.0,0.0,0.0,1,2,2,0.00,0.00,0.00,0.00,0.00,0.00,0.00,0.00,0.00,0.00,Matches
130,Carel Eiting,nl NED,MF,Twente,25,1998,23,7,793,8.8,0,3,3,0,0,0,2,0,0.7,0.7,1.8,2.4,15,54,28,0.00,0.34,0.34,0.00,0.34,0.07,0.20,0.28,0.07,0.28,Matches
131,Hamza el Dahri,nl NED,"MF,FW",Sparta R'dam,18,2005,5,0,32,0.4,0,0,0,0,0,0,1,0,0.0,0.0,0.0,0.0,0,1,1,0.00,0.00,0.00,0.00,0.00,0.00,0.00,0.00,0.00,0.00,Matches
132,Mario Engels,de GER,"FW,MF",Heracles Almelo,29,1993,34,15,1598,17.8,5,3,8,5,0,0,4,0,4.1,4.1,2.9,7.0,25,20,95,0.28,0.17,0.45,0.28,0.45,0.23,0.17,0.39,0.23,0.39,Matches
133,Marcelencio Esajas,nl NED,"MF,FW",Almere City,21,2002,1,0,34,0.4,0,1,1,0,0,0,1,0,0.0,0.0,0.0,0.0,1,0,1,0.00,2.65,2.65,0.00,2.65,0.00,0.12,0.12,0.00,0.12,Matches
134,Luca Everink,nl NED,DF,Go Ahead Eag,22,2001,7,2,282,3.1,0,0,0,0,0,0,0,0,0.1,0.1,0.3,0.4,3,12,9,0.00,0.00,0.00,0.00,0.00,0.02,0.10,0.12,0.02,0.12,Matches
135,Kevin Felida,cw CUW,MF,RKC Waalwijk,23,1999,17,8,794,8.8,1,0,1,1,0,0,2,0,0.1,0.1,0.2,0.4,6,22,10,0.11,0.00,0.11,0.11,0.11,0.01,0.03,0.04,0.01,0.04,Matches
136,Arianit Ferati,xk KVX,"MF,DF",Fortuna Sittard,25,1997,16,9,739,8.2,0,1,1,0,0,0,0,0,0.7,0.7,0.4,1.1,8,39,29,0.00,0.12,0.12,0.00,0.12,0.09,0.04,0.13,0.09,0.13,Matches
137,Derensili Fernandes,nl NED,"FW,MF",Excelsior,22,2001,30,16,1291,14.3,2,0,2,2,0,0,0,0,1.8,1.8,3.5,5.3,44,45,107,0.14,0.00,0.14,0.14,0.14,0.12,0.25,0.37,0.12,0.37,Matches
138,Rashaan Fernandes,nl NED,"FW,MF",Go Ahead Eag,24,1998,6,0,34,0.4,0,0,0,0,0,0,0,0,0.1,0.1,0.1,0.2,4,4,4,0.00,0.00,0.00,0.00,0.00,0.22,0.23,0.45,0.22,0.45,Matches
139,Nick Fichtinger,nl NED,MF,Zwolle,19,2004,6,4,352,3.9,0,0,0,0,0,0,2,0,0.2,0.2,0.2,0.3,3,16,2,0.00,0.00,0.00,0.00,0.00,0.04,0.05,0.09,0.04,0.09,Matches
140,Ezechiel Fiemawhle,nl NED,"MF,FW",Volendam,18,2004,2,0,37,0.4,0,0,0,0,0,0,0,0,0.0,0.0,0.0,0.0,0,0,2,0.00,0.00,0.00,0.00,0.00,0.00,0.00,0.00,0.00,0.00,Matches
141,Kian Fitz-Jim,nl NED,"MF,FW",Ajax,20,2003,2,0,41,0.5,0,0,0,0,0,0,0,0,0.1,0.1,0.4,0.5,0,1,7,0.00,0.00,0.00,0.00,0.00,0.13,0.93,1.05,0.13,1.05,Matches
142,Kian Fitz-Jim,nl NED,MF,Excelsior,20,2003,10,3,398,4.4,0,1,1,0,0,0,1,0,0.6,0.6,0.6,1.2,11,21,11,0.00,0.23,0.23,0.00,0.23,0.14,0.13,0.27,0.14,0.27,Matches
143,Ryan Flamingo,nl NED,"MF,DF",Utrecht,20,2002,32,30,2759,30.7,2,1,3,2,0,0,4,0,2.6,2.6,0.6,3.2,23,142,28,0.07,0.03,0.10,0.07,0.10,0.09,0.02,0.11,0.09,0.11,Matches
144,Josh Flint,eng ENG,DF,Volendam,22,2000,28,23,2228,24.8,1,1,2,1,0,0,4,0,1.6,1.6,0.7,2.2,18,91,18,0.04,0.04,0.08,0.04,0.08,0.06,0.03,0.09,0.06,0.09,Matches
145,Sherel Floranus,cw CUW,DF,Almere City,24,1998,29,28,2520,28.0,0,1,1,0,0,0,7,0,0.1,0.1,1.5,1.7,19,76,52,0.00,0.04,0.04,0.00,0.04,0.00,0.05,0.06,0.00,0.06,Matches
146,Fodé Fofana,nl NED,FW,Vitesse,20,2002,3,2,97,1.1,0,0,0,0,0,0,0,0,0.0,0.0,0.3,0.3,2,2,4,0.00,0.00,0.00,0.00,0.00,0.00,0.24,0.24,0.00,0.24,Matches
147,Sadik Fofana,tg TOG,DF,Fortuna Sittard,20,2003,11,6,633,7.0,0,0,0,0,0,0,0,0,0.0,0.0,0.1,0.1,6,22,1,0.00,0.00,0.00,0.00,0.00,0.00,0.01,0.02,0.00,0.02,Matches
148,Anthony Fontana,us USA,"MF,FW",Zwolle,23,1999,4,0,47,0.5,0,0,0,0,0,0,0,0,0.0,0.0,0.0,0.0,1,1,1,0.00,0.00,0.00,0.00,0.00,0.07,0.00,0.07,0.07,0.07,Matches
149,Carlos Forbs,pt POR,FW,Ajax,19,2004,21,8,829,9.2,2,3,5,2,0,0,0,0,2.1,2.1,2.1,4.3,50,33,120,0.22,0.33,0.54,0.22,0.54,0.23,0.23,0.46,0.23,0.46,Matches
150,Oscar Fraulo,dk DEN,MF,Utrecht,19,2003,32,24,2094,23.3,2,4,6,2,0,0,4,0,2.6,2.6,2.8,5.4,47,94,67,0.09,0.17,0.26,0.09,0.26,0.11,0.12,0.23,0.11,0.23,Matches
151,Anton Gaaei,dk DEN,DF,Ajax,20,2002,25,12,1164,12.9,1,2,3,1,0,0,1,0,0.4,0.4,4.6,5.0,36,57,106,0.08,0.15,0.23,0.08,0.23,0.03,0.36,0.39,0.03,0.39,Matches
152,Juriën Gaari,cw CUW,DF,RKC Waalwijk,29,1993,29,16,1648,18.3,1,0,1,1,0,0,5,0,0.5,0.5,0.4,0.9,22,64,25,0.05,0.00,0.05,0.05,0.05,0.03,0.02,0.05,0.03,0.05,Matches
153,Anselmo García MacNulty,ie IRL,DF,Zwolle,20,2003,31,30,2508,27.9,2,2,4,2,0,0,9,0,1.5,1.5,1.7,3.2,43,117,98,0.07,0.07,0.14,0.07,0.14,0.05,0.06,0.12,0.05,0.12,Matches
154,Stijn van Gassel,nl NED,GK,Excelsior,26,1996,34,34,3060,34.0,0,0,0,0,0,0,0,0,0.1,0.1,0.1,0.1,0,0,1,0.00,0.00,0.00,0.00,0.00,0.00,0.00,0.00,0.00,0.00,Matches
155,Lutsharel Geertruida,nl NED,DF,Feyenoord,23,2000,34,34,3038,33.8,8,5,13,7,1,1,2,0,8.3,7.5,4.8,12.4,86,268,91,0.24,0.15,0.39,0.21,0.36,0.25,0.14,0.39,0.22,0.37,Matches
156,Anwar El Ghazi,nl NED,FW,PSV Eindhoven,28,1995,1,0,4,0.0,0,0,0,0,0,0,0,0,0.1,0.1,0.0,0.1,1,1,2,0.00,0.00,0.00,0.00,0.00,2.95,0.00,2.95,2.95,2.95,Matches
157,Teun Gijselhart,nl NED,MF,Zwolle,18,2005,1,0,8,0.1,0,0,0,0,0,0,0,0,0.0,0.0,0.0,0.0,0,1,0,0.00,0.00,0.00,0.00,0.00,0.00,0.00,0.00,0.00,0.00,Matches
158,Santiago Giménez,mx MEX,FW,Feyenoord,22,2001,30,29,2370,26.3,23,6,29,21,2,4,3,0,22.8,19.6,5.0,24.6,47,37,211,0.87,0.23,1.10,0.80,1.03,0.86,0.19,1.06,0.74,0.93,Matches
159,Marco van Ginkel,nl NED,"MF,FW",Vitesse,30,1992,30,23,1964,21.8,7,2,9,6,1,1,2,1,8.0,7.3,1.3,8.6,21,84,66,0.32,0.09,0.41,0.27,0.37,0.37,0.06,0.43,0.33,0.39,Matches
160,Paul Gladon,nl NED,FW,Fortuna Sittard,31,1992,2,2,172,1.9,0,0,0,0,0,0,0,0,0.9,0.9,0.2,1.1,1,3,4,0.00,0.00,0.00,0.00,0.00,0.48,0.11,0.59,0.48,0.59,Matches
161,Mika Godts,be BEL,"FW,MF",Ajax,18,2005,13,7,574,6.4,0,2,2,0,0,0,0,0,0.4,0.4,0.7,1.1,35,22,64,0.00,0.31,0.31,0.00,0.31,0.07,0.11,0.18,0.07,0.18,Matches
162,Wouter Goes,nl NED,DF,AZ Alkmaar,19,2004,15,13,1138,12.6,0,0,0,0,0,0,2,0,0.2,0.2,0.4,0.5,20,58,6,0.00,0.00,0.00,0.00,0.00,0.02,0.03,0.04,0.02,0.04,Matches
163,Roberto González,es ESP,"FW,MF",NEC Nijmegen,22,2001,29,15,1382,15.4,6,3,9,6,0,0,2,0,4.6,4.6,3.2,7.8,34,31,87,0.39,0.20,0.59,0.39,0.59,0.30,0.21,0.51,0.30,0.51,Matches
164,Tristan Gooijer,nl NED,"DF,MF",Ajax,18,2004,9,7,570,6.3,0,1,1,0,0,0,0,0,0.2,0.2,0.3,0.5,24,27,38,0.00,0.16,0.16,0.00,0.16,0.03,0.05,0.08,0.03,0.08,Matches
165,Jay Gorter,nl NED,GK,Ajax,23,2000,8,7,665,7.4,0,0,0,0,0,0,0,0,0.0,0.0,0.0,0.0,0,2,0,0.00,0.00,0.00,0.00,0.00,0.00,0.00,0.00,0.00,0.00,Matches
166,Kenzo Goudmijn,nl NED,MF,AZ Alkmaar,21,2001,8,1,245,2.7,0,0,0,0,0,0,1,0,0.0,0.0,0.2,0.2,6,23,3,0.00,0.00,0.00,0.00,0.00,0.01,0.06,0.07,0.01,0.07,Matches
167,Kenzo Goudmijn,nl NED,"MF,FW",Excelsior,21,2001,18,18,1570,17.4,0,2,2,0,0,0,2,0,0.9,0.9,2.1,3.0,54,155,39,0.00,0.11,0.11,0.00,0.11,0.05,0.12,0.17,0.05,0.17,Matches
168,Iman Griffith,nl NED,"FW,MF",Fortuna Sittard,21,2001,12,2,245,2.7,0,0,0,0,0,0,0,0,0.1,0.1,0.0,0.1,10,5,18,0.00,0.00,0.00,0.00,0.00,0.03,0.01,0.04,0.03,0.04,Matches
169,Axel Guessand,fr FRA,DF,Volendam,18,2004,2,1,41,0.5,0,0,0,0,0,0,0,0,0.0,0.0,0.0,0.0,0,0,0,0.00,0.00,0.00,0.00,0.00,0.00,0.00,0.00,0.00,0.00,Matches
170,Rodrigo Guth,br BRA,DF,Fortuna Sittard,22,2000,32,32,2814,31.3,3,2,5,3,0,0,8,1,2.0,2.0,1.4,3.4,26,92,16,0.10,0.06,0.16,0.10,0.16,0.06,0.05,0.11,0.06,0.11,Matches
171,Jonathan de Guzmán,nl NED,MF,Sparta R'dam,35,1987,31,25,1927,21.4,1,2,3,1,0,0,6,0,1.3,1.3,2.4,3.7,30,128,18,0.05,0.09,0.14,0.05,0.14,0.06,0.11,0.17,0.06,0.17,Matches
172,Milan de Haan,nl NED,MF,Volendam,19,2003,27,26,2172,24.1,3,0,3,3,0,0,3,0,2.9,2.9,0.5,3.3,16,45,37,0.12,0.00,0.12,0.12,0.12,0.12,0.02,0.14,0.12,0.14,Matches
173,Jesse van de Haar,nl NED,FW,Utrecht,18,2005,1,0,7,0.1,0,0,0,0,0,0,0,0,0.0,0.0,0.0,0.0,0,0,0,0.00,0.00,0.00,0.00,0.00,0.00,0.00,0.00,0.00,0.00,Matches
174,Anis Hadj Moussa,dz ALG,FW,Vitesse,21,2002,14,9,850,9.4,1,2,3,1,0,0,3,0,2.2,2.2,2.4,4.7,62,45,108,0.11,0.21,0.32,0.11,0.32,0.24,0.26,0.49,0.24,0.49,Matches
175,Alen Halilović,hr CRO,"MF,FW",Fortuna Sittard,27,1996,31,25,2096,23.3,4,2,6,3,1,2,1,0,5.7,4.2,3.4,7.6,39,108,69,0.17,0.09,0.26,0.13,0.21,0.25,0.15,0.39,0.18,0.33,Matches
176,Denzel Hall,nl NED,DF,Heerenveen,22,2001,11,4,410,4.6,0,0,0,0,0,0,1,0,0.0,0.0,0.2,0.2,5,15,7,0.00,0.00,0.00,0.00,0.00,0.00,0.05,0.05,0.00,0.05,Matches
177,Saïd Hamulic,ba BIH,FW,Vitesse,22,2000,13,8,714,7.9,0,1,1,0,0,0,2,0,1.2,1.2,0.5,1.7,8,6,25,0.00,0.13,0.13,0.00,0.13,0.15,0.06,0.21,0.15,0.21,Matches
178,Dávid Hancko,sk SVK,DF,Feyenoord,25,1997,34,34,3034,33.7,5,2,7,4,1,1,2,0,5.6,4.5,3.8,8.4,91,272,65,0.15,0.06,0.21,0.12,0.18,0.17,0.11,0.28,0.13,0.25,Matches
179,Tim Handwerker,de GER,"FW,DF",Utrecht,25,1998,2,0,21,0.2,0,0,0,0,0,0,0,0,0.0,0.0,0.0,0.0,0,0,0,0.00,0.00,0.00,0.00,0.00,0.00,0.00,0.00,0.00,0.00,Matches
180,Kornelius Hansen,no NOR,FW,Almere City,22,2001,26,17,1385,15.4,4,1,5,4,0,0,2,0,4.0,4.0,1.8,5.8,46,41,131,0.26,0.06,0.32,0.26,0.32,0.26,0.12,0.38,0.26,0.38,Matches
181,Sontje Hansen,cw CUW,FW,NEC Nijmegen,21,2002,33,25,1910,21.2,6,4,10,6,0,0,3,0,3.7,3.7,4.4,8.2,88,42,190,0.28,0.19,0.47,0.28,0.47,0.18,0.21,0.38,0.18,0.38,Matches
182,Emil Hansson,se SWE,"FW,MF",Heracles Almelo,25,1998,24,24,1885,20.9,5,6,11,3,2,3,2,0,3.8,1.5,3.1,4.6,119,69,152,0.24,0.29,0.53,0.14,0.43,0.18,0.15,0.33,0.07,0.22,Matches
183,Lennard Hartjes,nl NED,MF,Excelsior,20,2003,1,1,90,1.0,0,0,0,0,0,0,0,0,0.0,0.0,0.0,0.0,1,6,3,0.00,0.00,0.00,0.00,0.00,0.00,0.00,0.00,0.00,0.00,Matches
184,Quilindschy Hartman,nl NED,DF,Feyenoord,21,2001,26,26,2070,23.0,0,5,5,0,0,0,3,0,1.4,1.4,5.5,6.9,45,152,116,0.00,0.22,0.22,0.00,0.22,0.06,0.24,0.30,0.06,0.30,Matches
185,Jorrel Hato,nl NED,DF,Ajax,17,2006,33,33,2961,32.9,1,2,3,1,0,0,5,0,1.0,1.0,1.3,2.3,39,156,32,0.03,0.06,0.09,0.03,0.09,0.03,0.04,0.07,0.03,0.07,Matches
186,Pantelis Hatzidiakos,gr GRE,DF,AZ Alkmaar,26,1997,2,2,180,2.0,0,0,0,0,0,0,1,0,0.1,0.1,0.3,0.4,2,10,2,0.00,0.00,0.00,0.00,0.00,0.04,0.16,0.20,0.04,0.20,Matches
187,Mike Hauptmeijer,nl NED,GK,Zwolle,26,1997,2,2,180,2.0,0,0,0,0,0,0,0,0,0.0,0.0,0.0,0.0,0,0,0,0.00,0.00,0.00,0.00,0.00,0.00,0.00,0.00,0.00,0.00,Matches
188,Thom Haye,id IDN,MF,Heerenveen,28,1995,32,29,2610,29.0,4,4,8,1,3,4,4,1,4.6,1.4,3.2,4.6,50,241,45,0.14,0.14,0.28,0.03,0.17,0.16,0.11,0.27,0.05,0.16,Matches
189,Nazjir Held,cw CUW,DF,Utrecht,17,2005,1,0,25,0.3,0,0,0,0,0,0,0,0,0.0,0.0,0.0,0.0,0,0,0,0.00,0.00,0.00,0.00,0.00,0.00,0.00,0.00,0.00,0.00,Matches
190,Jordan Henderson,eng ENG,MF,Ajax,33,1990,9,9,750,8.3,0,3,3,0,0,0,0,0,0.2,0.2,1.9,2.1,11,70,20,0.00,0.36,0.36,0.00,0.36,0.02,0.23,0.25,0.02,0.25,Matches
191,Ramon Hendriks,nl NED,DF,Vitesse,22,2001,31,29,2645,29.4,0,0,0,0,0,0,7,0,0.2,0.2,0.6,0.8,26,102,15,0.00,0.00,0.00,0.00,0.00,0.01,0.02,0.03,0.01,0.03,Matches
192,Tom Hendriks,nl NED,GK,Fortuna Sittard,21,2002,1,1,90,1.0,0,0,0,0,0,0,0,0,0.0,0.0,0.0,0.0,0,0,0,0.00,0.00,0.00,0.00,0.00,0.00,0.00,0.00,0.00,0.00,Matches
193,Sjors Hermsen,,FW,Fortuna Sittard,,,1,0,1,0.0,0,0,0,0,0,0,0,0,0.0,0.0,0.0,0.0,0,0,0,0.00,0.00,0.00,0.00,0.00,0.00,0.00,0.00,0.00,0.00,Matches
194,Mees Hilgers,id IDN,DF,Twente,22,2001,28,27,2190,24.3,0,0,0,0,0,0,5,1,0.6,0.6,0.3,0.9,37,106,12,0.00,0.00,0.00,0.00,0.00,0.03,0.01,0.04,0.03,0.04,Matches
195,Bart van Hintum,nl NED,DF,Zwolle,36,1987,3,2,181,2.0,0,0,0,0,0,0,1,0,0.0,0.0,0.5,0.5,3,22,4,0.00,0.00,0.00,0.00,0.00,0.00,0.24,0.24,0.00,0.24,Matches
196,Mees Hoedemakers,nl NED,MF,NEC Nijmegen,25,1998,30,23,1949,21.7,1,7,8,1,0,0,2,1,1.5,1.5,2.1,3.6,23,130,43,0.05,0.32,0.37,0.05,0.37,0.07,0.10,0.17,0.07,0.17,Matches
197,Quincy Hoeve,bq BOE,"FW,MF",Volendam,20,2003,17,0,355,3.9,0,1,1,0,0,0,3,0,1.1,1.1,0.8,1.9,1,1,18,0.00,0.25,0.25,0.00,0.25,0.28,0.20,0.48,0.28,0.48,Matches
198,Justin Hoogma,nl NED,DF,Heracles Almelo,25,1998,30,30,2584,28.7,2,2,4,2,0,0,6,1,1.0,1.0,1.1,2.0,59,164,5,0.07,0.07,0.14,0.07,0.14,0.03,0.04,0.07,0.03,0.07,Matches
199,Siebe Horemans,be BEL,DF,Excelsior,25,1998,34,34,3025,33.6,3,4,7,3,0,0,5,1,2.0,2.0,4.0,6.0,46,100,91,0.09,0.12,0.21,0.09,0.21,0.06,0.12,0.18,0.06,0.18,Matches
200,Jizz Hornkamp,nl NED,FW,Heracles Almelo,25,1998,17,15,1287,14.3,10,2,12,7,3,3,2,0,7.8,5.4,1.3,6.8,9,28,49,0.70,0.14,0.84,0.49,0.63,0.55,0.09,0.64,0.38,0.47,Matches
201,Jeroen Houwen,nl NED,GK,RKC Waalwijk,27,1996,4,3,322,3.6,0,0,0,0,0,0,0,0,0.0,0.0,0.2,0.2,0,0,0,0.00,0.00,0.00,0.00,0.00,0.00,0.05,0.05,0.00,0.05,Matches
202,Ajdin Hrustic,au AUS,"MF,FW",Heracles Almelo,27,1996,14,14,1165,12.9,1,0,1,1,0,0,3,0,1.0,1.0,1.7,2.8,21,62,33,0.08,0.00,0.08,0.08,0.08,0.08,0.13,0.21,0.08,0.21,Matches
203,Dean Huiberts,nl NED,"MF,DF",Zwolle,23,2000,5,1,113,1.3,0,0,0,0,0,0,0,0,0.6,0.6,0.0,0.6,1,1,4,0.00,0.00,0.00,0.00,0.00,0.51,0.00,0.51,0.51,0.51,Matches
204,Daan Huisman,nl NED,FW,Vitesse,21,2002,1,0,1,0.0,0,0,0,0,0,0,0,0,0.0,0.0,0.0,0.0,0,0,0,0.00,0.00,0.00,0.00,0.00,0.00,0.00,0.00,0.00,0.00,Matches
205,Younes Taha El Idrissi,ma MAR,"FW,MF",Twente,20,2002,20,2,468,5.2,3,1,4,3,0,0,2,0,1.9,1.9,2.8,4.8,32,20,82,0.58,0.19,0.77,0.58,0.77,0.37,0.54,0.91,0.37,0.91,Matches
206,Zidane Iqbal,iq IRQ,"MF,DF",Utrecht,20,2003,17,4,513,5.7,0,0,0,0,0,0,0,0,0.2,0.2,0.2,0.4,19,56,15,0.00,0.00,0.00,0.00,0.00,0.04,0.03,0.07,0.04,0.07,Matches
207,Nicolas Isimat-Mirin,fr FRA,DF,Vitesse,31,1991,27,24,2176,24.2,1,1,2,1,0,0,3,1,0.3,0.3,1.4,1.7,11,79,4,0.04,0.04,0.08,0.04,0.08,0.01,0.06,0.07,0.01,0.07,Matches
208,Amir Ismaïl,nl NED,FW,Heerenveen,18,2004,1,0,13,0.1,0,0,0,0,0,0,0,0,0.0,0.0,0.0,0.0,0,0,0,0.00,0.00,0.00,0.00,0.00,0.00,0.00,0.00,0.00,0.00,Matches
209,Luka Ivanušec,hr CRO,FW,Feyenoord,24,1998,24,14,1159,12.9,3,5,8,3,0,0,0,0,3.1,3.1,6.3,9.5,55,74,178,0.23,0.39,0.62,0.23,0.62,0.24,0.49,0.74,0.24,0.74,Matches
210,Joey Jacobs,nl NED,DF,Almere City,23,2000,27,23,1963,21.8,2,0,2,2,0,0,7,0,1.9,1.9,0.5,2.4,13,102,9,0.09,0.00,0.09,0.09,0.09,0.09,0.02,0.11,0.09,0.11,Matches
211,Alireza Jahanbakhsh,ir IRN,"FW,MF",Feyenoord,29,1993,16,3,459,5.1,0,2,2,0,0,0,1,0,1.3,1.3,1.9,3.2,20,34,91,0.00,0.39,0.39,0.00,0.39,0.26,0.37,0.63,0.26,0.63,Matches
212,Dean James,id IDN,"DF,FW",Go Ahead Eag,23,2000,5,1,96,1.1,0,0,0,0,0,0,0,0,0.1,0.1,0.0,0.1,3,3,3,0.00,0.00,0.00,0.00,0.00,0.09,0.00,0.09,0.09,0.09,Matches
213,Victor Jensen,dk DEN,"MF,FW",Utrecht,23,2000,28,16,1475,16.4,7,3,10,7,0,0,2,0,6.1,6.1,1.5,7.5,29,42,91,0.43,0.18,0.61,0.43,0.61,0.37,0.09,0.46,0.37,0.46,Matches
214,Divaio Jhaïr-Bobson,nl NED,"DF,FW",Zwolle,19,2004,3,0,54,0.6,0,0,0,0,0,0,0,0,0.0,0.0,0.0,0.0,2,0,4,0.00,0.00,0.00,0.00,0.00,0.00,0.00,0.00,0.00,0.00,Matches
215,Darius Johnson,gd GRN,"FW,MF",Volendam,23,2000,25,14,1197,13.3,1,2,3,1,0,0,2,0,1.4,1.4,1.9,3.3,35,18,97,0.08,0.15,0.23,0.08,0.23,0.11,0.15,0.25,0.11,0.25,Matches
216,Miliano Jonathans,id IDN,"MF,FW",Vitesse,19,2004,6,0,92,1.0,0,0,0,0,0,0,0,0,0.4,0.4,0.1,0.4,7,5,7,0.00,0.00,0.00,0.00,0.00,0.35,0.05,0.40,0.35,0.40,Matches
217,Luuk de Jong,nl NED,FW,PSV Eindhoven,32,1990,34,34,2754,30.6,29,15,44,23,6,8,3,0,27.8,21.5,9.8,31.3,12,61,224,0.95,0.49,1.44,0.75,1.24,0.91,0.32,1.23,0.70,1.02,Matches
218,Mauro Júnior,br BRA,"MF,DF",PSV Eindhoven,24,1999,16,9,873,9.7,1,0,1,1,0,0,0,0,0.6,0.6,0.9,1.4,22,44,69,0.10,0.00,0.10,0.10,0.10,0.06,0.09,0.15,0.06,0.15,Matches
219,Ibrahim El Kadiri,nl NED,FW,Volendam,21,2002,4,0,79,0.9,0,0,0,0,0,0,0,0,0.1,0.1,0.2,0.3,7,4,10,0.00,0.00,0.00,0.00,0.00,0.15,0.17,0.33,0.15,0.33,Matches
220,Jochem van de Kamp,nl NED,"DF,MF",Almere City,19,2003,30,24,1898,21.1,2,1,3,2,0,0,1,0,1.9,1.9,2.0,3.9,18,80,76,0.09,0.05,0.14,0.09,0.14,0.09,0.10,0.19,0.09,0.19,Matches
221,Ahmetcan Kaplan,tr TUR,DF,Ajax,20,2003,11,10,944,10.5,0,1,1,0,0,0,3,1,0.4,0.4,0.2,0.6,8,48,3,0.00,0.10,0.10,0.00,0.10,0.04,0.02,0.06,0.04,0.06,Matches
222,Safouane Karim,nl NED,"MF,FW",Volendam,19,2004,10,0,238,2.6,0,0,0,0,0,0,3,1,0.2,0.2,0.1,0.3,7,9,14,0.00,0.00,0.00,0.00,0.00,0.07,0.04,0.11,0.07,0.11,Matches
223,Daniel Karlsbakk,no NOR,"FW,MF",Heerenveen,20,2003,16,0,295,3.3,1,0,1,1,0,0,0,0,1.6,1.6,0.1,1.7,7,1,22,0.31,0.00,0.31,0.31,0.31,0.49,0.03,0.52,0.49,0.52,Matches
224,Souffian El Karouani,ma MAR,DF,Utrecht,22,2000,29,26,2448,27.2,0,3,3,0,0,0,4,0,0.5,0.5,4.1,4.7,64,106,170,0.00,0.11,0.11,0.00,0.11,0.02,0.15,0.17,0.02,0.17,Matches
225,Denso Kasius,nl NED,DF,AZ Alkmaar,20,2002,16,3,453,5.0,0,1,1,0,0,0,0,1,0.4,0.4,0.5,0.9,20,20,40,0.00,0.20,0.20,0.00,0.20,0.08,0.09,0.18,0.08,0.18,Matches
226,Sam Kersten,nl NED,DF,Zwolle,25,1998,34,34,3060,34.0,0,2,2,0,0,0,3,0,0.5,0.5,2.0,2.4,29,115,9,0.00,0.06,0.06,0.00,0.06,0.01,0.06,0.07,0.01,0.07,Matches
227,Yann Kitala,,FW,Almere City,25,1998,15,5,481,5.3,2,0,2,2,0,0,3,0,1.0,1.0,0.2,1.3,9,6,34,0.37,0.00,0.37,0.37,0.37,0.20,0.05,0.24,0.20,0.24,Matches
228,Joshua Kitolano,no NOR,MF,Sparta R'dam,21,2001,24,24,2106,23.4,5,2,7,3,2,2,2,0,3.7,2.1,2.6,4.8,28,97,50,0.21,0.09,0.30,0.13,0.21,0.16,0.11,0.27,0.09,0.20,Matches
229,Mathias Kjølø,no NOR,MF,Twente,22,2001,31,29,2235,24.8,1,0,1,1,0,0,3,0,0.4,0.4,1.6,2.0,20,155,24,0.04,0.00,0.04,0.04,0.04,0.02,0.07,0.08,0.02,0.08,Matches
230,Davy Klaassen,nl NED,MF,Ajax,30,1993,2,0,61,0.7,1,0,1,1,0,0,0,0,0.5,0.5,0.0,0.6,0,2,3,1.48,0.00,1.48,1.48,1.48,0.79,0.05,0.85,0.79,0.85,Matches
231,Sean Klaiber,sr SUR,DF,Utrecht,29,1994,2,1,102,1.1,0,0,0,0,0,0,0,0,0.0,0.0,0.0,0.0,2,13,7,0.00,0.00,0.00,0.00,0.00,0.02,0.00,0.02,0.02,0.02,Matches
232,Flip Klomp,nl NED,MF,Volendam,21,2001,2,0,36,0.4,0,0,0,0,0,0,0,0,0.0,0.0,0.0,0.0,1,1,2,0.00,0.00,0.00,0.00,0.00,0.07,0.00,0.07,0.07,0.07,Matches
233,Mats Köhlert,de GER,DF,Heerenveen,25,1998,33,33,2957,32.9,2,2,4,2,0,0,6,0,0.7,0.7,5.4,6.1,87,127,181,0.06,0.06,0.12,0.06,0.12,0.02,0.16,0.19,0.02,0.19,Matches
234,Luuk Koopmans,nl NED,GK,Fortuna Sittard,29,1993,5,5,450,5.0,0,0,0,0,0,0,0,0,0.0,0.0,0.0,0.0,0,0,0,0.00,0.00,0.00,0.00,0.00,0.00,0.00,0.00,0.00,0.00,Matches
235,Peer Koopmeiners,nl NED,MF,Almere City,23,2000,31,31,2771,30.8,0,9,9,0,0,0,7,1,0.6,0.6,5.7,6.4,18,144,38,0.00,0.29,0.29,0.00,0.29,0.02,0.19,0.21,0.02,0.21,Matches
236,Kacper Kozłowski,pl POL,"MF,FW",Vitesse,19,2003,30,27,2043,22.7,3,5,8,3,0,0,4,0,3.7,3.7,4.6,8.2,53,62,120,0.13,0.22,0.35,0.13,0.35,0.16,0.20,0.36,0.16,0.36,Matches
237,Joris Kramer,nl NED,DF,Go Ahead Eag,26,1996,30,29,2565,28.5,2,0,2,2,0,0,2,0,1.6,1.6,0.1,1.7,14,79,8,0.07,0.00,0.07,0.07,0.07,0.06,0.00,0.06,0.06,0.06,Matches
238,Michiel Kramer,nl NED,FW,RKC Waalwijk,34,1988,29,20,1823,20.3,8,0,8,4,4,4,4,0,9.7,6.6,0.8,7.3,7,27,60,0.39,0.00,0.39,0.20,0.20,0.48,0.04,0.52,0.32,0.36,Matches
239,Filip Krastev,bg BUL,MF,Zwolle,21,2001,14,10,902,10.0,2,1,3,2,0,0,2,0,1.5,1.5,1.1,2.6,35,58,34,0.20,0.10,0.30,0.20,0.30,0.15,0.11,0.26,0.15,0.26,Matches
240,Mohammed Kudus,gh GHA,"FW,MF",Ajax,22,2000,2,2,180,2.0,1,1,2,1,0,0,0,0,1.1,1.1,0.5,1.6,11,5,27,0.50,0.50,1.00,0.50,1.00,0.57,0.24,0.81,0.57,0.81,Matches
241,Bas Kuipers,nl NED,DF,Go Ahead Eag,28,1994,33,33,2950,32.8,5,4,9,5,0,0,6,0,3.9,3.9,4.6,8.4,71,120,187,0.15,0.12,0.27,0.15,0.27,0.12,0.14,0.26,0.12,0.26,Matches
242,Garang Kuol,au AUS,"FW,MF",Volendam,18,2004,15,8,680,7.6,1,1,2,1,0,0,1,0,1.2,1.2,0.8,2.0,17,8,48,0.13,0.13,0.26,0.13,0.26,0.16,0.10,0.26,0.16,0.26,Matches
243,Dave Kwakman,nl NED,MF,AZ Alkmaar,18,2004,3,1,76,0.8,0,0,0,0,0,0,0,0,0.1,0.1,0.0,0.1,2,13,0,0.00,0.00,0.00,0.00,0.00,0.11,0.00,0.11,0.11,0.11,Matches
244,Rajiv van La Parra,nl NED,"FW,MF",Almere City,32,1991,32,20,1799,20.0,2,1,3,2,0,0,1,0,4.1,4.1,1.1,5.2,55,36,171,0.10,0.05,0.15,0.10,0.15,0.21,0.05,0.26,0.21,0.26,Matches
245,Zakaria Labyad,ma MAR,"MF,FW",Utrecht,30,1993,9,4,278,3.1,0,1,1,0,0,0,0,0,0.3,0.3,0.7,1.0,4,7,23,0.00,0.32,0.32,0.00,0.32,0.10,0.22,0.32,0.10,0.32,Matches
246,Mayckel Lahdo,se SWE,FW,AZ Alkmaar,20,2002,15,10,769,8.5,3,4,7,3,0,0,0,0,1.2,1.2,1.1,2.3,39,21,105,0.35,0.47,0.82,0.35,0.82,0.14,0.12,0.27,0.14,0.27,Matches
247,Thomas Lam,fi FIN,DF,Zwolle,29,1993,31,31,2649,29.4,2,0,2,2,0,0,6,0,3.1,3.1,0.6,3.6,12,84,8,0.07,0.00,0.07,0.07,0.07,0.10,0.02,0.12,0.10,0.12,Matches
248,Sam Lammers,nl NED,FW,Utrecht,26,1997,18,18,1605,17.8,10,3,13,9,1,1,0,0,9.3,8.5,2.3,10.8,18,48,120,0.56,0.17,0.73,0.50,0.67,0.52,0.13,0.65,0.48,0.60,Matches
249,Lazaros Lamprou,gr GRE,"FW,MF",Excelsior,25,1997,28,20,1616,18.0,6,5,11,6,0,0,4,1,7.6,7.6,3.6,11.2,68,45,114,0.33,0.28,0.61,0.33,0.61,0.42,0.20,0.62,0.42,0.62,Matches
250,Tygo Land,nl NED,MF,PSV Eindhoven,17,2006,3,0,21,0.2,0,1,1,0,0,0,0,0,0.0,0.0,0.3,0.3,0,2,1,0.00,4.29,4.29,0.00,4.29,0.00,1.35,1.35,0.00,1.35,Matches
251,Noa Lang,nl NED,"FW,MF",PSV Eindhoven,24,1999,11,8,583,6.5,4,1,5,4,0,0,0,0,2.7,2.7,2.9,5.6,42,46,71,0.62,0.15,0.77,0.62,0.77,0.42,0.44,0.86,0.42,0.86,Matches
252,Tobias Lauritsen,no NOR,FW,Sparta R'dam,25,1997,31,29,2485,27.6,12,9,21,9,3,3,2,0,12.9,10.6,3.8,14.3,14,75,147,0.43,0.33,0.76,0.33,0.65,0.47,0.14,0.60,0.38,0.52,Matches
253,Barry Lauwers,nl NED,GK,Volendam,23,1999,1,1,90,1.0,0,0,0,0,0,0,0,0,0.0,0.0,0.0,0.0,0,0,0,0.00,0.00,0.00,0.00,0.00,0.00,0.00,0.00,0.00,0.00,Matches
254,Marko Lazetić,rs SRB,"FW,DF",Fortuna Sittard,19,2004,8,3,177,2.0,0,0,0,0,0,0,1,0,0.2,0.2,0.6,0.7,2,2,8,0.00,0.00,0.00,0.00,0.00,0.09,0.29,0.37,0.09,0.37,Matches
255,Luke Le Roux,za RSA,MF,Volendam,23,2000,14,8,872,9.7,1,0,1,1,0,0,3,0,0.1,0.1,0.0,0.1,1,25,7,0.10,0.00,0.10,0.10,0.10,0.01,0.00,0.02,0.01,0.02,Matches
256,Richy Ledezma,us USA,MF,PSV Eindhoven,22,2000,1,0,6,0.1,0,0,0,0,0,0,0,0,0.0,0.0,0.0,0.0,0,0,1,0.00,0.00,0.00,0.00,0.00,0.39,0.00,0.39,0.39,0.39,Matches
257,Kelvin Leerdam,sr SUR,DF,Heracles Almelo,33,1990,12,10,781,8.7,0,1,1,0,0,0,0,0,0.1,0.1,0.5,0.5,2,27,0,0.00,0.12,0.12,0.00,0.12,0.01,0.06,0.06,0.01,0.06,Matches
258,Yannick Leliendal,sr SUR,DF,Utrecht,21,2002,8,6,496,5.5,0,0,0,0,0,0,1,0,0.1,0.1,0.1,0.1,6,17,16,0.00,0.00,0.00,0.00,0.00,0.02,0.01,0.03,0.02,0.03,Matches
259,Julian Lelieveld,nl NED,DF,RKC Waalwijk,25,1997,34,29,2422,26.9,0,3,3,0,0,0,4,0,0.4,0.4,5.6,6.0,42,149,129,0.00,0.11,0.11,0.00,0.11,0.01,0.21,0.22,0.01,0.22,Matches
260,Isac Lidberg,se SWE,FW,Utrecht,24,1998,20,11,943,10.5,4,3,7,4,0,0,1,0,4.1,4.1,1.2,5.2,14,7,66,0.38,0.29,0.67,0.38,0.67,0.39,0.11,0.50,0.39,0.50,Matches
261,Anthony Limbombe,be BEL,FW,Almere City,29,1994,3,3,182,2.0,0,0,0,0,0,0,0,0,0.2,0.2,1.0,1.1,8,1,12,0.00,0.00,0.00,0.00,0.00,0.07,0.49,0.57,0.07,0.57,Matches
262,Bryan Limbombe,be BEL,"FW,MF",Heracles Almelo,22,2001,31,20,1735,19.3,2,0,2,2,0,0,2,1,2.3,2.3,1.5,3.8,61,41,108,0.10,0.00,0.10,0.10,0.10,0.12,0.08,0.20,0.12,0.20,Matches
263,Ondřej Lingr,cz CZE,"MF,FW",Feyenoord,24,1998,20,0,340,3.8,3,1,4,3,0,0,0,0,3.7,3.7,1.2,4.9,10,18,28,0.79,0.26,1.06,0.79,1.06,0.97,0.32,1.30,0.97,1.30,Matches
264,Evert Linthorst,nl NED,MF,Go Ahead Eag,23,2000,31,30,2364,26.3,1,1,2,1,0,0,0,0,0.8,0.7,2.6,3.3,23,146,50,0.04,0.04,0.08,0.04,0.08,0.03,0.10,0.13,0.03,0.12,Matches
265,Enric Llansana,nl NED,"MF,DF",Go Ahead Eag,22,2001,27,10,1221,13.6,2,0,2,2,0,0,1,0,1.0,1.0,0.6,1.7,20,85,19,0.15,0.00,0.15,0.15,0.15,0.08,0.05,0.12,0.08,0.12,Matches
266,Loizos Loizou,cy CYP,"FW,MF",Heerenveen,20,2003,5,1,133,1.5,0,0,0,0,0,0,0,0,0.2,0.2,0.1,0.3,7,4,10,0.00,0.00,0.00,0.00,0.00,0.12,0.10,0.22,0.12,0.22,Matches
267,Chris Lokesa,be BEL,"FW,MF",RKC Waalwijk,18,2004,31,23,2065,22.9,1,2,3,1,0,0,3,0,6.0,6.0,3.1,9.1,62,69,136,0.04,0.09,0.13,0.04,0.13,0.26,0.14,0.40,0.26,0.40,Matches
268,Justin Lonwijk,sr SUR,"FW,MF",Fortuna Sittard,23,1999,15,13,1024,11.4,3,2,5,2,1,1,3,0,3.1,2.4,1.5,3.9,13,31,49,0.26,0.18,0.44,0.18,0.35,0.28,0.13,0.41,0.21,0.34,Matches
269,Marcos López,pe PER,DF,Feyenoord,23,1999,12,4,465,5.2,0,1,1,0,0,0,1,0,0.3,0.3,1.3,1.5,17,44,23,0.00,0.19,0.19,0.00,0.19,0.05,0.25,0.30,0.05,0.30,Matches
270,Hirving Lozano,mx MEX,FW,PSV Eindhoven,28,1995,24,17,1536,17.1,6,3,9,6,0,0,2,0,9.1,9.1,5.0,14.0,84,65,227,0.35,0.18,0.53,0.35,0.53,0.53,0.29,0.82,0.53,0.82,Matches
271,Thierry Lutonda,be BEL,DF,RKC Waalwijk,22,2000,13,7,722,8.0,0,0,0,0,0,0,0,0,0.0,0.0,0.3,0.4,6,21,29,0.00,0.00,0.00,0.00,0.00,0.00,0.04,0.04,0.00,0.04,Matches
272,Christopher Mamengi,nl NED,"DF,FW",Almere City,22,2001,9,0,71,0.8,0,0,0,0,0,0,0,0,0.0,0.0,0.0,0.0,1,3,0,0.00,0.00,0.00,0.00,0.00,0.03,0.00,0.03,0.03,0.03,Matches
273,Million Manhoef,nl NED,FW,Vitesse,21,2002,18,17,1459,16.2,4,0,4,4,0,0,0,1,2.8,2.8,1.7,4.5,78,43,123,0.25,0.00,0.25,0.25,0.25,0.18,0.10,0.28,0.18,0.28,Matches
274,Sivert Mannsverk,no NOR,"MF,DF",Ajax,21,2002,13,12,886,9.8,0,0,0,0,0,0,4,0,0.4,0.4,0.3,0.7,14,56,7,0.00,0.00,0.00,0.00,0.00,0.04,0.03,0.07,0.04,0.07,Matches
275,Richonell Margaret,sr SUR,"FW,MF",RKC Waalwijk,22,2000,24,5,836,9.3,4,1,5,4,0,0,2,0,2.3,2.3,2.3,4.6,39,26,88,0.43,0.11,0.54,0.43,0.54,0.24,0.25,0.49,0.24,0.49,Matches
276,Nathan Markelo,cw CUW,DF,Fortuna Sittard,24,1999,3,1,74,0.8,0,0,0,0,0,0,1,0,0.0,0.0,0.0,0.0,1,3,0,0.00,0.00,0.00,0.00,0.00,0.02,0.02,0.05,0.02,0.05,Matches
277,Pedro David Rosendo Marques,pt POR,FW,NEC Nijmegen,25,1998,3,0,44,0.5,0,0,0,0,0,0,2,0,0.2,0.2,0.0,0.2,3,2,1,0.00,0.00,0.00,0.00,0.00,0.44,0.00,0.44,0.44,0.44,Matches
278,Ar'jany Martha,cw CUW,"DF,FW",Ajax,19,2003,9,8,699,7.8,0,1,1,0,0,0,0,0,0.1,0.1,1.4,1.5,29,37,51,0.00,0.13,0.13,0.00,0.13,0.01,0.19,0.19,0.01,0.19,Matches
279,Bruno Martins Indi,nl NED,DF,AZ Alkmaar,31,1992,14,7,759,8.4,1,2,3,1,0,0,3,0,0.9,0.9,2.1,3.0,22,68,5,0.12,0.24,0.36,0.12,0.36,0.11,0.25,0.36,0.11,0.36,Matches
280,Faiz Mattoir,km COM,"FW,MF",Almere City,23,2000,4,0,55,0.6,0,0,0,0,0,0,0,0,0.0,0.0,0.0,0.0,3,2,6,0.00,0.00,0.00,0.00,0.00,0.00,0.00,0.00,0.00,0.00,Matches
281,Magnus Mattsson,dk DEN,MF,NEC Nijmegen,24,1999,19,19,1710,19.0,11,4,15,9,2,2,1,0,7.4,5.8,2.7,8.6,25,69,88,0.58,0.21,0.79,0.47,0.68,0.39,0.14,0.53,0.31,0.45,Matches
282,Myron Mau-Asam,nl NED,MF,Volendam,19,2004,1,0,9,0.1,0,0,0,0,0,0,0,0,0.0,0.0,0.0,0.0,0,1,0,0.00,0.00,0.00,0.00,0.00,0.00,0.00,0.00,0.00,0.00,Matches
283,Robin Maulun,fr FRA,MF,Volendam,26,1996,14,10,698,7.8,0,1,1,0,0,0,1,0,0.2,0.2,1.3,1.5,4,26,15,0.00,0.13,0.13,0.00,0.13,0.03,0.16,0.19,0.03,0.19,Matches
284,Adrian Mazilu,ro ROU,FW,Vitesse,17,2005,3,0,24,0.3,0,0,0,0,0,0,0,0,0.0,0.0,0.0,0.0,0,2,5,0.00,0.00,0.00,0.00,0.00,0.06,0.00,0.06,0.06,0.06,Matches
285,Loïc Mbe Soh,fr FRA,DF,Almere City,22,2001,20,13,1258,14.0,1,1,2,1,0,0,2,0,0.3,0.3,0.3,0.5,5,48,2,0.07,0.07,0.14,0.07,0.14,0.02,0.02,0.04,0.02,0.04,Matches
286,Xavier Mbuyamba,nl NED,DF,Volendam,21,2001,9,8,603,6.7,0,0,0,0,0,0,1,0,0.6,0.6,0.0,0.6,8,31,2,0.00,0.00,0.00,0.00,0.00,0.09,0.00,0.09,0.09,0.09,Matches
287,Jakov Medić,hr CRO,DF,Ajax,24,1998,6,3,336,3.7,1,0,1,1,0,0,1,0,0.1,0.1,0.0,0.1,3,21,0,0.27,0.00,0.27,0.27,0.27,0.03,0.00,0.03,0.03,0.03,Matches
288,Mexx Meerdink,nl NED,FW,Vitesse,20,2003,7,7,590,6.6,0,0,0,0,0,0,0,0,2.3,2.3,0.3,2.6,7,22,35,0.00,0.00,0.00,0.00,0.00,0.35,0.04,0.39,0.35,0.39,Matches
289,Mexx Meerdink,nl NED,"FW,MF",AZ Alkmaar,20,2003,2,0,25,0.3,0,0,0,0,0,0,0,0,0.0,0.0,0.0,0.0,0,0,1,0.00,0.00,0.00,0.00,0.00,0.06,0.00,0.06,0.06,0.06,Matches
290,Aaron Meijers,nl NED,DF,RKC Waalwijk,35,1987,28,27,2306,25.6,0,6,6,0,0,0,7,0,0.3,0.3,3.5,3.8,66,119,87,0.00,0.23,0.23,0.00,0.23,0.01,0.14,0.15,0.01,0.15,Matches
291,Raz Meir,il ISR,DF,RKC Waalwijk,26,1996,4,0,56,0.6,0,0,0,0,0,0,0,0,0.1,0.1,0.0,0.1,0,5,5,0.00,0.00,0.00,0.00,0.00,0.10,0.00,0.10,0.10,0.10,Matches
292,Rick Meissen,nl NED,DF,Sparta R'dam,21,2002,21,8,883,9.8,0,0,0,0,0,0,0,0,0.3,0.3,0.2,0.5,16,34,3,0.00,0.00,0.00,0.00,0.00,0.03,0.02,0.05,0.03,0.05,Matches
293,Julien Mesbahi,ma MAR,DF,Twente,17,2006,2,0,40,0.4,0,0,0,0,0,0,0,0,0.0,0.0,0.0,0.0,1,2,0,0.00,0.00,0.00,0.00,0.00,0.00,0.00,0.00,0.00,0.00,Matches
294,Metinho,br BRA,MF,Sparta R'dam,20,2003,24,13,1268,14.1,2,1,3,2,0,0,3,0,0.8,0.8,1.5,2.4,20,72,14,0.14,0.07,0.21,0.14,0.21,0.06,0.11,0.17,0.06,0.17,Matches
295,Melle Meulensteen,nl NED,MF,Vitesse,24,1999,27,26,2039,22.7,1,0,1,1,0,0,5,1,2.3,2.3,0.7,3.0,26,125,25,0.04,0.00,0.04,0.04,0.04,0.10,0.03,0.13,0.10,0.13,Matches
296,Daryl van Mieghem,nl NED,MF,Volendam,33,1989,2,2,155,1.7,1,0,1,1,0,0,0,0,0.3,0.3,0.1,0.5,0,8,4,0.58,0.00,0.58,0.58,0.58,0.20,0.07,0.26,0.20,0.26,Matches
297,Djordje Mihailovic,us USA,MF,AZ Alkmaar,24,1998,8,3,277,3.1,0,0,0,0,0,0,0,0,0.2,0.2,0.7,0.9,3,13,17,0.00,0.00,0.00,0.00,0.00,0.06,0.24,0.30,0.06,0.30,Matches
298,Sven Mijnans,nl NED,"MF,FW",AZ Alkmaar,23,2000,30,29,2367,26.3,4,5,9,4,0,0,2,0,4.1,4.1,3.3,7.4,20,128,116,0.15,0.19,0.34,0.15,0.34,0.16,0.12,0.28,0.16,0.28,Matches
299,Georges Mikautadze,ge GEO,"MF,FW",Ajax,22,2000,6,2,236,2.6,0,0,0,0,0,0,0,0,0.4,0.4,0.1,0.5,5,7,20,0.00,0.00,0.00,0.00,0.00,0.15,0.04,0.19,0.15,0.19,Matches
300,Antoni Milambo,nl NED,"MF,FW",Feyenoord,18,2005,8,3,233,2.6,1,1,2,1,0,0,0,0,0.7,0.7,0.5,1.2,5,12,10,0.39,0.39,0.77,0.39,0.77,0.26,0.20,0.47,0.26,0.47,Matches
301,David Min,nl NED,FW,RKC Waalwijk,24,1999,29,19,1652,18.4,10,1,11,9,1,1,3,0,8.4,7.6,1.7,9.3,26,21,100,0.54,0.05,0.60,0.49,0.54,0.46,0.09,0.55,0.42,0.51,Matches
302,Yankuba Minteh,gm GAM,FW,Feyenoord,19,2004,27,17,1456,16.2,10,5,15,10,0,0,0,0,9.8,9.8,4.3,14.1,127,40,264,0.62,0.31,0.93,0.62,0.93,0.60,0.27,0.87,0.60,0.87,Matches
303,Damon Mirani,nl NED,"MF,DF",Volendam,27,1996,34,34,2880,32.0,3,1,4,3,0,0,3,0,2.4,2.4,2.1,4.5,21,117,21,0.09,0.03,0.12,0.09,0.12,0.07,0.07,0.14,0.07,0.14,Matches
304,Shunsuke Mito,jp JPN,"FW,MF",Sparta R'dam,20,2002,18,14,1017,11.3,2,0,2,2,0,0,0,0,2.3,2.3,0.5,2.9,30,35,62,0.18,0.00,0.18,0.18,0.18,0.21,0.05,0.25,0.21,0.25,Matches
305,Siem de Moes,nl NED,DF,Excelsior,19,2004,7,3,292,3.2,0,0,0,0,0,0,3,0,0.0,0.0,0.0,0.0,0,8,2,0.00,0.00,0.00,0.00,0.00,0.00,0.01,0.01,0.00,0.01,Matches
306,Robert Mühren,nl NED,FW,Volendam,34,1989,23,19,1488,16.5,8,1,9,8,0,0,0,1,8.3,8.3,1.4,9.7,6,8,54,0.48,0.06,0.54,0.48,0.54,0.50,0.08,0.59,0.50,0.59,Matches
307,Jeremy van Mullem,nl NED,MF,Sparta R'dam,24,1999,3,0,72,0.8,0,0,0,0,0,0,1,0,0.0,0.0,0.0,0.0,2,3,0,0.00,0.00,0.00,0.00,0.00,0.06,0.00,0.06,0.06,0.06,Matches
308,Derry Murkin,eng ENG,DF,Volendam,24,1999,2,2,180,2.0,0,0,0,0,0,0,1,0,0.3,0.3,0.1,0.4,16,11,10,0.00,0.00,0.00,0.00,0.00,0.14,0.06,0.20,0.14,0.20,Matches
309,David Møller Wolfe,no NOR,DF,AZ Alkmaar,21,2002,34,29,2374,26.4,1,2,3,1,0,0,4,0,2.1,2.1,2.8,4.9,68,83,137,0.04,0.08,0.11,0.04,0.11,0.08,0.11,0.19,0.08,0.19,Matches
310,Adi Nalic,ba BIH,"FW,MF",Almere City,25,1997,7,2,213,2.4,1,0,1,1,0,0,1,0,0.5,0.5,0.1,0.6,6,8,16,0.42,0.00,0.42,0.42,0.42,0.21,0.05,0.26,0.21,0.26,Matches
311,Younes Namli,dk DEN,"FW,MF",Zwolle,29,1994,30,30,2561,28.5,4,7,11,4,0,0,5,0,3.1,3.1,7.6,10.6,109,153,186,0.14,0.25,0.39,0.14,0.39,0.11,0.27,0.37,0.11,0.37,Matches
312,Abdenego Nankishi,de GER,FW,Heracles Almelo,21,2002,10,2,347,3.9,3,1,4,3,0,0,0,0,1.7,1.7,0.9,2.5,7,1,20,0.78,0.26,1.04,0.78,1.04,0.43,0.22,0.65,0.43,0.65,Matches
313,Gerrit Nauber,de GER,DF,Go Ahead Eag,31,1992,25,19,1754,19.5,2,1,3,2,0,0,3,0,1.2,1.2,0.2,1.4,8,50,3,0.10,0.05,0.15,0.10,0.15,0.06,0.01,0.07,0.06,0.07,Matches
314,Noah Naujoks,nl NED,"MF,FW",Excelsior,21,2002,23,10,1051,11.7,0,1,1,0,0,0,1,0,1.2,1.2,0.7,1.9,6,24,28,0.00,0.09,0.09,0.00,0.09,0.10,0.06,0.16,0.10,0.16,Matches
315,Imran Nazih,ma MAR,MF,Volendam,17,2006,3,1,91,1.0,0,0,0,0,0,0,0,0,0.0,0.0,0.0,0.0,1,0,2,0.00,0.00,0.00,0.00,0.00,0.00,0.00,0.00,0.00,0.00,Matches
316,Camiel Neghli,nl NED,FW,Sparta R'dam,21,2001,26,13,1354,15.0,5,0,5,5,0,0,1,0,2.6,2.6,2.6,5.2,46,51,127,0.33,0.00,0.33,0.33,0.33,0.17,0.18,0.35,0.17,0.35,Matches
317,Luc Netten,nl NED,DF,NEC Nijmegen,19,2004,1,0,28,0.3,0,0,0,0,0,0,1,0,0.0,0.0,0.0,0.0,1,1,0,0.00,0.00,0.00,0.00,0.00,0.00,0.00,0.00,0.00,0.00,Matches
318,Ion Nicolaescu,md MDA,FW,Heerenveen,24,1998,19,7,703,7.8,5,0,5,5,0,0,1,0,3.0,3.0,0.1,3.1,8,8,33,0.64,0.00,0.64,0.64,0.64,0.39,0.01,0.39,0.39,0.39,Matches
319,Reuven Niemeijer,nl NED,"MF,FW",RKC Waalwijk,28,1995,29,18,1603,17.8,2,2,4,2,0,0,1,0,4.1,4.1,2.2,6.3,9,34,63,0.11,0.11,0.22,0.11,0.22,0.23,0.12,0.35,0.23,0.35,Matches
320,Bart Nieuwkoop,nl NED,DF,Feyenoord,27,1996,21,9,855,9.5,1,1,2,1,0,0,2,1,1.8,1.8,1.8,3.6,13,54,52,0.11,0.11,0.21,0.11,0.21,0.19,0.19,0.38,0.19,0.38,Matches
321,Sven Nieuwpoort,nl NED,DF,Excelsior,30,1993,22,17,1463,16.3,1,0,1,1,0,0,2,0,0.1,0.1,0.0,0.2,1,22,0,0.06,0.00,0.06,0.06,0.06,0.01,0.00,0.01,0.01,0.01,Matches
322,Kristian Nökkvi Hlynsson,is ISL,"MF,FW",Ajax,19,2004,25,22,1765,19.6,7,1,8,7,0,0,2,0,5.4,5.4,2.8,8.2,44,70,123,0.36,0.05,0.41,0.36,0.41,0.28,0.14,0.42,0.28,0.42,Matches
323,Andries Noppert,nl NED,GK,Heerenveen,29,1994,22,22,1980,22.0,0,0,0,0,0,0,0,0,0.0,0.0,0.0,0.0,0,1,1,0.00,0.00,0.00,0.00,0.00,0.00,0.00,0.00,0.00,0.00,Matches
324,Tijjani Noslin,nl NED,FW,Fortuna Sittard,24,1999,13,13,1020,11.3,3,1,4,3,0,1,2,1,4.1,3.3,0.6,4.0,34,24,78,0.26,0.09,0.35,0.26,0.35,0.36,0.05,0.42,0.29,0.35,Matches
325,Hugo Novoa,es ESP,"DF,FW",Utrecht,20,2003,5,2,203,2.3,0,0,0,0,0,0,2,1,0.0,0.0,0.1,0.1,8,9,6,0.00,0.00,0.00,0.00,0.00,0.00,0.03,0.03,0.00,0.03,Matches
326,Ché Nunnely,nl NED,FW,Heerenveen,24,1999,32,19,1711,19.0,2,2,4,2,0,0,0,0,2.4,2.4,1.9,4.3,65,27,148,0.11,0.11,0.21,0.11,0.21,0.12,0.10,0.22,0.12,0.22,Matches
327,Djenahro Nunumete,nl NED,DF,Heerenveen,21,2002,3,0,54,0.6,0,0,0,0,0,0,0,0,0.0,0.0,0.1,0.1,0,1,1,0.00,0.00,0.00,0.00,0.00,0.01,0.11,0.13,0.01,0.13,Matches
328,Bram Nuytinck,nl NED,DF,NEC Nijmegen,33,1990,30,28,2400,26.7,0,0,0,0,0,0,3,1,1.0,1.0,0.2,1.2,18,122,8,0.00,0.00,0.00,0.00,0.00,0.04,0.01,0.05,0.04,0.05,Matches
329,Armando Obispo,cw CUW,DF,PSV Eindhoven,24,1999,9,1,169,1.9,0,0,0,0,0,0,2,1,0.1,0.1,0.0,0.1,1,9,0,0.00,0.00,0.00,0.00,0.00,0.04,0.00,0.04,0.04,0.04,Matches
330,Jens Odgaard,dk DEN,"FW,MF",AZ Alkmaar,24,1999,17,4,444,4.9,1,2,3,1,0,0,0,0,2.1,2.1,1.2,3.3,14,19,43,0.20,0.41,0.61,0.20,0.61,0.43,0.24,0.68,0.43,0.68,Matches
331,Kayne van Oevelen,nl NED,GK,Volendam,19,2003,1,1,89,1.0,0,0,0,0,0,0,0,0,0.0,0.0,0.0,0.0,0,0,0,0.00,0.00,0.00,0.00,0.00,0.00,0.00,0.00,0.00,0.00,Matches
332,Koki Ogawa,jp JPN,FW,NEC Nijmegen,25,1997,31,25,2201,24.5,11,1,12,9,2,2,1,0,7.2,5.6,0.9,6.5,9,22,65,0.45,0.04,0.49,0.37,0.41,0.29,0.04,0.33,0.23,0.27,Matches
333,Jeppe Okkels,dk DEN,"FW,DF",Utrecht,24,1999,5,0,165,1.8,0,1,1,0,0,0,0,0,0.2,0.2,0.8,1.1,10,7,17,0.00,0.55,0.55,0.00,0.55,0.12,0.46,0.59,0.12,0.59,Matches
334,Lars Olden Larsen,no NOR,FW,NEC Nijmegen,24,1998,19,7,674,7.5,1,0,1,1,0,0,0,0,1.4,1.4,0.3,1.8,15,10,49,0.13,0.00,0.13,0.13,0.13,0.19,0.04,0.24,0.19,0.24,Matches
335,Nick Olij,nl NED,GK,Sparta R'dam,27,1995,34,34,3060,34.0,0,0,0,0,0,0,0,0,0.0,0.0,0.0,0.0,0,1,0,0.00,0.00,0.00,0.00,0.00,0.00,0.00,0.00,0.00,0.00,Matches
336,Simon Olsson,se SWE,"MF,FW",Heerenveen,25,1997,34,32,2729,30.3,2,3,5,2,0,0,3,0,2.6,2.6,3.0,5.6,35,125,65,0.07,0.10,0.16,0.07,0.16,0.08,0.10,0.18,0.08,0.18,Matches
337,Richie Omorowa,se SWE,FW,Excelsior,19,2004,22,2,514,5.7,2,2,4,2,0,0,1,0,2.6,2.6,1.2,3.8,1,5,29,0.35,0.35,0.70,0.35,0.70,0.45,0.20,0.66,0.45,0.66,Matches
338,Diego van Oorschot,nl NED,"MF,FW",Heracles Almelo,17,2005,4,0,27,0.3,0,0,0,0,0,0,0,0,0.1,0.1,0.1,0.2,1,3,3,0.00,0.00,0.00,0.00,0.00,0.29,0.33,0.62,0.29,0.62,Matches
339,Fredrik Oppegard,no NOR,DF,Heracles Almelo,20,2002,15,15,1349,15.0,0,1,1,0,0,0,1,0,0.3,0.3,1.0,1.3,52,33,79,0.00,0.07,0.07,0.00,0.07,0.02,0.07,0.09,0.02,0.09,Matches
340,Ragnar Oratmangoen,id IDN,"MF,FW",Fortuna Sittard,25,1998,27,8,885,9.8,0,1,1,0,0,0,2,0,1.0,1.0,0.8,1.8,23,42,62,0.00,0.10,0.10,0.00,0.10,0.10,0.08,0.18,0.10,0.18,Matches
341,Alois Oroz,hr CRO,DF,Vitesse,22,2000,27,23,1891,21.0,1,0,1,1,0,0,9,0,1.0,1.0,0.4,1.4,5,64,17,0.05,0.00,0.05,0.05,0.05,0.05,0.02,0.07,0.05,0.07,Matches
342,Anas Ouahim,de GER,"MF,FW",Heracles Almelo,25,1997,18,16,1219,13.5,2,1,3,2,0,0,4,0,1.5,1.5,1.0,2.5,23,43,40,0.15,0.07,0.22,0.15,0.22,0.11,0.07,0.18,0.11,0.18,Matches
343,Mohamed Oukhattou,nl NED,"FW,MF",Zwolle,18,2005,2,0,32,0.4,0,0,0,0,0,0,0,0,0.0,0.0,0.2,0.2,0,0,2,0.00,0.00,0.00,0.00,0.00,0.00,0.68,0.68,0.00,0.68,Matches
344,Yassin Oukili,nl NED,MF,RKC Waalwijk,22,2001,32,32,2789,31.0,5,1,6,5,0,0,6,0,2.4,2.4,2.1,4.5,22,96,74,0.16,0.03,0.19,0.16,0.19,0.08,0.07,0.15,0.08,0.15,Matches
345,Bilal Ould-Chikh,ma MAR,"FW,MF",Volendam,26,1997,25,25,2125,23.6,2,7,9,2,0,0,3,0,1.2,1.2,4.8,6.0,103,52,142,0.08,0.30,0.38,0.08,0.38,0.05,0.20,0.25,0.05,0.25,Matches
346,Rome-Jayden Owusu-Oduro,nl NED,GK,AZ Alkmaar,19,2004,4,4,360,4.0,0,0,0,0,0,0,0,0,0.0,0.0,0.0,0.0,0,1,0,0.00,0.00,0.00,0.00,0.00,0.00,0.00,0.00,0.00,0.00,Matches
347,Oğuzhan Özyakup,tr TUR,MF,Fortuna Sittard,30,1992,22,10,962,10.7,1,1,2,1,0,0,3,0,1.5,1.5,1.5,3.0,12,51,29,0.09,0.09,0.19,0.09,0.19,0.14,0.14,0.28,0.14,0.28,Matches
348,Igor Paixão,br BRA,FW,Feyenoord,23,2000,31,25,1924,21.4,9,3,12,9,0,0,3,0,7.5,7.5,6.3,13.8,84,57,250,0.42,0.14,0.56,0.42,0.56,0.35,0.29,0.64,0.35,0.64,Matches
349,Ivor Pandur,hr CRO,GK,Fortuna Sittard,23,2000,16,16,1440,16.0,0,0,0,0,0,0,1,0,0.0,0.0,0.0,0.0,0,0,0,0.00,0.00,0.00,0.00,0.00,0.00,0.00,0.00,0.00,0.00,Matches
350,Troy Parrott,ie IRL,FW,Excelsior,21,2002,25,18,1588,17.6,10,4,14,10,0,0,2,1,9.5,9.5,3.3,12.8,38,22,82,0.57,0.23,0.79,0.57,0.79,0.53,0.18,0.72,0.53,0.72,Matches
351,Vangelis Pavlidis,gr GRE,FW,AZ Alkmaar,24,1998,34,34,2995,33.3,29,4,33,28,1,1,2,0,23.8,23.0,6.2,29.2,70,79,253,0.87,0.12,0.99,0.84,0.96,0.71,0.19,0.90,0.69,0.88,Matches
352,Deron Payne,tt TRI,DF,Volendam,20,2002,15,10,863,9.6,0,1,1,0,0,0,2,0,0.1,0.1,1.5,1.6,13,27,42,0.00,0.10,0.10,0.00,0.10,0.01,0.16,0.16,0.01,0.16,Matches
353,Álvaro Peña,es ESP,MF,Almere City,31,1991,23,15,1127,12.5,1,0,1,1,0,0,3,0,1.1,1.1,0.9,2.0,13,64,47,0.08,0.00,0.08,0.08,0.08,0.08,0.07,0.16,0.08,0.16,Matches
354,Alexandre Penetra,pt POR,DF,AZ Alkmaar,21,2001,25,19,1756,19.5,0,1,1,0,0,0,0,0,1.0,1.0,0.9,2.0,8,66,7,0.00,0.05,0.05,0.00,0.05,0.05,0.05,0.10,0.05,0.10,Matches
355,Ricardo Pepi,us USA,"FW,MF",PSV Eindhoven,20,2003,27,1,484,5.4,7,2,9,6,1,1,2,0,7.2,6.5,1.0,7.5,7,9,52,1.30,0.37,1.67,1.12,1.49,1.34,0.19,1.53,1.21,1.40,Matches
356,Brayann Pereira,fr FRA,DF,NEC Nijmegen,20,2003,15,10,788,8.8,0,1,1,0,0,0,1,0,0.0,0.0,0.6,0.6,14,10,38,0.00,0.11,0.11,0.00,0.11,0.00,0.07,0.07,0.00,0.07,Matches
357,Kristoffer Peterson,se SWE,"MF,FW",Fortuna Sittard,28,1994,18,6,583,6.5,0,2,2,0,0,0,1,0,0.7,0.7,1.8,2.6,16,15,46,0.00,0.31,0.31,0.00,0.31,0.11,0.28,0.40,0.11,0.40,Matches
358,Kik Pierie,nl NED,DF,Excelsior,23,2000,5,3,296,3.3,1,0,1,1,0,0,0,0,0.3,0.3,0.0,0.3,1,11,0,0.30,0.00,0.30,0.30,0.30,0.09,0.00,0.09,0.09,0.09,Matches
359,Ivo Pinto,pt POR,DF,Fortuna Sittard,33,1990,32,32,2806,31.2,0,4,4,0,0,0,6,0,0.3,0.3,3.6,4.0,79,121,129,0.00,0.13,0.13,0.00,0.13,0.01,0.12,0.13,0.01,0.13,Matches
360,Michael Pinto,lu LUX,DF,Vitesse,30,1993,23,23,1818,20.2,1,2,3,1,0,0,2,0,0.4,0.4,2.1,2.5,37,94,63,0.05,0.10,0.15,0.05,0.15,0.02,0.11,0.12,0.02,0.12,Matches
361,Brian Plat,nl NED,DF,Volendam,23,2000,27,21,1982,22.0,0,0,0,0,0,0,3,0,0.6,0.6,0.7,1.3,19,59,19,0.00,0.00,0.00,0.00,0.00,0.03,0.03,0.06,0.03,0.06,Matches
362,Ernest Poku,nl NED,FW,AZ Alkmaar,19,2004,21,5,663,7.4,1,3,4,1,0,0,1,0,2.2,2.2,1.5,3.7,39,9,76,0.14,0.41,0.54,0.14,0.54,0.30,0.20,0.50,0.30,0.50,Matches
363,Bram van Polen,nl NED,DF,Zwolle,37,1985,31,31,2657,29.5,0,2,2,0,0,0,6,0,2.4,2.4,1.7,4.1,30,77,97,0.00,0.07,0.07,0.00,0.07,0.08,0.06,0.14,0.08,0.14,Matches
364,Danny Post,nl NED,"MF,DF",Almere City,34,1989,2,0,39,0.4,1,0,1,1,0,0,0,0,0.0,0.0,0.0,0.0,1,2,1,2.31,0.00,2.31,2.31,2.31,0.11,0.00,0.11,0.11,0.11,Matches
365,Dirk Proper,nl NED,MF,NEC Nijmegen,21,2002,27,27,2299,25.5,5,4,9,5,0,0,4,0,2.6,2.6,1.1,3.7,25,125,36,0.20,0.16,0.35,0.20,0.35,0.10,0.04,0.14,0.10,0.14,Matches
366,Davy Pröpper,nl NED,MF,Vitesse,31,1991,2,1,61,0.7,0,0,0,0,0,0,0,0,0.0,0.0,0.0,0.0,1,3,0,0.00,0.00,0.00,0.00,0.00,0.06,0.00,0.06,0.06,0.06,Matches
367,Robin Pröpper,nl NED,DF,Twente,29,1993,33,33,2749,30.5,3,0,3,3,0,0,7,0,1.7,1.7,0.7,2.4,24,173,16,0.10,0.00,0.10,0.10,0.10,0.06,0.02,0.08,0.06,0.08,Matches
368,Jeffry Puriel,bq BOE,FW,Almere City,20,2002,1,0,30,0.3,0,0,0,0,0,0,0,0,0.0,0.0,0.1,0.2,1,0,1,0.00,0.00,0.00,0.00,0.00,0.10,0.36,0.46,0.10,0.46,Matches
369,Diant Ramaj,de GER,GK,Ajax,21,2001,22,20,1824,20.3,0,0,0,0,0,0,0,0,0.0,0.0,0.0,0.0,0,1,0,0.00,0.00,0.00,0.00,0.00,0.00,0.00,0.00,0.00,0.00,Matches
370,André Ramalho,br BRA,DF,PSV Eindhoven,31,1992,33,29,2356,26.2,3,1,4,3,0,0,5,0,2.3,2.3,0.7,3.0,29,230,4,0.11,0.04,0.15,0.11,0.15,0.09,0.03,0.12,0.09,0.12,Matches
371,Bart Ramselaar,nl NED,"FW,MF",Utrecht,27,1996,11,3,401,4.5,1,1,2,1,0,0,0,0,0.6,0.6,0.3,0.9,16,23,31,0.22,0.22,0.45,0.22,0.45,0.12,0.07,0.19,0.12,0.19,Matches
372,Youri Regeer,nl NED,"DF,MF",Twente,19,2003,32,18,1751,19.5,2,1,3,2,0,0,3,0,1.3,1.3,3.1,4.4,37,107,130,0.10,0.05,0.15,0.10,0.15,0.07,0.16,0.22,0.07,0.22,Matches
373,Gyan de Regt,nl NED,"FW,MF",Vitesse,20,2002,26,13,1186,13.2,1,1,2,1,0,0,3,0,2.4,2.4,2.0,4.4,33,21,88,0.08,0.08,0.15,0.08,0.15,0.18,0.15,0.34,0.18,0.34,Matches
374,Eliano Reijnders,id IDN,"FW,DF",Zwolle,22,2000,32,24,2076,23.1,3,1,4,3,0,0,2,0,2.8,2.8,1.6,4.4,63,63,159,0.13,0.04,0.17,0.13,0.17,0.12,0.07,0.19,0.12,0.19,Matches
375,Devyne Rensch,nl NED,DF,Ajax,20,2003,28,26,2212,24.6,2,4,6,2,0,0,2,1,1.2,1.2,2.5,3.7,39,120,66,0.08,0.16,0.24,0.08,0.24,0.05,0.10,0.15,0.05,0.15,Matches
376,Stije Resink,nl NED,MF,Almere City,20,2003,32,28,2578,28.6,1,1,2,1,0,0,8,0,2.1,2.1,1.2,3.3,32,152,37,0.03,0.03,0.07,0.03,0.07,0.07,0.04,0.12,0.07,0.12,Matches
377,Francisco Reyes,do DOM,DF,Volendam,17,2006,1,0,21,0.2,0,0,0,0,0,0,0,0,0.0,0.0,0.0,0.0,0,2,1,0.00,0.00,0.00,0.00,0.00,0.00,0.00,0.00,0.00,0.00,Matches
378,Julian Rijkhoff,nl NED,"FW,MF",Ajax,18,2005,8,0,70,0.8,0,0,0,0,0,0,0,0,0.3,0.3,0.0,0.3,2,2,5,0.00,0.00,0.00,0.00,0.00,0.39,0.00,0.39,0.39,0.39,Matches
379,Milan Robberechts,be BEL,"FW,MF",Fortuna Sittard,19,2004,10,2,217,2.4,1,0,1,1,0,0,1,0,0.4,0.4,0.1,0.5,6,3,21,0.41,0.00,0.41,0.41,0.41,0.17,0.04,0.22,0.17,0.22,Matches
380,Thomas Robinet,fr FRA,"FW,MF",Almere City,26,1996,33,33,2853,31.7,11,3,14,8,3,3,4,1,11.5,9.1,2.7,11.8,21,79,157,0.35,0.09,0.44,0.25,0.35,0.36,0.09,0.45,0.29,0.37,Matches
381,Robin Roefs,nl NED,GK,NEC Nijmegen,20,2003,5,4,420,4.7,0,0,0,0,0,0,0,0,0.0,0.0,0.0,0.0,0,0,0,0.00,0.00,0.00,0.00,0.00,0.00,0.00,0.00,0.00,0.00,Matches
382,Godfried Roemeratoe,cw CUW,MF,RKC Waalwijk,23,1999,29,28,2328,25.9,0,2,2,0,0,0,8,1,0.2,0.2,1.3,1.5,17,91,11,0.00,0.08,0.08,0.00,0.08,0.01,0.05,0.06,0.01,0.06,Matches
383,Ole Romeny,id IDN,"FW,MF",Utrecht,23,2000,15,4,518,5.8,1,0,1,1,0,0,0,0,1.5,1.5,0.2,1.7,17,14,46,0.17,0.00,0.17,0.17,0.17,0.26,0.04,0.29,0.26,0.29,Matches
384,Philippe Rommens,be BEL,MF,Go Ahead Eag,25,1997,20,20,1618,18.0,5,4,9,4,1,1,1,0,2.5,1.7,2.8,4.6,17,120,39,0.28,0.22,0.50,0.22,0.44,0.14,0.16,0.30,0.10,0.25,Matches
385,Bart van Rooij,nl NED,DF,NEC Nijmegen,22,2001,24,23,1975,21.9,2,3,5,2,0,0,5,1,1.5,1.5,2.7,4.2,55,68,90,0.09,0.14,0.23,0.09,0.23,0.07,0.12,0.19,0.07,0.19,Matches
386,Kaj de Rooij,nl NED,"FW,MF",Zwolle,22,2000,5,1,165,1.8,0,0,0,0,0,0,1,0,0.3,0.3,0.5,0.9,4,5,15,0.00,0.00,0.00,0.00,0.00,0.17,0.29,0.47,0.17,0.47,Matches
387,Eloy Room,cw CUW,GK,Vitesse,34,1989,34,34,3060,34.0,0,0,0,0,0,0,1,0,0.0,0.0,0.2,0.2,0,0,0,0.00,0.00,0.00,0.00,0.00,0.00,0.01,0.01,0.00,0.01,Matches
388,Ruben Roosken,nl NED,"DF,FW",Heracles Almelo,23,2000,23,14,1312,14.6,0,2,2,0,0,0,2,0,0.1,0.1,1.9,2.1,27,44,100,0.00,0.14,0.14,0.00,0.14,0.01,0.13,0.14,0.01,0.14,Matches
389,Sergi Rosanas,es ESP,DF,Sparta R'dam,22,2001,2,0,5,0.1,0,0,0,0,0,0,0,0,0.0,0.0,0.0,0.0,0,0,0,0.00,0.00,0.00,0.00,0.00,0.00,0.00,0.00,0.00,0.00,Matches
390,Rayvien Rosario,cw CUW,"FW,DF",Sparta R'dam,19,2004,6,0,46,0.5,0,0,0,0,0,0,0,0,0.2,0.2,0.0,0.2,1,4,8,0.00,0.00,0.00,0.00,0.00,0.31,0.03,0.34,0.31,0.34,Matches
391,Loreintz Rosier,fr FRA,MF,Fortuna Sittard,24,1998,30,18,1711,19.0,1,0,1,1,0,0,4,0,0.8,0.8,0.9,1.7,11,79,7,0.05,0.00,0.05,0.05,0.05,0.04,0.05,0.09,0.04,0.09,Matches
392,Mathias Ross,dk DEN,DF,NEC Nijmegen,22,2001,20,9,1041,11.6,2,0,2,2,0,0,3,0,0.9,0.9,0.3,1.2,6,24,1,0.17,0.00,0.17,0.17,0.17,0.07,0.03,0.10,0.07,0.10,Matches
393,Nils Rossen,nl NED,"MF,FW",NEC Nijmegen,17,2005,3,0,31,0.3,0,0,0,0,0,0,0,0,0.0,0.0,0.0,0.0,0,2,0,0.00,0.00,0.00,0.00,0.00,0.00,0.00,0.00,0.00,0.00,Matches
394,Daan Rots,nl NED,FW,Twente,22,2001,33,33,2573,28.6,7,10,17,7,0,0,3,0,4.6,4.6,5.4,10.0,84,173,318,0.24,0.35,0.59,0.24,0.59,0.16,0.19,0.35,0.16,0.35,Matches
395,Mats Rots,nl NED,DF,Twente,17,2006,1,1,68,0.8,0,0,0,0,0,0,0,0,0.0,0.0,0.0,0.0,7,3,1,0.00,0.00,0.00,0.00,0.00,0.06,0.00,0.06,0.06,0.06,Matches
396,Manu Royo,es ESP,DF,Almere City,29,1994,12,8,665,7.4,0,0,0,0,0,0,2,0,0.1,0.1,1.0,1.1,21,28,40,0.00,0.00,0.00,0.00,0.00,0.01,0.13,0.15,0.01,0.15,Matches
397,Gerónimo Rulli,ar ARG,GK,Ajax,31,1992,7,7,571,6.3,0,0,0,0,0,0,0,0,0.0,0.0,0.0,0.0,0,1,0,0.00,0.00,0.00,0.00,0.00,0.00,0.00,0.00,0.00,0.00,Matches
398,Mathew Ryan,au AUS,GK,AZ Alkmaar,31,1992,29,29,2610,29.0,0,0,0,0,0,0,0,0,0.0,0.0,0.0,0.0,0,2,0,0.00,0.00,0.00,0.00,0.00,0.00,0.00,0.00,0.00,0.00,Matches
399,Pim Saathof,nl NED,DF,Go Ahead Eag,19,2003,4,0,53,0.6,0,0,0,0,0,0,0,0,0.0,0.0,0.0,0.0,1,3,1,0.00,0.00,0.00,0.00,0.00,0.00,0.00,0.00,0.00,0.00,Matches
400,Michal Sadílek,cz CZE,MF,Twente,24,1999,31,31,2698,30.0,1,3,4,1,0,0,7,1,1.1,1.1,3.2,4.4,53,182,89,0.03,0.10,0.13,0.03,0.13,0.04,0.11,0.15,0.04,0.15,Matches
401,Ibrahim Sadiq,gh GHA,"FW,MF",AZ Alkmaar,23,2000,16,5,658,7.3,2,3,5,2,0,0,3,0,1.7,1.7,0.9,2.6,12,20,56,0.27,0.41,0.68,0.27,0.68,0.23,0.13,0.35,0.23,0.35,Matches
402,Modibo Sagnan,ml MLI,DF,Utrecht,24,1999,13,10,874,9.7,1,0,1,1,0,0,1,0,0.5,0.5,0.0,0.5,4,37,1,0.10,0.00,0.10,0.10,0.10,0.05,0.00,0.05,0.05,0.05,Matches
403,Samuel Şahin-Radlinger,at AUT,GK,Almere City,30,1992,6,5,464,5.2,0,0,0,0,0,0,0,0,0.0,0.0,0.0,0.0,0,0,0,0.00,0.00,0.00,0.00,0.00,0.00,0.00,0.00,0.00,0.00,Matches
404,Osame Sahraoui,ma MAR,FW,Heerenveen,22,2001,32,28,2469,27.4,8,4,12,8,0,0,0,0,6.8,6.8,3.8,10.6,166,108,293,0.29,0.15,0.44,0.29,0.44,0.25,0.14,0.39,0.25,0.39,Matches
405,Ismael Saibari,ma MAR,MF,PSV Eindhoven,22,2001,19,10,1017,11.3,5,4,9,5,0,0,1,0,5.5,5.5,2.5,8.0,45,63,68,0.44,0.35,0.80,0.44,0.80,0.49,0.22,0.71,0.49,0.71,Matches
406,Koki Saito,jp JPN,FW,Sparta R'dam,21,2001,21,20,1658,18.4,3,5,8,3,0,0,0,0,4.2,4.2,3.2,7.4,66,69,175,0.16,0.27,0.43,0.16,0.43,0.23,0.17,0.40,0.23,0.40,Matches
407,Anass Salah-Eddine,ma MAR,DF,Ajax,21,2002,6,2,192,2.1,0,1,1,0,0,0,0,0,0.1,0.1,0.5,0.6,6,17,23,0.00,0.47,0.47,0.00,0.47,0.03,0.25,0.27,0.03,0.27,Matches
408,Anass Salah-Eddine,ma MAR,"DF,MF",Twente,21,2002,6,0,126,1.4,0,1,1,0,0,0,0,0,0.0,0.0,0.5,0.5,6,12,12,0.00,0.71,0.71,0.00,0.71,0.00,0.36,0.36,0.00,0.36,Matches
409,Shurandy Sambo,cw CUW,DF,PSV Eindhoven,21,2001,11,1,190,2.1,0,0,0,0,0,0,0,0,0.0,0.0,0.2,0.3,4,6,9,0.00,0.00,0.00,0.00,0.00,0.02,0.10,0.12,0.02,0.12,Matches
410,Alfons Sampsted,is ISL,DF,Twente,25,1998,24,18,1541,17.1,0,2,2,0,0,0,1,0,0.5,0.5,1.2,1.7,24,65,46,0.00,0.12,0.12,0.00,0.12,0.03,0.07,0.10,0.03,0.10,Matches
411,Philippe Sandler,nl NED,DF,NEC Nijmegen,26,1997,24,23,1873,20.8,0,0,0,0,0,0,3,0,0.3,0.3,1.0,1.3,8,96,6,0.00,0.00,0.00,0.00,0.00,0.01,0.05,0.06,0.01,0.06,Matches
412,Cisse Sandra,be BEL,MF,Excelsior,19,2003,26,19,1670,18.6,1,1,2,1,0,0,2,0,2.1,2.1,0.9,3.0,15,46,35,0.05,0.05,0.11,0.05,0.11,0.11,0.05,0.16,0.11,0.16,Matches
413,Ibrahim Sangaré,ci CIV,MF,PSV Eindhoven,25,1997,2,2,180,2.0,0,1,1,0,0,0,0,0,0.1,0.1,0.5,0.6,4,19,0,0.00,0.50,0.50,0.00,0.50,0.05,0.24,0.30,0.05,0.30,Matches
414,Mohamed Sankoh,nl NED,FW,Heracles Almelo,19,2003,28,12,1088,12.1,6,0,6,6,0,0,2,0,9.0,9.0,0.4,9.4,13,13,55,0.50,0.00,0.50,0.50,0.50,0.74,0.03,0.78,0.74,0.78,Matches
415,Kodai Sano,jp JPN,"FW,MF",NEC Nijmegen,19,2003,24,17,1593,17.7,4,2,6,4,0,0,3,0,3.3,3.3,1.4,4.6,39,56,96,0.23,0.11,0.34,0.23,0.34,0.18,0.08,0.26,0.18,0.26,Matches
416,Antonio Satriano,it ITA,FW,Heracles Almelo,19,2003,6,1,163,1.8,0,0,0,0,0,0,0,0,0.7,0.7,0.0,0.7,0,2,2,0.00,0.00,0.00,0.00,0.00,0.41,0.00,0.41,0.41,0.41,Matches
417,Leo Sauer,sk SVK,"FW,MF",Feyenoord,17,2005,13,0,287,3.2,2,3,5,2,0,0,1,0,1.3,1.3,2.3,3.6,26,17,73,0.63,0.94,1.57,0.63,1.57,0.41,0.71,1.13,0.41,1.13,Matches
418,Jasper Schendelaar,nl NED,GK,Zwolle,22,2000,32,32,2880,32.0,0,0,0,0,0,0,0,0,0.0,0.0,0.2,0.2,0,0,0,0.00,0.00,0.00,0.00,0.00,0.00,0.01,0.01,0.00,0.01,Matches
419,Sem Scheperman,nl NED,"MF,DF",Heracles Almelo,21,2002,22,8,702,7.8,0,0,0,0,0,0,4,0,1.3,1.3,0.6,1.9,1,15,22,0.00,0.00,0.00,0.00,0.00,0.17,0.08,0.25,0.17,0.25,Matches
420,Lasse Schöne,dk DEN,MF,NEC Nijmegen,37,1986,23,13,1244,13.8,1,3,4,0,1,1,2,0,1.0,0.2,1.7,1.9,16,82,25,0.07,0.22,0.29,0.00,0.22,0.07,0.12,0.19,0.01,0.13,Matches
421,Jerdy Schouten,nl NED,"MF,DF",PSV Eindhoven,26,1997,29,28,2422,26.9,4,0,4,4,0,0,3,0,3.0,3.0,1.0,4.0,22,171,45,0.15,0.00,0.15,0.15,0.15,0.11,0.04,0.15,0.11,0.15,Matches
422,Vivaldo Semedo,pt POR,FW,Volendam,18,2005,13,7,626,7.0,1,0,1,1,0,0,1,0,3.1,3.1,0.4,3.5,5,9,20,0.14,0.00,0.14,0.14,0.14,0.45,0.06,0.51,0.45,0.51,Matches
423,Nicolás Serrano,es ESP,"FW,MF",Zwolle,20,2003,10,0,147,1.6,0,1,1,0,0,0,1,0,0.3,0.3,0.1,0.5,6,5,30,0.00,0.61,0.61,0.00,0.61,0.20,0.07,0.28,0.20,0.28,Matches
424,Mats Seuntjens,nl NED,"FW,MF",Utrecht,31,1992,15,11,956,10.6,1,1,2,1,0,0,2,0,3.8,3.8,2.2,6.0,20,33,36,0.09,0.09,0.19,0.09,0.19,0.36,0.20,0.56,0.36,0.56,Matches
425,Mats Seuntjens,nl NED,"FW,MF",RKC Waalwijk,31,1992,12,10,813,9.0,1,1,2,1,0,0,2,0,1.1,1.1,2.0,3.2,22,25,39,0.11,0.11,0.22,0.11,0.22,0.13,0.22,0.35,0.13,0.35,Matches
426,José Pascual Alba Seva,es ESP,FW,Almere City,23,2000,3,1,133,1.5,0,0,0,0,0,0,0,0,0.0,0.0,0.1,0.2,3,0,5,0.00,0.00,0.00,0.00,0.00,0.03,0.10,0.13,0.03,0.13,Matches
427,Serano Seymor,nl NED,DF,Excelsior,21,2002,9,4,369,4.1,0,0,0,0,0,0,1,0,0.0,0.0,0.0,0.0,5,10,0,0.00,0.00,0.00,0.00,0.00,0.00,0.00,0.00,0.00,0.00,Matches
428,Kaj Sierhuis,nl NED,FW,Fortuna Sittard,25,1998,31,27,2174,24.2,12,3,15,11,1,2,4,0,12.6,11.0,2.6,13.6,42,50,130,0.50,0.12,0.62,0.46,0.58,0.52,0.11,0.63,0.46,0.56,Matches
429,Dimitris Siovas,gr GRE,DF,Fortuna Sittard,34,1988,27,27,2300,25.6,0,0,0,0,0,0,6,0,0.7,0.7,0.2,0.9,9,67,8,0.00,0.00,0.00,0.00,0.00,0.03,0.01,0.03,0.03,0.03,Matches
430,Gijs Smal,nl NED,DF,Twente,25,1997,26,24,2050,22.8,0,3,3,0,0,0,3,0,1.2,1.2,3.4,4.6,69,144,144,0.00,0.13,0.13,0.00,0.13,0.05,0.15,0.20,0.05,0.20,Matches
431,Ian Smeulers,nl NED,DF,Excelsior,23,2000,6,1,178,2.0,0,0,0,0,0,0,1,0,0.0,0.0,0.0,0.0,1,3,3,0.00,0.00,0.00,0.00,0.00,0.00,0.02,0.02,0.00,0.02,Matches
432,Kees Smit,nl NED,MF,AZ Alkmaar,17,2006,1,0,17,0.2,0,0,0,0,0,0,0,0,0.0,0.0,0.0,0.0,0,0,1,0.00,0.00,0.00,0.00,0.00,0.00,0.00,0.00,0.00,0.00,Matches
433,Sven Sonnenberg,de GER,DF,Heracles Almelo,24,1999,25,18,1655,18.4,1,0,1,1,0,0,3,0,1.4,1.4,0.2,1.6,14,48,4,0.05,0.00,0.05,0.05,0.05,0.08,0.01,0.09,0.08,0.09,Matches
434,Borna Sosa,hr CRO,DF,Ajax,25,1998,16,10,848,9.4,0,4,4,0,0,0,1,0,0.1,0.1,1.4,1.6,23,49,53,0.00,0.42,0.42,0.00,0.42,0.02,0.15,0.17,0.02,0.17,Matches
435,Sylla Sow,nl NED,FW,Go Ahead Eag,26,1996,18,4,627,7.0,5,1,6,5,0,0,1,0,3.1,3.1,0.5,3.6,13,12,44,0.72,0.14,0.86,0.72,0.86,0.45,0.07,0.52,0.45,0.52,Matches
436,Sylla Sow,nl NED,FW,NEC Nijmegen,26,1996,15,4,484,5.4,2,1,3,2,0,0,1,0,2.3,2.3,0.5,2.8,10,5,24,0.37,0.19,0.56,0.37,0.56,0.42,0.09,0.52,0.42,0.52,Matches
437,Mark Spenkelink,nl NED,GK,RKC Waalwijk,26,1997,1,1,90,1.0,0,0,0,0,0,0,0,0,0.0,0.0,0.0,0.0,0,0,0,0.00,0.00,0.00,0.00,0.00,0.00,0.00,0.00,0.00,0.00,Matches
438,Finn Stam,nl NED,DF,AZ Alkmaar,20,2003,1,0,35,0.4,0,0,0,0,0,0,0,0,0.0,0.0,0.0,0.0,1,1,0,0.00,0.00,0.00,0.00,0.00,0.00,0.00,0.00,0.00,0.00,Matches
439,Sem Steijn,nl NED,MF,Twente,21,2001,34,32,2414,26.8,17,3,20,16,1,1,1,0,12.9,12.1,2.2,14.3,28,100,143,0.63,0.11,0.75,0.60,0.71,0.48,0.08,0.56,0.45,0.53,Matches
440,Calvin Stengs,nl NED,"MF,FW",Feyenoord,24,1998,29,26,2095,23.3,6,12,18,6,0,0,2,0,5.2,5.2,7.8,13.0,75,146,171,0.26,0.52,0.77,0.26,0.77,0.22,0.34,0.56,0.22,0.56,Matches
441,Filip Stevanovic,rs SRB,"FW,MF",RKC Waalwijk,20,2002,16,7,625,6.9,2,0,2,2,0,0,1,0,1.5,1.5,0.9,2.4,34,17,65,0.29,0.00,0.29,0.29,0.29,0.21,0.13,0.34,0.21,0.34,Matches
442,Finn Stokkers,nl NED,FW,Go Ahead Eag,27,1996,14,2,374,4.2,0,2,2,0,0,0,0,0,1.4,1.4,0.9,2.4,11,4,23,0.00,0.48,0.48,0.00,0.48,0.34,0.23,0.57,0.34,0.57,Matches
443,Yukinari Sugawara,jp JPN,DF,AZ Alkmaar,23,2000,30,30,2557,28.4,4,7,11,4,0,0,1,0,2.0,2.0,6.0,7.9,64,154,132,0.14,0.25,0.39,0.14,0.39,0.07,0.21,0.28,0.07,0.28,Matches
444,Josip Šutalo,hr CRO,DF,Ajax,23,2000,23,22,1980,22.0,1,0,1,1,0,0,2,0,1.3,1.3,0.2,1.5,14,67,4,0.05,0.00,0.05,0.05,0.05,0.06,0.01,0.07,0.06,0.07,Matches
445,Anas Tahiri,be BEL,MF,Heerenveen,28,1995,24,13,1161,12.9,4,2,6,0,4,4,2,0,3.6,0.5,1.1,1.6,30,86,38,0.31,0.16,0.47,0.00,0.16,0.28,0.08,0.37,0.04,0.12,Matches
446,Benjamin Tahirovic,ba BIH,MF,Ajax,20,2003,26,18,1667,18.5,2,4,6,2,0,0,5,0,1.1,1.1,1.7,2.8,16,99,20,0.11,0.22,0.32,0.11,0.32,0.06,0.09,0.15,0.06,0.15,Matches
447,Ilias Takidine,be BEL,"FW,MF",RKC Waalwijk,22,2001,8,0,92,1.0,0,0,0,0,0,0,0,0,0.8,0.8,0.0,0.8,4,2,12,0.00,0.00,0.00,0.00,0.00,0.81,0.00,0.81,0.81,0.81,Matches
448,Elayis Tavsan,nl NED,FW,NEC Nijmegen,22,2001,8,3,340,3.8,2,0,2,2,0,0,3,1,0.8,0.8,0.1,0.9,24,5,50,0.53,0.00,0.53,0.53,0.53,0.21,0.04,0.24,0.21,0.24,Matches
449,Kenneth Taylor,nl NED,"MF,DF",Ajax,21,2002,34,31,2758,30.6,5,5,10,5,0,0,3,0,5.4,5.4,4.9,10.3,78,185,157,0.16,0.16,0.33,0.16,0.33,0.18,0.16,0.33,0.18,0.33,Matches
450,Søren Tengstedt,dk DEN,"MF,FW",Go Ahead Eag,23,2000,14,2,405,4.5,0,2,2,0,0,0,0,0,0.9,0.9,0.9,1.8,13,11,25,0.00,0.44,0.44,0.00,0.44,0.19,0.20,0.39,0.19,0.39,Matches
451,Hidde ter Avest,nl NED,DF,Utrecht,26,1997,27,24,2065,22.9,0,1,1,0,0,0,2,0,1.3,1.3,2.6,3.8,16,85,117,0.00,0.04,0.04,0.00,0.04,0.06,0.11,0.17,0.06,0.17,Matches
452,Jordan Teze,nl NED,DF,PSV Eindhoven,23,1999,30,29,2483,27.6,2,9,11,2,0,0,4,0,1.3,1.3,6.6,7.9,66,240,162,0.07,0.33,0.40,0.07,0.40,0.05,0.24,0.29,0.05,0.29,Matches
453,Ryan Thomas,nz NZL,MF,Zwolle,28,1994,7,5,337,3.7,0,0,0,0,0,0,1,0,0.1,0.1,0.0,0.1,8,20,6,0.00,0.00,0.00,0.00,0.00,0.03,0.00,0.03,0.03,0.03,Matches
454,Lennart Thy,de GER,"FW,MF",Zwolle,31,1992,32,30,2674,29.7,13,2,15,13,0,0,2,0,8.8,8.8,1.7,10.5,18,70,118,0.44,0.07,0.50,0.44,0.50,0.29,0.06,0.35,0.29,0.35,Matches
455,Mathijs Tielemans,nl NED,MF,Vitesse,21,2002,25,18,1673,18.6,1,1,2,1,0,0,3,0,0.6,0.6,1.7,2.3,27,89,29,0.05,0.05,0.11,0.05,0.11,0.03,0.09,0.13,0.03,0.13,Matches
456,Guus Til,nl NED,MF,PSV Eindhoven,25,1997,30,23,2030,22.6,10,5,15,10,0,0,0,0,11.1,11.1,4.9,16.0,49,93,194,0.44,0.22,0.67,0.44,0.67,0.49,0.22,0.71,0.49,0.71,Matches
457,Malik Tillman,us USA,"FW,MF",PSV Eindhoven,21,2002,28,17,1594,17.7,9,10,19,9,0,0,2,0,6.8,6.8,8.7,15.4,55,84,150,0.51,0.56,1.07,0.51,1.07,0.38,0.49,0.87,0.38,0.87,Matches
458,Quinten Timber,nl NED,MF,Feyenoord,22,2001,31,31,2663,29.6,7,9,16,7,0,0,4,0,6.8,6.7,7.1,13.7,60,187,173,0.24,0.30,0.54,0.24,0.54,0.23,0.24,0.47,0.23,0.46,Matches
459,Nathan Tjoe-A-On,id IDN,"FW,DF",Heerenveen,21,2001,4,0,19,0.2,0,0,0,0,0,0,0,0,0.0,0.0,0.0,0.0,0,0,0,0.00,0.00,0.00,0.00,0.00,0.00,0.00,0.00,0.00,0.00,Matches
460,Jens Toornstra,nl NED,"MF,FW",Utrecht,34,1989,31,21,1781,19.8,4,5,9,4,0,0,3,0,3.0,3.0,5.2,8.2,14,89,105,0.20,0.25,0.45,0.20,0.45,0.15,0.26,0.41,0.15,0.41,Matches
461,Gernot Trauner,at AUT,DF,Feyenoord,31,1992,19,16,1362,15.1,1,2,3,1,0,0,1,0,0.7,0.7,1.1,1.8,24,112,4,0.07,0.13,0.20,0.07,0.20,0.05,0.07,0.12,0.05,0.12,Matches
462,Calvin Twigt,nl NED,MF,Volendam,20,2003,26,22,2047,22.7,2,0,2,1,1,1,4,0,1.9,1.1,2.3,3.4,36,105,60,0.09,0.00,0.09,0.04,0.04,0.08,0.10,0.19,0.05,0.15,Matches
463,Przemysław Tytoń,pl POL,GK,Twente,36,1987,2,2,180,2.0,0,0,0,0,0,0,0,0,0.0,0.0,0.0,0.0,0,0,0,0.00,0.00,0.00,0.00,0.00,0.00,0.00,0.00,0.00,0.00,Matches
464,Oscar Uddenäs,se SWE,"FW,MF",Excelsior,20,2002,23,2,470,5.2,3,0,3,3,0,0,1,0,1.4,1.4,0.4,1.7,6,6,36,0.57,0.00,0.57,0.57,0.57,0.26,0.07,0.33,0.26,0.33,Matches
465,Jeremy Udenhout,nl NED,DF,Excelsior,20,2003,2,0,7,0.1,0,0,0,0,0,0,0,0,0.0,0.0,0.0,0.0,0,1,0,0.00,0.00,0.00,0.00,0.00,0.00,0.00,0.00,0.00,0.00,Matches
466,Ayase Ueda,jp JPN,"FW,MF",Feyenoord,24,1998,26,5,833,9.3,5,2,7,5,0,1,0,0,8.3,7.5,2.5,9.9,10,21,80,0.54,0.22,0.76,0.54,0.76,0.89,0.27,1.16,0.81,1.07,Matches
467,Manfred Ugalde,cr CRC,FW,Twente,21,2002,18,17,1372,15.2,7,6,13,7,0,0,3,0,7.9,7.9,4.4,12.3,20,30,89,0.46,0.39,0.85,0.46,0.85,0.52,0.29,0.81,0.52,0.81,Matches
468,Jesper Uneken,nl NED,FW,PSV Eindhoven,18,2004,1,0,3,0.0,1,0,1,1,0,0,0,0,0.4,0.4,0.0,0.4,0,0,0,30.00,0.00,30.00,30.00,30.00,12.58,0.00,12.58,12.58,12.58,Matches
469,Lars Unnerstall,de GER,GK,Twente,33,1990,32,32,2880,32.0,0,0,0,0,0,0,2,0,0.0,0.0,0.0,0.0,0,2,0,0.00,0.00,0.00,0.00,0.00,0.00,0.00,0.00,0.00,0.00,Matches
470,Naci Ünüvar,nl NED,"FW,MF",Twente,20,2003,19,2,508,5.6,3,3,6,3,0,0,0,0,2.5,2.5,1.4,3.9,16,38,54,0.53,0.53,1.06,0.53,1.06,0.45,0.25,0.70,0.45,0.70,Matches
471,Etienne Vaessen,sr SUR,GK,RKC Waalwijk,28,1995,30,30,2644,29.4,0,0,0,0,0,0,3,1,0.0,0.0,0.0,0.0,0,4,0,0.00,0.00,0.00,0.00,0.00,0.00,0.00,0.00,0.00,0.00,Matches
472,Amourrichio Van Axel Dongen,nl NED,FW,Ajax,18,2004,3,1,55,0.6,0,0,0,0,0,0,0,0,0.0,0.0,0.0,0.0,1,0,3,0.00,0.00,0.00,0.00,0.00,0.02,0.00,0.02,0.02,0.02,Matches
473,Dave Van Den Berg,nl NED,MF,Zwolle,23,2000,30,29,2556,28.4,5,2,7,5,0,0,7,0,3.1,3.1,2.8,5.9,43,181,97,0.18,0.07,0.25,0.18,0.25,0.11,0.10,0.21,0.11,0.21,Matches
474,Dario Van den Buijs,be BEL,DF,RKC Waalwijk,27,1995,30,30,2604,28.9,0,3,3,0,0,0,4,0,1.0,1.0,2.1,3.1,36,201,9,0.00,0.10,0.10,0.00,0.10,0.03,0.07,0.11,0.03,0.11,Matches
475,Jason Van Duiven,nl NED,"FW,MF",Almere City,18,2005,13,1,292,3.2,0,0,0,0,0,0,1,0,0.4,0.4,0.0,0.4,2,5,15,0.00,0.00,0.00,0.00,0.00,0.11,0.01,0.12,0.11,0.12,Matches
476,Alec Van Hoorenbeeck,be BEL,DF,Twente,24,1998,16,3,518,5.8,0,0,0,0,0,0,1,0,0.5,0.5,0.0,0.5,3,14,6,0.00,0.00,0.00,0.00,0.00,0.08,0.00,0.08,0.08,0.08,Matches
477,Syb Van Ottele,nl NED,"DF,MF",Heerenveen,21,2002,26,15,1429,15.9,0,1,1,0,0,0,1,0,1.0,1.0,0.7,1.7,26,72,8,0.00,0.06,0.06,0.00,0.06,0.07,0.04,0.11,0.07,0.11,Matches
478,Joey Veerman,nl NED,MF,PSV Eindhoven,24,1998,29,28,2382,26.5,5,16,21,5,0,0,1,0,4.3,4.3,14.1,18.4,52,314,77,0.19,0.60,0.79,0.19,0.79,0.16,0.53,0.70,0.16,0.70,Matches
479,Marko Vejinović,nl NED,MF,Heracles Almelo,33,1990,25,13,1229,13.7,1,1,2,1,0,0,7,0,0.6,0.6,1.0,1.6,3,85,18,0.07,0.07,0.15,0.07,0.15,0.04,0.07,0.12,0.04,0.12,Matches
480,Odysseus Velanas,nl NED,"MF,FW",Zwolle,25,1998,31,24,2143,23.8,5,5,10,5,0,0,5,0,5.0,5.0,4.1,9.1,57,56,159,0.21,0.21,0.42,0.21,0.42,0.21,0.17,0.38,0.21,0.38,Matches
481,Apostolos Vellios,gr GRE,"FW,MF",Zwolle,31,1992,27,4,733,8.1,3,2,5,3,0,0,4,0,3.1,3.1,0.9,3.9,3,11,34,0.37,0.25,0.61,0.37,0.61,0.38,0.10,0.48,0.38,0.48,Matches
482,Tijs Velthuis,nl NED,DF,Sparta R'dam,21,2002,25,19,1762,19.6,0,0,0,0,0,0,2,0,1.0,1.0,0.1,1.1,10,65,2,0.00,0.00,0.00,0.00,0.00,0.05,0.01,0.06,0.05,0.06,Matches
483,Calvin Verdonk,id IDN,DF,NEC Nijmegen,26,1997,33,32,2854,31.7,2,2,4,2,0,0,5,0,1.4,1.4,2.2,3.7,67,167,101,0.06,0.06,0.13,0.06,0.13,0.05,0.07,0.12,0.05,0.12,Matches
484,Hobie Verhulst,nl NED,GK,AZ Alkmaar,30,1993,1,1,90,1.0,0,0,0,0,0,0,0,0,0.0,0.0,0.0,0.0,0,0,0,0.00,0.00,0.00,0.00,0.00,0.00,0.00,0.00,0.00,0.00,Matches
485,Michael Verrips,nl NED,GK,Fortuna Sittard,26,1996,12,12,1080,12.0,0,0,0,0,0,0,0,0,0.0,0.0,0.1,0.1,0,0,0,0.00,0.00,0.00,0.00,0.00,0.00,0.01,0.01,0.00,0.01,Matches
486,Arno Verschueren,be BEL,MF,Sparta R'dam,26,1997,27,27,2364,26.3,9,2,11,9,0,0,3,1,5.4,5.4,3.6,9.0,38,87,146,0.34,0.08,0.42,0.34,0.42,0.21,0.14,0.34,0.21,0.34,Matches
487,Yorbe Vertessen,be BEL,FW,PSV Eindhoven,22,2001,17,3,437,4.9,3,1,4,3,0,0,0,0,2.3,2.3,1.6,3.8,35,13,50,0.62,0.21,0.82,0.62,0.82,0.46,0.32,0.78,0.46,0.78,Matches
488,Niklas Vesterlund,dk DEN,"DF,FW",Utrecht,24,1999,9,3,274,3.0,0,0,0,0,0,0,1,0,0.0,0.0,0.5,0.5,2,5,13,0.00,0.00,0.00,0.00,0.00,0.00,0.15,0.15,0.00,0.15,Matches
489,Nick Viergever,nl NED,DF,Utrecht,33,1989,25,23,2048,22.8,1,0,1,1,0,0,1,1,0.7,0.7,0.6,1.3,25,117,7,0.04,0.00,0.04,0.04,0.04,0.03,0.02,0.06,0.03,0.06,Matches
490,Andy Visser,nl NED,FW,Vitesse,18,2004,9,2,241,2.7,0,0,0,0,0,0,0,0,1.2,1.2,0.1,1.2,2,3,8,0.00,0.00,0.00,0.00,0.00,0.44,0.02,0.47,0.44,0.47,Matches
491,Rémy Vita,km COM,"DF,MF",Fortuna Sittard,22,2001,15,6,592,6.6,0,0,0,0,0,0,1,0,0.2,0.2,0.2,0.4,12,14,27,0.00,0.00,0.00,0.00,0.00,0.03,0.03,0.06,0.03,0.06,Matches
492,Michel Vlap,nl NED,FW,Twente,26,1997,29,24,1969,21.9,2,6,8,2,0,0,2,0,4.6,4.6,4.1,8.7,51,95,155,0.09,0.27,0.37,0.09,0.37,0.21,0.19,0.40,0.21,0.40,Matches
493,Joel Voelkerling Persson,se SWE,FW,Vitesse,20,2003,9,2,297,3.3,0,0,0,0,0,0,1,0,0.2,0.2,0.0,0.2,1,1,17,0.00,0.00,0.00,0.00,0.00,0.05,0.00,0.05,0.05,0.05,Matches
494,Siemen Voet,be BEL,DF,Fortuna Sittard,23,2000,21,9,978,10.9,0,0,0,0,0,0,2,0,0.5,0.5,0.4,0.9,9,30,7,0.00,0.00,0.00,0.00,0.00,0.05,0.04,0.09,0.05,0.09,Matches
495,Silvano Vos,nl NED,MF,Ajax,18,2005,11,3,351,3.9,0,0,0,0,0,0,3,0,0.2,0.2,0.1,0.2,1,8,2,0.00,0.00,0.00,0.00,0.00,0.04,0.01,0.06,0.04,0.06,Matches
496,Bart Vriends,nl NED,DF,Sparta R'dam,32,1991,26,26,2205,24.5,2,1,3,2,0,0,3,0,2.0,2.0,0.8,2.8,11,112,4,0.08,0.04,0.12,0.08,0.12,0.08,0.03,0.11,0.08,0.11,Matches
497,Patrick Vroegh,nl NED,MF,RKC Waalwijk,23,1999,3,0,15,0.2,0,0,0,0,0,0,0,0,0.0,0.0,0.0,0.0,0,1,0,0.00,0.00,0.00,0.00,0.00,0.00,0.10,0.10,0.00,0.10,Matches
498,Patrik Wålemark,se SWE,FW,Heerenveen,21,2001,24,16,1240,13.8,3,2,5,3,0,0,2,0,3.6,3.6,1.5,5.1,34,24,101,0.22,0.15,0.36,0.22,0.36,0.26,0.11,0.37,0.26,0.37,Matches
499,Django Warmerdam,nl NED,"DF,FW",Sparta R'dam,27,1995,15,11,895,9.9,0,0,0,0,0,0,1,0,0.6,0.6,0.4,1.1,11,29,36,0.00,0.00,0.00,0.00,0.00,0.06,0.04,0.11,0.06,0.11,Matches
500,Boy Waterman,nl NED,GK,PSV Eindhoven,39,1984,1,0,6,0.1,0,0,0,0,0,0,0,0,0.0,0.0,0.0,0.0,0,0,0,0.00,0.00,0.00,0.00,0.00,0.00,0.00,0.00,0.00,0.00,Matches
501,Charlie Webster,eng ENG,"MF,FW",Heerenveen,19,2004,13,2,236,2.6,1,0,1,1,0,0,0,1,0.9,0.9,0.2,1.1,6,10,13,0.38,0.00,0.38,0.38,0.38,0.34,0.07,0.41,0.34,0.41,Matches
502,Lasse Wehmeyer,de GER,FW,Heracles Almelo,20,2002,7,2,167,1.9,0,0,0,0,0,0,0,0,0.4,0.4,0.2,0.6,1,5,13,0.00,0.00,0.00,0.00,0.00,0.20,0.11,0.31,0.20,0.31,Matches
503,Daouda Weidmann,ci CIV,"MF,DF",RKC Waalwijk,20,2003,3,0,23,0.3,0,0,0,0,0,0,0,0,0.0,0.0,0.1,0.1,1,0,2,0.00,0.00,0.00,0.00,0.00,0.00,0.36,0.36,0.00,0.36,Matches
504,Timon Wellenreuther,de GER,GK,Feyenoord,27,1995,19,17,1598,17.8,0,0,0,0,0,0,3,0,0.0,0.0,0.5,0.5,0,6,0,0.00,0.00,0.00,0.00,0.00,0.00,0.03,0.03,0.00,0.03,Matches
505,Sai van Wermeskerken,jp JPN,DF,NEC Nijmegen,29,1994,3,1,164,1.8,0,0,0,0,0,0,1,0,0.0,0.0,0.0,0.0,0,4,3,0.00,0.00,0.00,0.00,0.00,0.00,0.00,0.00,0.00,0.00,Matches
506,Casper Widell,se SWE,DF,Excelsior,20,2003,30,27,2326,25.8,1,0,1,1,0,0,1,0,1.0,1.0,0.1,1.0,6,59,1,0.04,0.00,0.04,0.04,0.04,0.04,0.00,0.04,0.04,0.04,Matches
507,Jannes Wieckhoff,de GER,DF,Heracles Almelo,22,2000,18,15,1360,15.1,0,1,1,0,0,0,3,0,1.0,1.0,0.9,2.0,30,35,55,0.00,0.07,0.07,0.00,0.07,0.07,0.06,0.13,0.07,0.13,Matches
508,Mats Wieffer,nl NED,MF,Feyenoord,23,1999,29,29,2590,28.8,5,3,8,5,0,0,2,0,5.2,5.2,3.2,8.4,45,231,87,0.17,0.10,0.28,0.17,0.28,0.18,0.11,0.29,0.18,0.29,Matches
509,Owen Wijndal,nl NED,DF,Ajax,23,1999,2,0,47,0.5,0,0,0,0,0,0,0,0,0.0,0.0,0.4,0.4,1,4,7,0.00,0.00,0.00,0.00,0.00,0.00,0.82,0.82,0.00,0.82,Matches
510,Jetro Willems,nl NED,DF,Heracles Almelo,29,1994,20,11,1075,11.9,0,0,0,0,0,0,2,0,0.3,0.3,0.8,1.1,17,50,40,0.00,0.00,0.00,0.00,0.00,0.02,0.07,0.09,0.02,0.09,Matches
511,Dani de Wit,nl NED,MF,AZ Alkmaar,25,1998,32,29,2513,27.9,10,3,13,9,1,1,7,1,5.8,5.0,2.5,7.5,16,76,107,0.36,0.11,0.47,0.32,0.43,0.21,0.09,0.30,0.18,0.27,Matches
512,Mees de Wit,nl NED,DF,AZ Alkmaar,25,1998,10,4,412,4.6,1,0,1,1,0,0,1,0,0.3,0.3,0.4,0.7,6,31,9,0.22,0.00,0.22,0.22,0.22,0.06,0.09,0.15,0.06,0.15,Matches
513,Maximilian Wittek,de GER,DF,Vitesse,27,1995,1,1,90,1.0,0,0,0,0,0,0,0,0,0.1,0.1,0.2,0.3,0,7,7,0.00,0.00,0.00,0.00,0.00,0.15,0.16,0.30,0.15,0.30,Matches
514,Melle Witteveen,nl NED,FW,Heerenveen,20,2003,5,0,72,0.8,0,1,1,0,0,0,0,0,0.5,0.5,0.2,0.7,3,3,9,0.00,1.25,1.25,0.00,1.25,0.59,0.23,0.82,0.59,0.82,Matches
515,Ricky van Wolfswinkel,nl NED,"FW,MF",Twente,34,1989,32,17,1886,21.0,16,1,17,14,2,2,4,0,10.3,8.8,3.9,12.7,18,48,120,0.76,0.05,0.81,0.67,0.72,0.49,0.19,0.68,0.42,0.61,Matches
516,Redouan El Yaakoubi,nl NED,"DF,MF",Excelsior,27,1996,27,25,2262,25.1,0,3,3,0,0,0,2,0,1.2,1.2,2.2,3.4,29,122,12,0.00,0.12,0.12,0.00,0.12,0.05,0.09,0.14,0.05,0.14,Matches
517,Mehmet Yuksel,nl NED,"DF,FW",Sparta R'dam,21,2001,2,0,8,0.1,0,0,0,0,0,0,0,0,0.0,0.0,0.0,0.0,0,1,2,0.00,0.00,0.00,0.00,0.00,0.50,0.00,0.50,0.50,0.50,Matches
518,Arthur Zagre,fr FRA,DF,Excelsior,21,2001,28,28,2313,25.7,1,4,5,1,0,0,6,1,1.6,1.6,1.5,3.1,66,72,79,0.04,0.16,0.19,0.04,0.19,0.06,0.06,0.12,0.06,0.12,Matches
519,Gjivai Zechiël,nl NED,"DF,MF",Feyenoord,19,2004,2,0,28,0.3,0,0,0,0,0,0,0,0,0.1,0.1,0.0,0.1,2,3,2,0.00,0.00,0.00,0.00,0.00,0.29,0.00,0.29,0.29,0.29,Matches
520,Lequincio Zeefuik,nl NED,"MF,FW",AZ Alkmaar,18,2004,6,0,59,0.7,0,1,1,0,0,0,0,0,0.2,0.2,0.3,0.5,2,3,5,0.00,1.53,1.53,0.00,1.53,0.25,0.51,0.76,0.25,0.76,Matches
521,Lequincio Zeefuik,nl NED,"FW,MF",Volendam,18,2004,16,8,773,8.6,3,1,4,3,0,0,3,0,1.9,1.9,0.9,2.9,9,9,28,0.35,0.12,0.47,0.35,0.47,0.23,0.11,0.33,0.23,0.33,Matches
522,Ramiz Zerrouki,dz ALG,MF,Feyenoord,25,1998,26,15,1387,15.4,0,0,0,0,0,0,3,0,0.4,0.4,1.8,2.2,27,153,38,0.00,0.00,0.00,0.00,0.00,0.02,0.12,0.14,0.02,0.14,Matches
523,Giovanni van Zwam,nl NED,DF,Vitesse,19,2004,12,3,492,5.5,0,0,0,0,0,0,2,1,0.2,0.2,0.0,0.3,3,17,2,0.00,0.00,0.00,0.00,0.00,0.05,0.01,0.05,0.05,0.05,Matches
524,Willum Þór Willumsson,is ISL,MF,Go Ahead Eag,24,1998,31,31,2672,29.7,7,2,9,7,0,0,1,1,5.5,5.5,3.9,9.4,59,137,140,0.24,0.07,0.30,0.24,0.30,0.18,0.13,0.32,0.18,0.32,Matches
