Player,Nation,Pos,Squad,Age,Born,90s,Att,Pass Types_Live,Pass Types_Dead,Pass Types_FK,Pass Types_TB,Pass Types_Sw,Pass Types_Crs,Pass Types_TI,Pass Types_CK,Corner Kicks_In,Corner Kicks_Out,Corner Kicks_Str,Outcomes_Cmp,Outcomes_Off,Outcomes_Blocks
Junior Adamu,AUT,FW,Freiburg,23,2001,17.2,312,292,18,0,2,0,5,2,0,0,0,0,198,2,12
Karim Adeyemi,GER,"FW,MF",Dortmund,22,2002,15.9,401,388,11,1,3,2,26,7,2,2,0,0,298,2,20
Amine Adli,MAR,"MF,FW",Leverkusen,24,2000,8.5,360,346,12,0,0,2,33,8,3,2,1,0,267,2,14
Oladapo Afolayan,ENG,"FW,MF",St. Pauli,26,1998,18.2,461,434,22,3,1,4,53,11,0,0,0,0,320,5,31
Felix Agu,NGA,DF,Werder Bremen,24,1999,19.5,822,667,153,6,0,3,49,147,0,0,0,0,655,2,26
Erik Ahlstrand,SWE,"FW,MF",St. Pauli,22,2001,0.5,13,13,0,0,0,0,0,0,0,0,0,0,10,0,0
Kevin Akpoguma,NGA,DF,Hoffenheim,29,1995,24.7,1369,1280,85,43,1,5,12,14,0,0,0,0,1193,4,10
Andreas Albers,DEN,FW,St. Pauli,34,1990,0.7,29,28,1,0,0,0,0,0,0,0,0,0,15,0,0
Ben Alexander Voll,GER,GK,St. Pauli,23,2000,1.0,50,33,17,4,0,0,0,0,0,0,0,0,28,0,0
Skelly Alvero,FRA,MF,Werder Bremen,22,2002,2.6,91,90,0,0,0,0,0,0,0,0,0,0,68,1,3
Aurele Amenda,SUI,DF,Eint Frankfurt,21,2003,1.1,69,66,3,1,0,3,0,1,0,0,0,0,58,0,2
Nadiem Amiri,GER,MF,Mainz 05,27,1996,27.5,1781,1508,259,120,10,14,166,10,113,40,55,1,1371,14,36
Mohamed Amoura,ALG,FW,Wolfsburg,24,2000,27.4,757,714,38,0,9,14,35,16,0,0,0,0,532,5,42
Robert Andrich,GER,"MF,DF",Leverkusen,29,1994,17.8,978,952,24,15,2,7,12,4,0,0,0,0,865,2,6
Waldemar Anton,GER,DF,Dortmund,28,1996,21.7,1841,1763,78,33,2,6,24,37,0,0,0,0,1664,0,18
Maximilian Arnold,GER,MF,Wolfsburg,30,1994,26.2,1358,1135,218,109,3,17,152,4,84,51,32,1,1049,5,18
Jann-Fiete Arp,GER,"FW,MF",Holstein Kiel,24,2000,7.9,174,146,23,3,1,5,24,9,7,5,2,0,102,5,8
Arthur,BRA,DF,Leverkusen,21,2003,8.4,388,342,45,1,0,0,16,44,0,0,0,0,306,1,13
Noah Atubolu,GER,GK,Freiburg,22,2002,25.6,1140,952,186,60,0,2,0,0,0,0,0,0,849,2,1
Ayman Azhil,MAR,MF,Dortmund,23,2001,0.3,4,4,0,0,0,0,0,0,0,0,0,0,3,0,1
Adam Aznou,MAR,DF,Bayern Munich,18,2006,0.2,17,14,2,0,0,0,1,2,0,0,0,0,13,1,0
Aliou Badara Baldé,GUI,"MF,FW",Bochum,21,2002,1.0,20,18,1,0,1,0,4,1,0,0,0,0,11,1,1
Ridle Baku,GER,"FW,MF",Wolfsburg,26,1998,13.0,514,467,46,6,3,2,37,40,0,0,0,0,381,1,22
Ridle Baku,GER,"DF,MF",RB Leipzig,26,1998,14.2,638,547,88,5,5,3,34,83,0,0,0,0,480,3,22
Samuel Bamba,GER,"FW,MF",Bochum,20,2004,0.3,22,20,2,1,0,0,5,0,1,1,0,0,17,0,1
Noahkai Banks,USA,DF,Augsburg,17,2006,3.1,168,157,11,4,0,0,2,6,0,0,0,0,156,0,0
Scott Banks,SCO,"FW,MF",St. Pauli,22,2001,1.3,33,33,0,0,0,0,5,0,0,0,0,0,21,0,0
Aymen Barkok,MAR,MF,Mainz 05,26,1998,0.8,37,35,2,1,0,0,5,0,1,1,0,0,26,0,2
Michy Batshuayi,BEL,FW,Eint Frankfurt,30,1993,3.3,66,61,4,1,0,0,1,0,0,0,0,0,53,1,0
Maximilian Bauer,GER,DF,Augsburg,24,2000,7.3,340,320,19,11,0,2,4,4,0,0,0,0,275,1,2
Oliver Baumann,GER,GK,Hoffenheim,34,1990,28.0,1062,844,215,79,3,2,0,0,0,0,0,0,734,3,0
Christoph Baumgartner,AUT,MF,RB Leipzig,24,1999,17.9,617,581,27,3,10,1,14,9,1,0,0,0,421,9,29
Ihlas Bebou,TOG,MF,Hoffenheim,30,1994,0.1,4,4,0,0,0,0,0,0,0,0,0,0,2,0,0
Adrian Beck,GER,"MF,FW",Heidenheim,27,1997,17.8,725,671,53,3,0,4,32,14,17,10,6,0,581,1,19
Timo Becker,GER,DF,Holstein Kiel,27,1997,27.2,1026,840,186,41,1,14,22,145,0,0,0,0,794,0,26
Hannes Behrens,GER,DF,Hoffenheim,19,2005,0.3,22,21,1,0,0,0,0,1,0,0,0,0,16,0,0
Kevin Behrens,GER,FW,Wolfsburg,33,1991,1.9,79,76,3,0,0,1,0,1,0,0,0,0,48,0,2
Maximilian Beier,GER,"FW,MF",Dortmund,21,2002,17.7,413,396,13,0,1,0,16,10,0,0,0,0,291,4,22
Stefan Bell,GER,DF,Mainz 05,32,1991,16.0,719,691,23,20,0,2,0,1,0,0,0,0,565,5,4
Jeanuël Belocian,FRA,"DF,MF",Leverkusen,19,2005,0.8,40,35,5,1,0,0,0,4,0,0,0,0,34,0,1
László Bénes,SVK,"MF,FW",Union Berlin,26,1997,6.5,330,273,56,27,1,1,48,6,22,9,12,0,223,1,7
Ramy Bensebaini,ALG,DF,Dortmund,29,1995,22.5,1478,1283,194,41,4,5,36,133,14,13,0,0,1273,1,18
Mergim Berisha,GER,"FW,MF",Hoffenheim,26,1998,3.7,56,53,2,0,3,1,3,0,0,0,0,0,39,1,0
Mergim Berisha,GER,FW,Augsburg,26,1998,0.4,9,9,0,0,0,0,1,0,0,0,0,0,6,0,0
Bernardo,BRA,DF,Bochum,29,1995,19.8,991,941,47,26,0,2,14,17,0,0,0,0,730,3,30
Alexander Bernhardsson,SWE,"FW,MF",Holstein Kiel,25,1998,14.0,319,294,23,4,2,4,34,8,10,4,5,1,193,2,13
Matúš Bero,SVK,MF,Bochum,28,1995,28.5,1317,1043,266,54,7,4,124,133,68,41,25,0,894,8,37
Jan-Niklas Beste,GER,"FW,MF",Freiburg,25,1999,2.4,94,79,15,7,0,0,20,3,5,2,1,0,70,0,2
El Bilal Touré,MLI,"FW,MF",Stuttgart,22,2001,4.0,96,94,0,0,1,0,0,0,0,0,0,0,75,2,3
Tom Bischof,GER,"MF,FW",Hoffenheim,19,2005,28.4,1537,1344,186,67,3,6,145,13,97,35,42,3,1210,7,54
Leonardo Bittencourt,GER,MF,Werder Bremen,30,1993,10.9,680,659,19,9,2,3,22,3,7,4,3,0,571,2,10
Myron Boadu,NED,FW,Bochum,23,2001,11.6,195,183,12,0,0,0,3,0,0,0,0,0,139,0,11
Sacha Boey,FRA,DF,Bayern Munich,23,2000,6.6,500,442,58,4,0,0,11,54,0,0,0,0,462,0,4
Victor Boniface,NGA,FW,Leverkusen,23,2000,11.2,245,237,6,0,1,2,6,2,0,0,0,0,172,2,7
Sebastiaan Bornauw,BEL,DF,Wolfsburg,25,1999,8.8,330,317,13,11,0,2,1,1,0,0,0,0,270,0,3
Carlo Boukhalfa,MAR,MF,St. Pauli,25,1999,18.3,467,460,4,3,2,1,10,0,0,0,0,0,333,3,15
Julian Brandt,GER,MF,Dortmund,28,1996,25.6,1209,1157,48,7,18,3,71,18,20,11,6,0,953,4,30
Tim Breithaupt,GER,MF,Augsburg,22,2002,1.3,67,65,2,2,0,0,1,0,0,0,0,0,58,0,2
Maximilian Breunig,GER,"FW,MF",Heidenheim,23,2000,3.9,81,78,3,0,0,1,1,3,0,0,0,0,47,0,6
Moritz Broschinski,GER,"FW,MF",Bochum,23,2000,15.4,295,274,19,1,0,0,28,2,0,0,0,0,187,2,24
Nathaniel Brown,GER,"DF,MF",Eint Frankfurt,21,2003,21.6,901,713,181,19,2,3,92,114,48,43,1,0,727,7,28
Jacob Bruun Larsen,DEN,"FW,MF",Hoffenheim,25,1998,4.4,163,150,13,1,2,2,19,5,5,2,3,0,121,0,3
Jacob Bruun Larsen,DEN,"MF,FW",Stuttgart,25,1998,4.6,163,154,8,1,2,3,18,2,5,3,1,0,115,1,6
Emi Buendía,ARG,MF,Leverkusen,27,1996,2.9,157,155,1,1,3,1,3,0,0,0,0,0,123,1,2
Marius Bülter,GER,"FW,DF",Hoffenheim,31,1993,19.2,586,530,55,2,3,3,84,46,0,0,0,0,394,1,31
Jonathan Burkardt,GER,FW,Mainz 05,24,2000,23.4,523,475,47,0,2,8,27,6,0,0,0,0,379,1,24
Oliver Burke,SCO,FW,Werder Bremen,27,1997,10.1,299,292,5,0,0,0,20,4,0,0,0,0,179,2,16
Marnon Busch,GER,"DF,MF",Heidenheim,29,1994,15.5,845,698,142,25,1,13,52,116,1,0,1,0,614,5,16
Anthony Caci,FRA,DF,Mainz 05,27,1997,29.8,1655,1345,302,26,6,11,133,256,20,7,8,1,1188,8,61
Cole Campbell,USA,"MF,FW",Dortmund,18,2006,0.2,15,15,0,0,0,0,1,0,0,0,0,0,13,0,0
Emre Can,GER,"DF,MF",Dortmund,30,1994,23.4,1905,1838,64,45,3,7,11,14,0,0,0,0,1705,3,10
Tiago Cardoso,LUX,GK,Gladbach,18,2006,4.2,179,135,44,13,0,0,0,0,0,0,0,0,134,0,0
Abdoulie Ceesay,GAM,FW,St. Pauli,20,2004,0.7,14,14,0,0,1,0,0,0,0,0,0,0,8,0,0
Julian Chabot,GER,DF,Stuttgart,26,1998,25.2,1946,1822,122,61,0,15,2,3,0,0,0,0,1749,2,6
El Chadaille Bitshiabu,FRA,DF,RB Leipzig,19,2005,12.6,866,824,38,26,1,4,4,5,0,0,0,0,731,4,7
Fares Chaïbi,ALG,"MF,FW",Eint Frankfurt,21,2002,11.3,462,391,66,21,4,4,72,7,38,19,16,0,304,5,12
Timothy Chandler,USA,DF,Eint Frankfurt,34,1990,0.3,24,24,0,0,0,0,1,0,0,0,0,0,17,0,1
Anrie Chase,JPN,DF,Stuttgart,20,2004,8.2,541,519,22,10,0,5,3,10,0,0,0,0,497,0,1
Arthur Chaves,BRA,DF,Hoffenheim,23,2001,24.3,1177,1128,46,31,0,4,8,14,0,0,0,0,966,3,22
Fabio Chiarodia,ITA,DF,Gladbach,19,2005,4.2,206,179,27,4,1,1,0,6,0,0,0,0,173,0,2
Carney Chukwuemeka,ENG,MF,Dortmund,20,2003,2.8,122,120,2,1,3,0,1,0,1,0,0,0,96,0,5
Alexis Claude-Maurice,FRA,"MF,FW",Augsburg,26,1998,23.4,655,634,21,4,3,3,21,3,0,0,0,0,543,0,16
Nnamdi Collins,GER,DF,Eint Frankfurt,20,2004,16.5,888,811,77,16,0,2,17,61,0,0,0,0,766,0,7
Kingsley Coman,FRA,FW,Bayern Munich,28,1996,14.2,740,718,20,0,0,2,45,9,0,0,0,0,624,2,13
Sirlord Conteh,GER,"FW,MF",Heidenheim,28,1996,9.9,224,213,9,0,0,0,20,4,0,0,0,0,158,2,8
Danny da Costa,GER,DF,Mainz 05,31,1993,22.3,1201,1148,48,16,0,4,22,32,0,0,0,0,942,5,21
Yan Couto,BRA,"DF,FW",Dortmund,22,2002,9.9,723,626,96,6,0,4,53,88,2,0,2,0,586,1,17
Tomáš Čvančara,CZE,FW,Gladbach,23,2000,9.2,239,229,9,1,0,1,15,6,0,0,0,0,171,1,8
Finn Dahmen,GER,GK,Augsburg,26,1998,19.0,761,555,204,59,0,1,0,0,0,0,0,0,528,2,0
Thomas Dähne,GER,GK,Holstein Kiel,30,1994,9.0,395,286,109,18,0,0,0,0,0,0,0,0,304,0,0
Mahmoud Dahoud,GER,MF,Eint Frankfurt,28,1996,4.0,225,218,6,5,2,1,4,0,1,0,1,0,191,1,6
Ameen Al-Dakhil,BEL,DF,Stuttgart,22,2002,4.8,339,321,16,6,0,2,0,0,0,0,0,0,311,2,1
Bence Dárdai,HUN,MF,Wolfsburg,18,2006,14.5,445,426,18,10,1,1,10,3,1,1,0,0,357,1,13
Lukas Daschner,GER,"MF,FW",Bochum,25,1998,4.6,144,126,18,7,3,0,19,1,7,4,3,0,93,0,1
Alphonso Davies,CAN,DF,Bayern Munich,23,2000,17.3,1272,1143,127,21,6,1,22,106,0,0,0,0,1141,2,20
Olivier Deman,BEL,DF,Werder Bremen,24,2000,0.7,58,45,13,0,0,0,6,10,3,3,0,0,38,0,2
Ermedin Demirović,BIH,FW,Stuttgart,26,1998,20.6,367,349,15,0,3,0,3,0,0,0,0,0,258,3,11
Justin Diehl,GER,"FW,DF",Stuttgart,19,2004,1.2,59,55,4,0,0,0,10,0,3,2,0,0,42,0,0
Eric Dier,ENG,DF,Bayern Munich,30,1994,16.3,1412,1360,50,25,2,7,2,5,0,0,0,0,1324,2,6
Junior Dina Ebimbe,FRA,"MF,FW",Eint Frankfurt,23,2000,3.3,112,104,8,0,0,1,8,8,0,0,0,0,71,0,1
Eren Dinkçi,GER,"MF,FW",Freiburg,22,2001,13.3,394,388,4,0,1,1,15,0,1,0,0,0,297,2,17
Ritsu Doan,JPN,"FW,MF",Freiburg,26,1998,31.8,1090,1064,23,4,12,5,80,10,9,8,1,0,783,3,42
Danilho Doekhi,NED,DF,Union Berlin,26,1998,34.0,1270,1240,25,19,1,1,10,6,0,0,0,0,995,5,20
Niklas Dorsch,GER,MF,Augsburg,26,1998,0.4,26,24,2,2,1,0,1,0,0,0,0,0,22,0,1
Niklas Dorsch,GER,MF,Heidenheim,26,1998,14.8,687,597,88,53,0,18,37,3,28,12,8,0,573,2,3
Patrick Drewes,GER,GK,Bochum,31,1993,21.0,860,598,260,83,0,0,0,0,0,0,0,0,565,2,1
Tim Drexler,GER,DF,Hoffenheim,19,2005,4.0,180,173,7,4,1,2,1,3,0,0,0,0,153,0,3
Marvin Ducksch,GER,FW,Werder Bremen,30,1994,26.9,908,676,224,55,8,13,167,9,105,33,56,0,560,8,24
Julien Duranville,BEL,"FW,MF",Dortmund,18,2006,3.1,84,83,1,0,1,1,13,1,0,0,0,0,59,0,2
Adam Dźwigała,POL,"DF,MF",St. Pauli,28,1995,4.1,212,185,26,8,1,0,3,16,0,0,0,0,173,1,5
Johannes Eggestein,GER,FW,St. Pauli,26,1998,20.6,547,515,29,0,4,2,35,0,0,0,0,0,404,3,28
Maximilian Eggestein,GER,MF,Freiburg,27,1996,31.6,1452,1419,29,25,2,0,9,4,0,0,0,0,1213,4,32
Hugo Ekitike,FRA,FW,Eint Frankfurt,22,2002,28.5,644,586,56,2,6,5,17,1,0,0,0,0,486,2,23
Elif Elmas,MKD,MF,RB Leipzig,24,1999,0.5,16,16,0,0,1,0,0,0,0,0,0,0,13,0,1
Nico Elvedi,SUI,DF,Gladbach,27,1996,23.7,1522,1399,120,27,3,1,1,1,0,0,0,0,1400,3,9
Arne Engels,BEL,"MF,FW",Augsburg,20,2003,0.9,27,24,3,0,0,0,4,0,2,2,0,0,19,0,1
Patrick Erras,GER,DF,Holstein Kiel,29,1995,9.2,510,490,20,12,0,0,0,0,0,0,0,0,469,0,3
Samuel Essende,COD,FW,Augsburg,26,1998,18.2,301,278,19,2,0,0,5,0,0,0,0,0,195,4,12
Frank Feller,GER,GK,Heidenheim,20,2004,1.3,65,47,18,7,0,0,0,0,0,0,0,0,41,0,0
Kilian Fischer,GER,DF,Wolfsburg,23,2000,25.5,1241,985,254,17,0,4,39,237,0,0,0,0,976,2,27
Jonas Föhrenbach,GER,DF,Heidenheim,28,1996,20.4,909,741,167,8,0,2,59,159,0,0,0,0,659,1,37
Marco Friedl,AUT,DF,Werder Bremen,26,1998,24.0,1468,1397,68,57,0,4,2,4,0,0,0,0,1324,3,6
Marvin Friedrich,GER,DF,Gladbach,28,1995,11.0,706,686,19,10,0,0,0,1,0,0,0,0,624,1,6
Jeremie Frimpong,NED,"DF,MF",Leverkusen,23,2000,25.7,940,844,94,2,0,2,116,92,0,0,0,0,715,2,29
Chris Führich,GER,"MF,FW",Stuttgart,26,1998,22.0,1003,915,84,9,8,1,82,30,45,17,1,0,807,4,20
Shiō Fukuda,JPN,FW,Gladbach,20,2004,0.7,10,10,0,0,0,0,1,0,0,0,0,0,5,0,2
Cristian Gamboa,CRC,DF,Bochum,34,1989,2.5,124,104,20,2,1,2,7,18,0,0,0,0,75,0,3
Aleix García,ESP,MF,Leverkusen,27,1997,16.2,1390,1270,118,49,2,33,92,10,58,31,16,0,1212,2,16
Viggo Gebel,GER,MF,RB Leipzig,16,2007,0.2,4,4,0,0,0,0,0,0,0,0,0,0,3,0,0
Lutsharel Geertruida,NED,DF,RB Leipzig,24,2000,17.3,1109,974,132,22,1,3,13,110,0,0,0,0,961,3,12
Dennis Geiger,GER,"MF,FW",Hoffenheim,26,1998,8.2,362,341,18,12,2,0,5,2,2,1,1,0,316,3,4
Valentin Gendrey,FRA,DF,Hoffenheim,24,2000,15.7,690,515,171,7,0,2,51,164,0,0,0,0,482,4,17
Yannick Gerhardt,GER,"MF,DF",Wolfsburg,30,1994,16.9,667,625,41,12,1,1,24,24,1,1,0,0,513,1,19
Max Geschwill,GER,DF,Holstein Kiel,23,2001,14.2,668,595,73,16,0,2,10,54,0,0,0,0,496,0,18
Dimitris Giannoulis,GRE,DF,Augsburg,28,1995,29.4,1440,1145,291,7,2,2,120,270,13,6,1,0,1076,4,54
Armin Gigovic,BIH,MF,Holstein Kiel,22,2002,21.1,674,645,25,9,5,4,14,0,1,0,1,0,524,4,13
Benedikt Gimber,GER,DF,Heidenheim,27,1997,29.7,1282,1221,55,44,0,6,3,3,0,0,0,0,1058,6,16
Matthias Ginter,GER,DF,Freiburg,30,1994,28.5,1521,1460,52,46,2,9,13,4,0,0,0,0,1256,9,10
Jamie Gittens,ENG,"FW,MF",Dortmund,19,2004,19.7,558,548,8,1,4,3,49,5,2,0,0,0,427,2,22
Serge Gnabry,GER,"FW,MF",Bayern Munich,29,1995,13.8,597,576,19,3,5,1,22,13,1,0,0,0,498,2,14
Tidiam Gomis,FRA,"MF,FW",RB Leipzig,17,2006,1.7,52,50,2,0,0,0,4,0,0,0,0,0,42,0,1
Leon Goretzka,GER,"MF,DF",Bayern Munich,29,1995,14.7,1225,1196,24,18,5,8,5,6,0,0,0,0,1101,5,12
Robin Gosens,GER,DF,Union Berlin,30,1994,1.0,42,32,9,0,0,0,1,9,0,0,0,0,23,1,0
Mario Götze,GER,"MF,FW",Eint Frankfurt,32,1992,17.1,846,807,36,13,3,2,39,6,17,12,2,0,656,3,26
Jeffrey Gouweleeuw,NED,DF,Augsburg,33,1991,32.7,1694,1582,106,89,3,2,17,0,0,0,0,0,1400,6,10
Kamil Grabara,POL,GK,Wolfsburg,25,1999,28.7,1139,896,237,83,1,2,0,0,0,0,0,0,791,6,0
Michael Gregoritsch,AUT,FW,Freiburg,30,1994,7.1,158,149,8,0,0,0,1,0,0,0,0,0,100,1,8
Vincenzo Grifo,ITA,"FW,MF",Freiburg,31,1993,27.0,1529,1335,188,61,10,10,155,11,72,40,28,0,1173,6,29
Florian Grillitsch,AUT,MF,Hoffenheim,28,1995,6.7,417,388,29,25,3,8,4,2,0,0,0,0,361,0,9
Álex Grimaldo,ESP,DF,Leverkusen,28,1995,29.3,2094,1804,285,35,4,10,217,145,105,62,26,0,1700,5,59
Pascal Groß,GER,"MF,DF",Dortmund,33,1991,25.9,1970,1736,228,68,3,12,174,48,98,46,30,3,1589,6,33
Marco Grüll,AUT,"FW,MF",Werder Bremen,26,1998,13.1,327,305,21,7,2,1,21,7,1,0,1,0,251,1,23
Raphaël Guerreiro,POR,"DF,MF",Bayern Munich,30,1993,17.5,1359,1235,118,16,8,2,27,95,5,3,1,0,1206,6,26
Morgan Guilavogui,GUI,"FW,MF",St. Pauli,26,1998,20.1,549,541,2,0,1,3,13,2,0,0,0,0,362,6,24
Serhou Guirassy,GUI,FW,Dortmund,28,1996,28.9,627,578,48,0,9,3,1,0,0,0,0,0,456,1,12
Péter Gulácsi,HUN,GK,RB Leipzig,34,1990,29.2,904,660,241,45,0,0,0,0,0,0,0,0,742,3,0
Robert Gumny,POL,DF,Augsburg,26,1998,3.0,138,104,34,1,0,0,5,33,0,0,0,0,105,0,6
Christian Günter,GER,DF,Freiburg,31,1993,25.7,1143,885,256,25,2,1,121,196,35,23,6,0,851,2,33
Janik Haberer,GER,"MF,DF",Union Berlin,30,1994,18.8,740,675,63,3,1,1,15,52,0,0,0,0,570,2,23
Robin Hack,GER,"FW,MF",Gladbach,25,1998,24.1,898,834,59,15,12,9,61,21,23,18,3,0,684,5,28
Amadou Haidara,MLI,MF,RB Leipzig,26,1998,14.7,902,884,16,9,8,1,12,7,0,0,0,0,723,2,11
Andreas Hanche-Olsen,NOR,DF,Mainz 05,27,1997,14.3,642,598,43,15,0,2,1,19,0,0,0,0,530,1,3
Phil Harres,GER,FW,Holstein Kiel,22,2002,17.2,265,240,25,0,0,1,6,2,0,0,0,0,150,0,14
Ramon Hendriks,NED,DF,Stuttgart,23,2001,12.8,688,604,84,16,0,1,12,61,0,0,0,0,576,0,9
Paul Hennrich,GER,MF,Hoffenheim,19,2005,0.1,3,2,0,0,0,0,0,0,0,0,0,0,2,1,0
Benjamin Henrichs,GER,DF,RB Leipzig,27,1997,10.4,476,413,62,5,1,3,19,57,0,0,0,0,360,1,13
Mario Hermoso,ESP,DF,Leverkusen,29,1995,3.3,249,235,13,3,0,3,5,4,0,0,0,0,213,1,0
Piero Hincapié,ECU,DF,Leverkusen,22,2002,29.7,2110,1944,159,33,2,7,37,83,0,0,0,0,1855,7,21
Adam Hložek,CZE,"FW,MF",Hoffenheim,22,2002,20.8,508,493,12,0,1,1,20,4,0,0,0,0,348,3,19
Nicolas Höfler,GER,MF,Freiburg,34,1990,8.8,376,370,4,3,0,0,1,0,0,0,0,0,325,2,7
Jonas Hofmann,GER,"MF,DF",Leverkusen,32,1992,4.0,191,181,9,0,1,0,5,2,4,1,0,0,167,1,0
Philipp Hofmann,GER,FW,Bochum,31,1993,25.3,694,673,16,0,2,2,10,1,0,0,0,0,441,5,12
Lucas Höler,GER,"FW,MF",Freiburg,30,1994,20.7,595,577,16,1,1,1,14,3,0,0,0,0,390,2,19
Benedict Hollerbach,GER,"FW,MF",Union Berlin,23,2001,28.2,674,660,13,0,3,4,73,2,0,0,0,0,441,1,54
Lewis Holtby,GER,MF,Holstein Kiel,33,1990,13.8,706,600,102,55,2,2,46,16,26,13,10,0,540,4,17
Gerrit Holtmann,PHI,"DF,FW",Bochum,29,1995,12.6,411,379,32,0,0,2,91,31,0,0,0,0,270,0,28
Franck Honorat,FRA,FW,Gladbach,27,1996,16.0,606,509,95,15,0,1,125,21,59,17,36,0,409,2,26
Mathias Honsak,AUT,"FW,DF",Heidenheim,27,1996,13.1,462,404,57,11,0,0,50,30,13,5,7,0,324,1,16
Timo Horn,GER,GK,Bochum,31,1993,13.0,499,358,140,42,0,0,0,0,0,0,0,0,284,1,0
Lukáš Hrádecký,FIN,GK,Leverkusen,34,1989,29.0,912,714,195,60,0,0,0,0,0,0,0,0,687,3,0
Robin Hranáč,CZE,DF,Hoffenheim,24,2000,2.4,147,145,2,2,0,0,0,0,0,0,0,0,127,0,1
Hong Hyunseok,KOR,MF,Mainz 05,25,1999,5.9,231,227,2,0,0,0,5,1,1,1,0,0,180,2,8
Oscar Højlund,DEN,MF,Eint Frankfurt,19,2005,8.0,408,398,10,10,0,2,1,0,0,0,0,0,359,0,3
Arijon Ibrahimović,GER,FW,Bayern Munich,18,2005,0.0,3,3,0,0,0,0,0,0,0,0,0,0,3,0,0
Andrej Ilic,SRB,FW,Union Berlin,24,2000,10.4,191,185,6,0,1,1,3,0,0,0,0,0,110,0,4
Jackson Irvine,AUS,MF,St. Pauli,31,1993,29.0,969,957,7,3,6,4,18,1,0,0,0,0,684,5,17
Ko Itakura,JPN,DF,Gladbach,27,1997,31.0,1817,1759,53,28,1,3,9,2,0,0,0,0,1617,5,11
Hiroki Ito,JPN,DF,Bayern Munich,25,1999,2.8,211,190,21,5,1,1,2,16,0,0,0,0,183,0,3
Marko Ivezić,SRB,DF,Holstein Kiel,22,2001,18.4,934,906,27,22,1,2,1,3,0,0,0,0,803,1,10
Lee Jae-sung,KOR,MF,Mainz 05,31,1992,29.4,1049,1025,15,10,4,4,31,5,0,0,0,0,813,9,38
Kristijan Jakić,CRO,MF,Augsburg,27,1997,25.6,1085,1062,22,15,4,11,13,7,0,0,0,0,900,1,29
Luca Jaquez,SUI,DF,Stuttgart,21,2003,2.8,212,206,6,5,0,2,1,1,0,0,0,0,194,0,1
Dominik Javorček,SVK,"DF,MF",Holstein Kiel,21,2002,4.3,163,121,40,4,1,0,20,27,9,5,4,0,115,2,7
Finn Jeltsch,GER,DF,Stuttgart,18,2006,8.7,639,603,36,9,3,0,3,24,0,0,0,0,582,0,4
Fredrik Jensen,FIN,MF,Augsburg,26,1997,8.5,226,221,4,0,0,1,20,2,2,1,1,0,157,1,17
Moritz Jenz,GER,DF,Mainz 05,25,1999,17.8,845,825,19,12,0,1,0,1,0,0,0,0,712,1,1
Carl Johansson,SWE,DF,Holstein Kiel,30,1994,6.3,305,290,14,6,0,0,0,1,0,0,0,0,268,1,0
Anthony Jung,GER,DF,Werder Bremen,32,1991,21.1,1512,1388,121,49,0,0,4,11,0,0,0,0,1354,3,11
Josip Juranović,CRO,"DF,MF",Union Berlin,28,1995,12.9,588,416,168,21,0,3,78,120,27,14,10,2,379,4,15
David Jurásek,CZE,DF,Hoffenheim,23,2000,6.9,439,362,74,1,1,2,55,73,0,0,0,0,307,3,17
Yusuf Kabadayı,GER,"FW,MF",Augsburg,20,2004,0.8,25,24,1,0,0,0,1,1,0,0,0,0,16,0,1
Almugera Kabar,GER,DF,Dortmund,18,2006,1.5,98,84,14,0,0,0,1,14,0,0,0,0,89,0,0
Issa Kaboré,BFA,"DF,FW",Werder Bremen,23,2001,3.4,180,137,43,2,0,1,19,41,0,0,0,0,142,0,5
Pavel Kadeřábek,CZE,DF,Hoffenheim,32,1992,17.5,869,692,171,10,1,1,74,161,0,0,0,0,609,6,16
Jakub Kamiński,POL,"DF,MF",Wolfsburg,22,2002,12.6,466,379,86,7,0,2,50,59,20,12,7,0,328,1,17
Kevin Kampl,SVN,MF,RB Leipzig,33,1990,17.7,1175,1105,63,38,4,1,29,8,17,6,6,0,1046,7,19
Harry Kane,ENG,FW,Bayern Munich,31,1993,26.5,645,621,18,1,17,14,13,9,1,0,0,0,509,6,21
Atakan Karazor,TUR,MF,Stuttgart,27,1996,29.1,1857,1736,115,112,6,5,4,3,0,0,0,0,1608,6,24
Mikkel Kaufmann,DEN,FW,Heidenheim,23,2001,4.1,91,87,3,1,1,1,1,1,0,0,0,0,45,1,4
Yannik Keitel,GER,MF,Stuttgart,24,2000,3.0,190,186,4,4,0,1,2,0,0,0,0,0,156,0,5
Andu Kelati,GER,"MF,DF",Holstein Kiel,21,2002,3.2,123,122,1,0,1,0,6,0,0,0,0,0,95,0,5
Thomas Keller,GER,"DF,MF",Heidenheim,24,1999,1.6,89,84,5,2,0,0,0,3,0,0,0,0,71,0,0
Aljoscha Kemlein,GER,MF,Union Berlin,19,2004,10.2,465,445,16,3,0,4,5,1,3,2,0,1,351,4,8
Luca Kerber,GER,"MF,DF",Heidenheim,22,2002,8.7,247,238,6,2,1,1,3,3,0,0,0,0,182,3,3
Rani Khedira,GER,MF,Union Berlin,30,1994,30.3,950,916,23,11,1,1,22,0,0,0,0,0,700,11,23
Joshua Kimmich,GER,MF,Bayern Munich,29,1995,31.6,3652,3354,291,125,21,42,176,44,117,73,21,1,3269,7,30
Tim Kleindienst,GER,FW,Gladbach,28,1995,30.4,765,713,46,0,7,6,16,14,0,0,0,0,466,6,43
Lukas Klostermann,GER,DF,RB Leipzig,28,1996,20.4,1211,1162,46,19,0,1,11,26,0,0,0,0,1071,3,18
Ansgar Knauff,GER,"MF,DF",Eint Frankfurt,22,2002,17.7,544,517,26,1,4,0,32,25,0,0,0,0,363,1,21
Magnus Knudsen,NOR,MF,Holstein Kiel,23,2001,20.6,781,768,11,9,1,1,8,1,1,1,0,0,656,2,13
Gregor Kobel,SUI,GK,Dortmund,26,1997,32.0,1241,1043,195,74,0,0,0,0,0,0,0,0,993,3,0
Robin Koch,GER,DF,Eint Frankfurt,28,1996,28.7,1799,1690,107,46,0,6,1,3,0,0,0,0,1631,2,16
Derrick Köhn,GHA,"DF,FW",Werder Bremen,25,1999,14.9,733,610,122,2,1,2,58,115,5,2,3,0,581,1,28
Dominik Kohr,GER,"DF,MF",Mainz 05,30,1994,25.5,1368,1260,103,35,5,11,16,37,0,0,0,0,1109,5,21
Marco Komenda,CRO,DF,Holstein Kiel,27,1996,14.5,751,711,37,21,1,2,16,16,0,0,0,0,592,3,6
Mert Kömür,GER,MF,Augsburg,19,2005,7.3,221,189,30,7,0,0,26,1,21,11,7,0,159,2,10
Kacper Koscierski,GER,DF,Bochum,17,2007,0.1,0,0,0,0,0,0,0,0,0,0,0,0,0,0,0
Henri Koudossou,GER,DF,Augsburg,24,1999,8.3,359,301,57,2,0,0,24,55,0,0,0,0,283,1,10
Konstantinos Koulierakis,GRE,DF,Wolfsburg,20,2003,27.4,1557,1434,118,34,1,30,13,17,0,0,0,0,1292,5,9
Matej Kovar,CZE,GK,Leverkusen,24,2000,5.0,147,125,21,6,0,0,0,0,0,0,0,0,123,1,0
Andrej Kramarić,CRO,"MF,FW",Hoffenheim,33,1991,30.7,1314,1182,122,14,5,5,116,23,44,15,13,0,1021,10,34
Frans Krätzig,GER,"DF,MF",Heidenheim,21,2003,13.5,552,461,88,17,1,1,38,47,24,13,4,0,419,3,12
Frans Krätzig,GER,DF,Stuttgart,21,2003,0.6,41,37,4,0,0,0,1,4,0,0,0,0,36,0,0
Tom Krauß,GER,MF,Bochum,23,2001,12.0,615,582,26,3,1,3,10,5,1,1,0,0,492,7,13
Rasmus Kristensen,DEN,DF,Eint Frankfurt,27,1997,27.9,1626,1401,219,16,2,9,59,203,0,0,0,0,1263,6,38
Lukas Kübler,GER,DF,Freiburg,31,1992,20.5,1037,852,178,16,0,3,30,162,0,0,0,0,800,7,15
Jonah Kusi-Asare,SWE,FW,Bayern Munich,17,2007,0.0,1,1,0,0,0,0,0,0,0,0,0,0,1,0,0
Moritz-Broni Kwarteng,GHA,"MF,FW",Bochum,26,1998,1.9,78,76,2,0,0,0,1,2,0,0,0,0,62,0,7
Nediljko Labrović,CRO,GK,Augsburg,24,1999,15.0,504,361,141,36,0,0,0,0,0,0,0,0,354,2,1
Konrad Laimer,AUT,DF,Bayern Munich,27,1997,18.9,1225,1110,114,10,3,2,21,104,0,0,0,0,1075,1,28
Stefan Lainer,AUT,DF,Gladbach,31,1992,8.4,460,384,75,5,2,0,29,70,0,0,0,0,356,1,8
Hugo Larsson,SWE,MF,Eint Frankfurt,20,2004,26.6,1243,1212,27,22,2,5,8,5,0,0,0,0,1080,4,17
Diogo Leite,POR,DF,Union Berlin,25,1999,28.3,1398,1311,79,40,0,7,10,26,0,0,0,0,1099,8,19
Maxim Leitsch,GER,DF,Mainz 05,26,1998,7.5,370,340,30,5,0,0,3,15,0,0,0,0,289,0,2
Jamie Leweling,GER,"MF,FW",Stuttgart,23,2001,18.5,580,559,16,1,2,1,58,14,0,0,0,0,409,5,31
Philipp Lienhart,AUT,DF,Freiburg,28,1996,30.8,2253,2089,156,54,0,18,9,48,0,0,0,0,1943,8,12
Marin Ljubicic,CRO,"FW,MF",Union Berlin,22,2002,3.1,60,56,4,0,0,1,1,1,0,0,0,0,34,0,3
Anthony Losilla,FRA,MF,Bochum,38,1986,12.6,419,410,8,8,0,1,4,0,0,0,0,0,321,1,8
Yannik Lührs,GER,DF,Dortmund,20,2003,1.4,166,158,7,2,0,0,0,1,0,0,0,0,152,1,1
Castello Lukeba,FRA,DF,RB Leipzig,21,2002,17.5,1238,1155,82,23,0,9,11,55,0,0,0,0,1054,1,22
Senne Lynen,BEL,MF,Werder Bremen,25,1999,30.4,1326,1272,49,44,2,4,5,1,0,0,0,0,1099,5,16
Shuto Machino,JPN,"FW,MF",Holstein Kiel,24,1999,21.7,707,561,143,6,3,0,35,112,7,4,2,0,454,3,27
Arne Maier,GER,MF,Augsburg,25,1999,10.4,588,511,75,24,2,3,67,0,46,15,23,0,450,2,17
Patrick Mainka,GER,DF,Heidenheim,29,1994,34.0,1669,1631,33,28,1,1,4,3,0,0,0,0,1425,5,17
Lovro Majer,CRO,MF,Wolfsburg,26,1998,3.4,141,125,15,3,1,2,17,2,10,5,5,0,98,1,3
Jordy Makengo,FRA,DF,Freiburg,22,2001,8.3,306,268,36,1,0,0,25,35,0,0,0,0,242,2,3
Jarzinho Malanga,GER,DF,Stuttgart,18,2006,0.0,2,2,0,0,0,0,0,0,0,0,0,0,2,0,0
Julián Malatini,ARG,DF,Werder Bremen,23,2001,5.0,302,296,6,4,1,0,3,2,0,0,0,0,261,0,4
Donyell Malen,NED,"FW,MF",Dortmund,25,1999,6.8,190,180,9,3,1,3,13,5,1,0,0,0,136,1,10
Lennard Maloney,USA,MF,Heidenheim,24,1999,8.4,271,267,3,3,0,2,1,0,0,0,0,0,194,1,6
Lennard Maloney,USA,MF,Mainz 05,24,1999,0.3,14,14,0,0,1,0,0,0,0,0,0,0,8,0,1
Johan Manzambi,SUI,"FW,MF",Freiburg,18,2005,3.7,143,143,0,0,1,0,5,0,0,0,0,0,108,0,3
Omar Marmoush,EGY,FW,Eint Frankfurt,25,1999,16.1,430,332,95,29,5,2,78,6,50,22,24,0,300,3,10
Giorgos Masouras,GRE,"FW,MF",Bochum,30,1994,11.7,284,276,5,1,0,1,26,3,0,0,0,0,200,3,9
Erhan Mašović,SRB,DF,Bochum,25,1998,10.1,422,406,13,10,1,2,0,0,0,0,0,0,349,3,4
Igor Matanovic,CRO,FW,Eint Frankfurt,21,2003,3.5,75,69,6,0,1,0,0,0,0,0,0,0,57,0,3
Chrislain Matsima,FRA,DF,Augsburg,22,2002,28.3,1324,1274,44,31,2,2,3,8,0,0,0,0,1139,6,17
Jean Mattéo Bahoya,FRA,"MF,FW",Eint Frankfurt,19,2005,10.2,350,327,23,6,1,1,31,6,8,5,0,0,260,0,12
Maurides,BRA,FW,St. Pauli,30,1994,0.0,2,2,0,0,0,0,0,0,0,0,0,0,1,0,0
Jakov Medić,CRO,DF,Bochum,25,1998,17.8,763,747,13,7,2,2,1,0,0,0,0,0,667,3,2
Connor Metcalfe,AUS,"MF,FW",St. Pauli,24,1999,4.0,118,108,8,3,0,0,7,2,3,0,3,0,76,2,3
Karol Mets,EST,DF,St. Pauli,31,1993,10.0,631,589,41,15,0,5,3,4,0,0,0,0,526,1,3
Alexander Meyer,GER,GK,Dortmund,33,1991,2.0,83,68,15,8,0,0,0,0,0,0,0,0,54,0,0
Florian Micheler,AUT,MF,Hoffenheim,19,2005,0.4,12,12,0,0,0,0,0,0,0,0,0,0,11,0,0
Enzo Millot,FRA,"MF,FW",Stuttgart,22,2002,20.5,1140,1092,47,9,5,6,41,10,20,3,10,1,967,1,26
Kim Min-jae,KOR,DF,Bayern Munich,27,1996,25.4,2530,2474,53,25,1,5,0,3,0,0,0,0,2340,3,10
Maximilian Mittelstädt,GER,DF,Stuttgart,27,1997,27.4,2035,1757,272,29,2,11,164,226,16,5,10,0,1698,6,28
Koji Miyoshi,JPN,"FW,MF",Bochum,27,1997,5.2,130,123,7,0,4,1,9,1,2,2,0,0,77,0,15
Max Moerstedt,GER,FW,Hoffenheim,18,2006,5.0,103,101,1,0,1,0,1,0,0,0,0,0,69,1,2
David Mokwa,FRA,"DF,FW",Hoffenheim,20,2004,0.2,4,4,0,0,0,0,0,0,0,0,0,0,1,0,0
Steve Mounié,BEN,"FW,MF",Augsburg,29,1994,3.9,110,108,2,0,0,0,3,1,0,0,0,0,69,0,6
Nordi Mukiele,FRA,DF,Leverkusen,26,1997,10.0,607,527,79,12,0,1,13,67,0,0,0,0,488,1,15
Florian Müller,GER,GK,Freiburg,26,1997,8.4,326,243,81,24,0,1,0,0,0,0,0,0,206,2,0
Kevin Müller,GER,GK,Heidenheim,33,1991,32.7,1306,928,374,103,0,2,0,0,0,0,0,0,987,4,0
Marius Müller,GER,GK,Wolfsburg,31,1993,5.3,218,172,46,12,0,0,0,0,0,0,0,0,154,0,0
Thomas Müller,GER,"MF,FW",Bayern Munich,34,1989,13.6,631,599,30,7,8,3,46,10,0,0,0,0,473,2,16
Jamal Musiala,GER,MF,Bayern Munich,21,2003,20.0,942,914,23,2,14,2,8,6,7,0,0,0,778,5,33
Florent Muslija,KVX,"FW,MF",Freiburg,26,1998,1.9,98,87,11,3,1,0,14,2,6,3,2,0,71,0,1
Phillipp Mwene,AUT,DF,Mainz 05,30,1994,29.0,1272,1031,234,10,2,2,85,212,12,5,1,3,954,7,39
Joakim Mæhle,DEN,DF,Wolfsburg,27,1997,24.3,1205,1012,191,15,2,1,25,175,1,0,0,0,975,2,30
Nathan N'Goumou,CMR,FW,Gladbach,24,2000,9.2,265,255,9,0,1,0,22,8,0,0,0,0,195,1,7
Stanley N'Soki,FRA,DF,Hoffenheim,25,1999,14.5,838,784,51,16,0,4,1,22,0,0,0,0,719,3,8
Nikolas Nartey,DEN,MF,Stuttgart,24,2000,0.2,5,5,0,0,0,0,0,0,0,0,0,0,4,0,0
Paul Nebel,GER,MF,Mainz 05,21,2002,26.1,1167,1115,49,9,12,4,111,22,17,4,9,1,853,3,62
Kosta Nedeljković,SRB,DF,RB Leipzig,18,2005,5.3,238,194,42,1,0,0,17,41,0,0,0,0,194,2,2
Ivan Nekić,CRO,DF,Holstein Kiel,23,2000,0.8,42,40,2,0,0,0,0,2,0,0,0,0,32,0,2
David Nemeth,AUT,DF,St. Pauli,23,2001,23.7,1107,1040,64,36,0,3,7,1,0,0,0,0,957,3,14
Luca Netz,GER,DF,Gladbach,21,2003,10.8,528,449,78,10,0,0,16,68,0,0,0,0,428,1,12
Manuel Neuer,GER,GK,Bayern Munich,38,1986,22.0,924,843,80,24,1,1,0,0,0,0,0,0,795,1,1
Florian Neuhaus,GER,MF,Gladbach,27,1997,4.2,233,220,11,8,0,3,9,2,0,0,0,0,194,2,3
Moritz Nicolas,GER,GK,Gladbach,26,1997,18.2,794,693,101,41,0,1,0,0,0,0,0,0,669,0,1
Julian Niehues,GER,MF,Heidenheim,23,2001,1.7,84,81,3,1,1,1,0,2,0,0,0,0,66,0,1
Justin Njinmah,GER,"FW,MF",Werder Bremen,23,2000,10.6,243,234,8,0,1,1,19,6,0,0,0,0,150,1,16
Niels Nkounkou,FRA,"DF,MF",Eint Frankfurt,23,2000,4.2,235,199,34,8,1,1,23,26,0,0,0,0,162,2,10
Felix Nmecha,GER,MF,Dortmund,23,2000,16.8,903,889,12,12,4,9,6,0,0,0,0,0,794,2,12
Lukas Nmecha,GER,"FW,MF",Wolfsburg,25,1998,5.2,119,114,5,0,2,0,6,1,0,0,0,0,76,0,9
Arnaud Nordin,FRA,"DF,MF",Mainz 05,26,1998,0.9,48,39,9,2,0,1,9,6,1,0,1,0,34,0,2
Alexander Nübel,GER,GK,Stuttgart,27,1996,34.0,1311,1097,208,86,0,2,0,0,0,0,0,0,1009,6,1
Antonio Nusa,NOR,"MF,DF",RB Leipzig,19,2005,17.3,566,534,28,10,8,1,35,17,1,0,1,0,420,4,16
David Odogu,GER,DF,Wolfsburg,18,2006,2.2,99,97,2,0,0,0,0,0,0,0,0,0,87,0,0
Tim Oermann,GER,DF,Bochum,20,2003,24.6,936,844,87,11,1,2,14,74,0,0,0,0,771,5,16
Ifechukwu Ogbus,SUI,DF,Freiburg,18,2005,0.2,10,4,6,0,0,0,0,6,0,0,0,0,6,0,0
Finn Ole Becker,GER,MF,Hoffenheim,24,2000,7.4,383,378,5,3,0,1,8,1,1,0,0,0,316,0,3
Michael Olise,FRA,"FW,MF",Bayern Munich,22,2001,25.9,1585,1451,128,14,25,7,131,41,72,45,3,0,1290,6,44
Jonas Omlin,SUI,GK,Gladbach,30,1994,10.9,513,433,77,19,0,2,0,1,0,0,0,0,375,3,0
Karim Onisiwo,AUT,"MF,FW",Mainz 05,32,1992,1.2,24,22,2,0,0,0,2,0,0,0,0,0,15,0,1
Frank Onyeka,NGA,MF,Augsburg,26,1998,28.7,1019,975,40,12,2,1,20,13,2,1,0,0,852,4,25
Loïs Openda,BEL,"FW,MF",RB Leipzig,24,2000,27.3,591,564,24,4,2,6,27,3,0,0,0,0,377,3,36
Gift Orban,NGA,FW,Hoffenheim,22,2002,7.6,144,130,14,0,1,1,6,3,1,1,0,0,102,0,10
Willi Orban,HUN,DF,RB Leipzig,31,1992,24.7,1750,1686,55,43,0,2,5,4,0,0,0,0,1530,9,13
Ivan Ordets,UKR,DF,Bochum,32,1992,20.7,885,863,18,10,0,2,0,1,0,0,0,0,708,4,4
Patrick Osterhage,GER,MF,Freiburg,24,2000,25.2,1025,1005,18,15,0,4,20,2,0,0,0,0,858,2,24
Assan Ouedraogo,GER,MF,RB Leipzig,18,2006,0.6,20,19,0,0,0,0,1,0,0,0,0,0,15,1,1
Salih Özcan,TUR,MF,Wolfsburg,26,1998,3.9,216,201,15,10,3,2,8,0,4,1,3,0,164,0,5
Salih Özcan,TUR,MF,Dortmund,26,1998,4.3,250,239,9,6,1,0,3,0,0,0,0,0,194,2,1
Exequiel Palacios,ARG,MF,Leverkusen,25,1998,12.8,1023,992,30,13,11,2,4,7,1,0,0,0,922,1,15
João Palhinha,POR,MF,Bayern Munich,29,1995,7.5,552,544,7,7,0,3,2,0,0,0,0,0,510,1,3
Mats Pannewig,GER,MF,Bochum,19,2004,3.0,121,119,1,0,1,1,3,0,1,0,1,0,91,1,3
Kevin Paredes,USA,DF,Wolfsburg,21,2003,1.4,47,47,0,0,0,0,1,0,0,0,0,0,37,0,0
Felix Passlack,GER,"DF,MF",Bochum,26,1998,25.9,997,836,158,12,3,2,113,133,13,13,0,0,660,3,63
Aleksandar Pavlovic,GER,MF,Bayern Munich,20,2004,16.1,1541,1529,11,8,5,6,5,3,0,0,0,0,1437,1,9
Mads Pedersen,DEN,DF,Augsburg,27,1996,2.6,90,66,24,2,0,1,5,22,0,0,0,0,70,0,3
Jordan Pefok,USA,FW,Union Berlin,28,1996,10.1,191,179,11,0,0,1,0,1,0,0,0,0,132,1,3
Daniel Peretz,ISR,GK,Bayern Munich,24,2000,3.0,103,94,9,2,1,0,0,0,0,0,0,0,79,0,0
Noah Pesch,CRO,FW,Gladbach,19,2005,0.1,4,3,1,0,0,0,0,1,0,0,0,0,2,0,0
Luca Philipp,GER,GK,Hoffenheim,23,2000,6.0,194,135,58,22,0,0,0,0,0,0,0,0,123,1,0
Maximilian Philipp,GER,"MF,FW",Freiburg,30,1994,0.2,7,7,0,0,0,0,0,0,0,0,0,0,3,0,1
Benedikt Pichler,AUT,FW,Holstein Kiel,27,1997,8.7,212,195,17,0,2,0,11,0,0,0,0,0,134,0,9
Amos Pieper,GER,DF,Werder Bremen,26,1998,16.6,932,837,92,27,2,13,4,10,0,0,0,0,790,3,7
Marvin Pieringer,GER,"FW,MF",Heidenheim,24,1999,24.5,552,531,19,1,5,1,11,4,0,0,0,0,363,2,22
Alassane Pléa,FRA,"MF,FW",Gladbach,31,1993,21.1,795,747,40,1,15,8,45,12,1,0,0,0,573,8,40
Finn Porath,GER,"DF,MF",Holstein Kiel,27,1997,21.9,731,590,136,19,0,4,84,96,9,5,1,0,489,5,27
Yussuf Poulsen,DEN,"FW,MF",RB Leipzig,30,1994,4.2,141,139,1,1,0,0,2,0,0,0,0,0,84,1,8
Alexander Prass,AUT,DF,Hoffenheim,23,2001,17.4,969,805,159,14,3,2,54,144,1,0,1,0,704,5,30
David Preu,GER,"MF,DF",Union Berlin,19,2004,1.3,37,29,8,0,0,0,4,8,0,0,0,0,20,0,1
Grischa Prömel,GER,MF,Hoffenheim,29,1995,1.9,95,89,6,4,0,0,2,1,0,0,0,0,80,0,1
Ivan Prtajin,CRO,FW,Union Berlin,28,1996,1.8,48,47,1,0,0,0,3,0,0,0,0,0,18,0,2
Tymoteusz Puchacz,POL,DF,Holstein Kiel,25,1999,4.4,195,148,47,6,0,1,37,28,13,4,8,0,137,0,6
Leopold Querfeld,AUT,DF,Union Berlin,20,2003,19.4,802,749,48,30,1,12,0,1,0,0,0,0,648,5,6
Grant Ranos,ARM,FW,Gladbach,21,2003,0.2,12,11,1,0,0,0,0,1,0,0,0,0,8,0,0
David Raum,GER,DF,RB Leipzig,26,1998,19.8,1212,925,281,46,1,5,188,177,58,27,24,0,841,6,32
Rocco Reitz,GER,MF,Gladbach,22,2002,20.3,878,845,29,22,10,3,22,4,0,0,0,0,684,4,22
Nicolai Remberg,GER,MF,Holstein Kiel,24,2000,26.9,970,951,17,15,2,9,8,2,0,0,0,0,756,2,16
Elvis Rexhbeçaj,KVX,MF,Augsburg,26,1997,19.8,670,588,79,27,5,5,71,10,29,12,14,0,469,3,37
Gio Reyna,USA,MF,Dortmund,21,2002,3.9,212,197,15,2,2,0,15,7,5,3,1,0,167,0,4
Fabian Rieder,SUI,"MF,FW",Stuttgart,22,2002,9.6,398,349,47,8,2,0,39,8,28,12,10,1,281,2,20
Lasse Rieß,GER,GK,Mainz 05,23,2001,2.0,84,68,16,4,0,0,0,0,0,0,0,0,53,0,0
Lars Ritzka,GER,"DF,MF",St. Pauli,26,1998,10.2,425,351,73,5,0,1,19,63,1,0,0,0,304,1,18
Mads Roerslev,DEN,DF,Wolfsburg,25,1999,3.3,174,148,26,2,0,0,7,24,0,0,0,0,146,0,6
Merlin Röhl,GER,"MF,FW",Freiburg,22,2002,10.7,250,247,2,0,0,0,12,1,0,0,0,0,190,1,12
Lasse Rosenboom,GER,DF,Holstein Kiel,22,2002,19.3,505,412,90,4,1,1,18,86,0,0,0,0,329,3,22
Max Rosenfelder,GER,DF,Freiburg,21,2003,13.9,675,622,51,11,0,0,9,30,0,0,0,0,576,2,18
Tom Rothe,GER,"DF,MF",Union Berlin,19,2004,18.6,803,618,182,5,1,4,46,177,0,0,0,0,547,3,36
Anthony Rouault,FRA,DF,Stuttgart,23,2001,13.5,874,843,30,18,1,0,1,3,0,0,0,0,787,1,3
Jérôme Roussillon,FRA,"DF,MF",Union Berlin,31,1993,1.5,71,51,20,3,0,1,10,17,0,0,0,0,45,0,3
Julian Ryerson,NOR,DF,Dortmund,26,1997,25.1,1447,1234,210,23,1,4,110,165,22,10,12,0,1234,3,31
Frederik Rønnow,DEN,GK,Union Berlin,31,1992,28.0,902,649,246,85,0,1,0,0,0,0,0,0,619,7,0
Elias Saad,TUN,"FW,MF",St. Pauli,24,1999,10.0,239,230,8,1,2,1,14,5,0,0,0,0,182,1,12
Marcel Sabitzer,AUT,MF,Dortmund,30,1994,18.0,858,812,44,22,4,3,23,13,0,0,0,0,728,2,15
Faik Sakar,GER,MF,RB Leipzig,16,2008,0.0,0,0,0,0,0,0,0,0,0,0,0,0,0,0,0
Manolis Saliakas,GRE,"MF,DF",St. Pauli,27,1996,25.7,1334,1056,275,11,2,15,82,257,7,4,2,0,958,3,29
Roland Sallai,HUN,"FW,MF",Freiburg,27,1997,0.5,17,15,2,0,0,0,4,0,2,1,1,0,11,0,0
Diadie Samassékou,MLI,MF,Hoffenheim,28,1996,3.2,156,153,3,2,0,0,0,0,0,0,0,0,144,0,1
Philipp Sander,GER,MF,Gladbach,26,1998,15.6,754,721,32,16,4,2,22,9,7,4,3,0,610,1,15
James Sands,USA,"MF,DF",St. Pauli,24,2000,5.0,204,198,5,5,0,2,2,0,0,0,0,0,155,1,5
Leroy Sané,GER,FW,Bayern Munich,28,1996,18.2,909,865,42,3,5,2,51,8,15,6,0,0,750,2,28
Kaishu Sano,JPN,MF,Mainz 05,23,2000,33.8,1439,1423,11,7,0,7,11,4,0,0,0,0,1153,5,26
Kauã Santos,BRA,GK,Eint Frankfurt,21,2003,8.5,295,233,59,15,0,0,0,0,0,0,0,0,205,3,1
Joe Scally,USA,DF,Gladbach,21,2002,28.6,1559,1287,269,32,5,10,50,237,0,0,0,0,1300,3,34
András Schäfer,HUN,MF,Union Berlin,25,1999,17.0,563,534,26,2,0,1,17,5,3,2,0,0,414,3,19
Patrik Schick,CZE,FW,Leverkusen,28,1996,18.7,368,353,14,0,0,0,1,1,0,0,0,0,287,1,9
Stefan Schimmer,GER,"FW,MF",Heidenheim,30,1994,2.7,53,50,3,0,0,0,3,0,0,0,0,0,32,0,4
Xaver Schlager,AUT,MF,RB Leipzig,26,1997,2.0,98,94,3,3,1,1,1,0,0,0,0,0,85,1,0
Keven Schlotterbeck,GER,DF,Augsburg,27,1997,14.4,683,646,34,19,2,5,3,3,0,0,0,0,577,3,3
Nico Schlotterbeck,GER,DF,Dortmund,24,1999,22.0,2080,1941,136,47,3,21,14,29,5,5,0,0,1856,3,22
Romano Schmid,AUT,MF,Werder Bremen,24,2000,31.5,1663,1574,72,14,20,7,145,15,40,21,14,1,1239,17,39
Jan Schöppner,GER,MF,Heidenheim,25,1999,29.8,1042,1018,21,4,3,9,12,13,0,0,0,0,778,3,26
Marvin Schulz,GER,"MF,DF",Holstein Kiel,29,1995,3.4,164,140,23,13,0,0,12,0,10,4,3,0,128,1,0
Alexander Schwolow,GER,GK,Union Berlin,32,1992,6.0,207,156,50,10,0,0,0,0,0,0,0,0,148,1,1
Léo Scienza,BRA,"FW,MF",Heidenheim,25,1998,12.8,395,294,100,41,1,1,81,23,31,12,16,0,262,1,13
Nicolas Seiwald,AUT,"MF,DF",RB Leipzig,23,2001,23.2,1348,1272,70,36,8,3,46,7,26,8,15,0,1115,6,21
Benjamin Šeško,SVN,"FW,MF",RB Leipzig,21,2003,26.4,614,590,21,1,3,1,7,3,0,0,0,0,415,3,26
Armindo Sieb,GER,"FW,MF",Mainz 05,21,2003,8.5,195,185,8,0,1,0,6,2,0,0,0,0,136,2,6
Tim Siersleben,GER,DF,Heidenheim,24,2000,13.1,719,672,43,12,0,6,10,22,0,0,0,0,581,4,7
Kiliann Sildillia,FRA,DF,Freiburg,22,2002,8.9,459,374,83,5,0,1,19,78,0,0,0,0,336,2,13
André Silva,POR,FW,Werder Bremen,28,1995,4.2,116,99,14,1,1,0,4,1,0,0,0,0,82,3,8
André Silva,POR,"FW,MF",RB Leipzig,28,1995,1.5,42,35,6,0,1,0,0,1,0,0,0,0,30,1,4
Mohamed Simakan,FRA,DF,RB Leipzig,24,2000,0.6,50,44,6,0,0,0,1,6,0,0,0,0,42,0,1
Xavi Simons,NED,MF,RB Leipzig,21,2003,23.9,1201,1061,132,40,23,4,79,9,58,20,20,1,944,8,25
Danel Sinani,LUX,"FW,MF",St. Pauli,27,1997,13.9,546,452,90,11,5,2,67,4,54,31,16,0,390,4,12
Tobias Sippel,GER,GK,Gladbach,36,1988,0.7,34,20,14,2,0,0,0,0,0,0,0,0,20,0,0
Ibrahima Sissoko,MLI,MF,Bochum,26,1997,29.0,1072,1059,11,3,4,3,21,4,0,0,0,0,804,2,28
Tim Skarke,GER,"FW,MF",Union Berlin,27,1996,12.9,347,338,8,1,0,2,29,3,0,0,0,0,243,1,15
Ellyes Skhiri,TUN,MF,Eint Frankfurt,29,1995,24.8,1303,1266,33,30,2,1,3,3,0,0,0,0,1153,4,20
Leo Skiri Østigård,NOR,DF,Hoffenheim,24,1999,10.3,577,549,27,12,0,1,2,0,0,0,0,0,484,1,2
Andreas Skov Olsen,DEN,"FW,MF",Wolfsburg,24,1999,5.9,270,251,19,2,0,4,29,8,9,9,0,0,217,0,6
Robert Skov,DEN,"DF,MF",Union Berlin,28,1996,9.5,463,353,107,22,2,1,61,60,25,12,13,0,305,3,10
Steven Skrzybski,GER,"MF,FW",Holstein Kiel,31,1992,14.7,446,408,37,8,5,2,31,5,7,3,2,0,312,1,13
Eric Smith,SWE,"DF,MF",St. Pauli,27,1997,31.4,1677,1461,209,143,4,8,102,4,59,20,23,1,1355,7,7
Anton Stach,GER,"MF,DF",Hoffenheim,25,1998,28.7,1537,1500,33,27,4,9,24,3,1,0,1,0,1270,4,26
Jens Stage,DEN,MF,Werder Bremen,27,1996,24.5,998,966,28,25,7,10,23,3,0,0,0,0,768,4,22
Josip Stanišić,CRO,DF,Bayern Munich,24,2000,9.7,782,717,65,18,1,12,11,42,0,0,0,0,716,0,4
Niklas Stark,GER,DF,Werder Bremen,29,1995,23.4,1283,1228,54,44,0,2,3,8,0,0,0,0,1098,1,8
Pascal Stenzel,GER,DF,Stuttgart,28,1996,3.2,218,177,41,4,0,3,25,22,15,6,5,1,181,0,3
Leonidas Stergiou,SUI,DF,Stuttgart,22,2002,9.5,534,451,80,5,1,0,13,75,0,0,0,0,440,3,9
Finley Stevens,WAL,DF,St. Pauli,21,2003,0.0,2,1,1,0,0,0,0,1,0,0,0,0,1,0,0
Angelo Stiller,GER,MF,Stuttgart,23,2001,30.5,2540,2352,177,83,15,6,95,9,48,24,10,0,2219,11,15
Kevin Stöger,AUT,MF,Gladbach,30,1993,17.2,1117,940,167,59,13,12,116,16,67,28,29,0,847,10,23
Niklas Süle,GER,DF,Dortmund,28,1995,11.7,938,895,41,19,0,4,1,8,0,0,0,0,870,2,2
Mattias Svanberg,SWE,MF,Wolfsburg,25,1999,13.5,377,336,36,17,0,0,35,1,14,10,4,0,259,5,12
Daniel Svensson,SWE,"DF,FW",Dortmund,22,2002,8.7,497,412,85,10,0,3,36,56,19,15,0,0,394,0,12
Haris Tabakovic,BIH,FW,Hoffenheim,30,1994,9.1,213,203,7,0,0,0,4,0,0,0,0,0,134,3,5
Jonathan Tah,GER,DF,Leverkusen,28,1996,33.0,2309,2252,54,41,2,4,6,5,0,0,0,0,2145,3,7
Edmond Tapsoba,BFA,DF,Leverkusen,25,1999,27.9,1972,1841,130,50,1,9,8,67,0,0,0,0,1703,1,14
Mathys Tel,FRA,"FW,MF",Bayern Munich,19,2005,2.8,128,118,10,3,0,1,5,4,2,0,0,0,108,0,2
Nathan Tella,NGA,"MF,FW",Leverkusen,25,1999,15.1,343,332,8,1,2,1,25,4,0,0,0,0,256,3,20
Martin Terrier,FRA,"MF,FW",Leverkusen,27,1997,6.5,199,185,10,0,2,0,5,0,2,1,0,0,163,4,6
Arthur Theate,BEL,DF,Eint Frankfurt,24,2000,30.0,1863,1694,164,39,7,13,26,97,0,0,0,0,1539,5,18
Norman Theuerkauf,GER,MF,Heidenheim,37,1987,0.2,20,17,3,1,0,0,0,2,0,0,0,0,17,0,0
Denis Thomalla,GER,MF,Heidenheim,31,1992,0.0,1,1,0,0,0,0,0,0,0,0,0,0,1,0,0
Phillip Tietz,GER,FW,Augsburg,27,1997,18.7,481,465,15,0,1,0,1,1,1,0,0,0,300,1,21
Umut Tohumcu,GER,"MF,FW",Hoffenheim,19,2004,4.2,133,120,12,7,0,0,8,0,4,3,1,0,110,1,1
John Tolkin,USA,"DF,MF",Holstein Kiel,22,2002,8.2,368,275,92,20,1,1,38,52,20,10,8,0,250,1,8
Tiago Tomás,POR,"FW,MF",Wolfsburg,22,2002,20.9,475,467,6,0,5,3,22,3,0,0,0,0,329,2,17
Keke Topp,GER,"FW,MF",Werder Bremen,20,2004,2.8,88,79,6,2,0,0,6,0,0,0,0,0,48,3,7
Bazoumana Touré,CIV,"FW,MF",Hoffenheim,18,2006,6.8,187,181,4,0,0,2,24,3,1,0,0,0,125,2,8
Lucas Tousart,FRA,MF,Union Berlin,27,1997,6.2,162,162,0,0,0,1,2,0,0,0,0,0,108,0,3
Omar Traoré,GER,DF,Heidenheim,26,1998,29.1,1399,1151,247,12,0,5,107,232,1,0,0,0,989,1,65
Kevin Trapp,GER,GK,Eint Frankfurt,34,1990,25.5,947,756,187,57,0,0,0,0,0,0,0,0,693,4,1
Philipp Treu,GER,"MF,DF",St. Pauli,23,2000,32.0,1532,1213,313,17,1,1,60,296,0,0,0,0,1225,6,45
Christopher Trimmel,AUT,"DF,MF",Union Berlin,37,1987,19.3,783,553,227,23,1,2,111,154,50,18,31,1,474,3,26
Tuta,BRA,"DF,MF",Eint Frankfurt,25,1999,25.3,1442,1380,58,40,4,2,3,10,0,0,0,0,1265,4,16
Lukas Ullrich,GER,DF,Gladbach,20,2004,21.1,850,713,134,5,1,0,47,129,0,0,0,0,647,3,39
Sven Ulreich,GER,GK,Bayern Munich,35,1988,1.0,30,29,1,0,0,0,0,0,0,0,0,0,25,0,0
Deniz Undav,GER,"FW,MF",Stuttgart,28,1996,19.2,589,561,24,1,6,5,11,7,0,0,0,0,431,4,21
Dayot Upamecano,FRA,DF,Bayern Munich,25,1998,19.5,1923,1880,42,21,0,2,6,8,0,0,0,0,1805,1,7
Jonas Urbig,GER,GK,Bayern Munich,20,2003,8.0,286,259,27,4,0,1,0,0,0,0,0,0,232,0,1
Can Uzun,TUR,"MF,FW",Eint Frankfurt,18,2005,7.5,299,289,10,1,2,1,18,0,6,2,2,0,239,0,11
Josha Vagnoman,GER,"DF,MF",Stuttgart,23,2000,20.4,902,781,121,11,1,1,43,110,0,0,0,0,725,0,27
Siebe Van Der Heyden,BEL,"DF,MF",St. Pauli,26,1998,9.7,487,445,39,6,0,1,18,19,0,0,0,0,386,3,12
Maarten Vandevoordt,BEL,GK,RB Leipzig,22,2002,4.8,175,134,40,5,0,0,0,0,0,0,0,0,138,1,0
Ruben Vargas,SUI,"MF,FW",Augsburg,25,1998,3.4,141,128,12,2,0,1,12,6,2,0,0,0,118,1,0
Nikola Vasilj,BIH,GK,St. Pauli,28,1995,33.0,1404,1168,233,99,0,1,0,0,0,0,0,0,1033,3,0
Denis Vavro,SVK,DF,Wolfsburg,28,1996,27.3,1493,1427,61,44,0,24,8,8,0,0,0,0,1297,5,3
Miloš Veljković,SRB,DF,Werder Bremen,28,1995,11.4,648,620,25,18,0,12,9,0,0,0,0,0,562,3,7
Nikolas Veratschnig,AUT,"DF,MF",Mainz 05,21,2003,4.0,146,115,31,0,0,0,7,30,0,0,0,0,106,0,6
Arthur Vermeeren,BEL,MF,RB Leipzig,19,2005,17.5,953,940,12,9,2,1,3,2,0,0,0,0,821,1,18
Yorbe Vertessen,BEL,"MF,FW",Union Berlin,23,2001,8.0,201,177,24,8,1,0,23,1,14,7,2,0,133,0,7
Gabriel Vidovic,CRO,MF,Bayern Munich,20,2003,0.3,8,8,0,0,0,0,0,0,0,0,0,0,8,0,0
Gabriel Vidovic,CRO,MF,Mainz 05,20,2003,0.0,6,5,1,1,0,0,0,0,0,0,0,0,6,0,0
Kevin Vogt,GER,DF,Union Berlin,32,1991,15.2,897,828,67,38,0,3,0,2,0,0,0,0,790,2,2
Kevin Volland,GER,"FW,MF",Union Berlin,32,1992,0.7,14,13,1,0,0,0,0,0,0,0,0,0,10,0,0
Aster Vranckx,BEL,MF,Wolfsburg,21,2002,6.2,202,197,4,2,1,2,3,0,0,0,0,0,166,1,10
Robert Wagner,GER,MF,St. Pauli,21,2003,4.5,130,124,5,0,0,1,2,0,0,0,0,0,98,1,4
Elye Wahi,FRA,"FW,MF",Eint Frankfurt,21,2003,2.2,42,41,1,0,0,0,5,0,0,0,0,0,27,0,2
Hauke Wahl,GER,DF,St. Pauli,30,1994,33.0,1755,1683,68,40,0,0,8,4,0,0,0,0,1520,4,11
Paul Wanner,GER,"MF,FW",Heidenheim,18,2005,19.7,709,600,105,34,4,2,52,15,25,17,5,0,518,4,19
Kjell-Arik Wätjen,GER,MF,Dortmund,18,2006,0.2,8,8,0,0,0,0,0,0,0,0,0,0,3,0,0
Julian Weigl,GER,MF,Gladbach,28,1995,32.0,1763,1703,55,52,5,6,11,2,1,0,0,0,1557,5,23
Timon Weiner,GER,GK,Holstein Kiel,25,1999,25.0,991,729,258,60,0,0,0,0,0,0,0,0,682,4,2
Nelson Weiper,GER,"FW,MF",Mainz 05,19,2005,7.8,173,160,12,0,0,0,6,2,0,0,0,0,116,1,9
Mitchell Weiser,GER,"DF,MF",Werder Bremen,30,1994,31.9,1558,1280,273,7,10,7,78,263,0,0,0,0,1151,5,64
Noah Weißhaupt,GER,"FW,MF",St. Pauli,22,2001,12.9,363,325,35,8,1,5,72,2,24,11,11,1,226,3,8
Noah Weißhaupt,GER,FW,Freiburg,22,2001,0.9,50,47,3,1,0,0,8,0,2,2,0,0,37,0,3
Silvan Widmer,SUI,DF,Mainz 05,31,1993,5.6,281,224,56,1,0,0,12,55,0,0,0,0,208,1,4
Patrick Wimmer,AUT,"MF,FW",Wolfsburg,23,2001,19.7,650,591,57,14,7,4,42,16,21,9,12,0,427,2,39
Jonas Wind,DEN,"FW,MF",Wolfsburg,25,1999,21.8,612,591,17,1,6,0,7,0,0,0,0,0,432,4,20
Florian Wirtz,GER,"MF,FW",Leverkusen,21,2003,26.1,1749,1619,120,23,26,8,101,48,42,17,4,0,1370,10,40
Dani de Wit,NED,"MF,FW",Bochum,26,1998,12.8,411,381,26,3,1,0,8,5,0,0,0,0,296,4,8
Maximilian Wittek,GER,DF,Bochum,28,1995,30.1,1525,1105,415,64,8,6,164,279,72,44,24,0,1077,5,39
Marius Wolf,GER,DF,Augsburg,29,1995,23.8,1205,871,322,44,3,3,115,236,38,15,15,1,826,12,46
Nick Woltemade,GER,"FW,MF",Stuttgart,22,2002,18.0,489,477,9,0,5,2,6,1,0,0,0,0,345,3,14
Jeong Woo-yeong,KOR,"MF,FW",Union Berlin,24,1999,14.0,506,490,15,2,2,0,36,3,8,2,3,0,381,1,25
Granit Xhaka,SUI,MF,Leverkusen,31,1992,32.1,2818,2694,114,63,8,22,30,25,1,1,0,0,2528,10,26
Erencan Yardimci,TUR,"FW,MF",Hoffenheim,22,2002,3.5,56,50,6,0,0,1,1,0,0,0,0,0,34,0,0
Dan-Axel Zagadou,FRA,"DF,MF",Stuttgart,25,1999,0.3,9,9,0,0,0,0,0,0,0,0,0,0,9,0,0
David Zec,SVN,DF,Holstein Kiel,24,2000,17.1,836,795,41,38,0,3,1,2,0,0,0,0,733,0,8
Robin Zentner,GER,GK,Mainz 05,29,1994,32.0,1164,893,263,84,0,2,0,0,0,0,0,0,732,8,2
Cedric Zesiger,SUI,DF,Augsburg,26,1998,13.6,579,541,35,13,2,5,13,17,0,0,0,0,455,3,15
Cedric Zesiger,SUI,DF,Wolfsburg,26,1998,5.8,237,204,33,13,0,2,3,4,0,0,0,0,189,0,4
Michael Zetterer,GER,GK,Werder Bremen,29,1995,34.0,1315,1109,202,95,0,4,0,0,0,0,0,0,1028,4,3
Budu Zivzivadze,GEO,FW,Heidenheim,30,1994,10.6,205,200,5,0,1,0,4,1,0,0,0,0,142,0,10
