Player,Nation,Pos,Squad,Age,Born,90s,Performance_CrdY,Performance_CrdR,Performance_2CrdY,Performance_Fls,Performance_Fld,Performance_Off,Performance_Crs,Performance_Int,Performance_TklW,Performance_PKwon,Performance_PKcon,Performance_OG,Performance_Recov,Aerial Duels_Won,Aerial Duels_Lost,Aerial Duels_Won%
Brenden Aaronson,USA,"MF,FW",Leeds United,21,2000,26.4,2,0,0,16,55,6,72,5,18,0,0,0,128,8,39,17.0
George Abbott,ENG,MF,Tottenham,16,2005,0.0,0,0,0,0,0,0,0,1,0,0,0,0,0,0,0,
Che Adams,SCO,FW,Southampton,26,1996,22.1,1,0,0,38,27,14,12,4,13,0,0,0,53,61,103,37.2
Tyler Adams,USA,MF,Leeds United,23,1999,24.0,6,1,1,37,21,1,2,35,46,0,0,0,199,25,15,62.5
Tosin Adarabioyo,ENG,DF,Fulham,24,1997,23.2,4,0,0,17,5,3,2,26,13,0,0,0,110,59,26,69.4
Nayef Aguerd,MAR,DF,West Ham,26,1996,17.7,4,0,0,8,8,2,0,18,18,0,1,0,105,32,31,50.8
Naouirou Ahamada,FRA,"MF,FW",Crystal Palace,20,2002,1.0,1,0,0,2,0,2,2,0,2,0,0,0,8,0,1,0.0
Rayan Aït-Nouri,ALG,DF,Wolves,21,2001,12.0,4,0,0,15,11,3,21,9,20,0,1,1,61,14,17,45.2
Kristoffer Ajer,NOR,DF,Brentford,24,1998,8.5,0,0,0,5,8,0,6,7,8,0,1,0,36,15,11,57.7
Manuel Akanji,SUI,DF,Manchester City,27,1995,25.4,2,0,0,24,12,0,6,16,25,0,0,0,136,23,34,40.4
Nathan Aké,NED,DF,Manchester City,27,1995,20.8,2,0,0,12,14,1,15,20,12,0,0,0,96,36,23,61.0
Marc Albrighton,ENG,"FW,MF",Leicester City,32,1989,2.6,0,0,0,2,2,1,28,1,1,0,0,0,13,1,1,50.0
Thiago Alcántara,ESP,MF,Liverpool,31,1991,13.9,2,0,0,18,25,0,3,21,24,0,1,0,111,14,24,36.8
Carlos Alcaraz,ARG,"MF,FW",Southampton,19,2002,11.4,3,0,0,16,17,2,4,1,5,0,0,0,53,7,27,20.6
Trent Alexander-Arnold,ENG,DF,Liverpool,23,1998,32.5,5,0,0,22,6,5,252,43,40,0,0,0,239,20,13,60.6
Alisson,BRA,GK,Liverpool,29,1992,37.0,1,0,0,1,5,0,0,0,0,0,0,0,71,11,1,91.7
Dele Alli,ENG,MF,Everton,26,1996,0.4,0,0,0,0,1,0,0,0,0,0,0,0,2,1,2,33.3
Miguel Almirón,PAR,FW,Newcastle Utd,28,1994,27.7,2,0,0,22,33,9,26,10,30,0,0,0,139,6,10,37.5
Julián Álvarez,ARG,"FW,MF",Manchester City,22,2000,16.3,0,0,0,21,14,3,26,2,16,1,0,0,44,8,23,25.8
Daniel Amartey,GHA,DF,Leicester City,27,1994,17.9,1,0,0,7,3,0,0,8,8,0,1,0,108,34,26,56.7
Samuel Amo-Ameyaw,ENG,MF,Southampton,16,2006,0.0,0,0,0,0,0,0,0,0,0,0,0,0,1,0,1,0.0
Joachim Andersen,DEN,DF,Crystal Palace,26,1996,30.9,8,0,0,27,16,2,10,24,22,0,0,2,180,87,34,71.9
Elliot Anderson,ENG,"MF,FW",Newcastle Utd,19,2002,4.6,0,0,0,6,10,1,9,6,5,0,0,0,29,11,5,68.8
Jaidon Anthony,ENG,"MF,FW",Bournemouth,22,1999,14.0,2,0,0,9,12,5,43,10,17,0,0,0,80,10,12,45.5
Michail Antonio,JAM,FW,West Ham,32,1990,20.3,2,0,0,28,44,12,35,5,7,0,1,0,43,50,88,36.2
Antony,BRA,FW,Manchester Utd,22,2000,20.0,5,0,0,15,25,2,32,11,9,0,0,0,99,5,19,20.8
Cameron Archer,ENG,"FW,MF",Aston Villa,21,2001,0.5,0,0,0,2,1,1,1,0,0,0,0,0,2,0,0,
Alphonse Areola,FRA,GK,West Ham,29,1993,3.4,0,0,0,1,0,0,0,0,0,0,1,0,1,0,0,
Joe Aribo,NGA,"MF,FW",Southampton,26,1996,13.6,2,0,0,10,13,0,8,10,20,0,0,0,76,30,43,41.1
Adam Armstrong,ENG,"FW,MF",Southampton,25,1997,14.8,2,0,0,17,9,2,14,5,9,0,0,0,54,5,21,19.2
Stuart Armstrong,SCO,"MF,FW",Southampton,30,1992,15.6,6,0,0,17,20,1,37,10,21,0,0,0,83,6,8,42.9
Kepa Arrizabalaga,ESP,GK,Chelsea,27,1994,28.5,1,0,0,0,8,0,0,1,2,0,0,0,42,11,1,91.7
Pierre-Emerick Aubameyang,GAB,FW,Chelsea,33,1989,6.2,1,0,0,5,1,0,3,2,0,0,0,0,11,3,11,21.4
Ludwig Augustinsson,SWE,DF,Aston Villa,28,1994,0.9,1,0,0,1,3,0,5,0,1,0,0,0,9,4,1,80.0
Serge Aurier,CIV,DF,Nott'ham Forest,29,1992,21.6,2,0,0,18,19,0,40,29,41,0,0,0,126,46,32,59.0
Taiwo Awoniyi,NGA,FW,Nott'ham Forest,24,1997,15.6,2,0,0,24,19,15,3,4,10,0,0,0,56,20,61,24.7
Yasin Ayari,SWE,MF,Brighton,18,2003,0.7,0,0,0,0,3,0,0,0,2,0,0,0,3,0,1,0.0
André Ayew,GHA,"FW,MF",Nott'ham Forest,32,1989,3.5,1,0,0,3,8,1,1,0,3,0,0,0,9,14,22,38.9
Jordan Ayew,GHA,"FW,MF",Crystal Palace,30,1991,30.2,5,0,0,48,90,4,43,15,41,0,0,0,166,50,92,35.2
Luke Ayling,ENG,DF,Leeds United,30,1991,22.8,3,0,0,15,35,1,62,26,37,0,1,0,152,47,57,45.2
César Azpilicueta,ESP,DF,Chelsea,32,1989,17.0,3,0,0,27,7,2,26,19,25,0,0,1,59,29,19,60.4
Benoît Badiashile,FRA,DF,Chelsea,21,2001,10.1,2,0,0,9,6,0,2,16,8,0,0,0,76,35,14,71.4
Leon Bailey,JAM,"FW,MF",Aston Villa,24,1997,21.9,4,0,0,29,22,9,96,6,6,0,1,0,72,24,46,34.3
Stefan Bajcetic,ESP,MF,Liverpool,17,2004,5.8,2,0,0,7,9,0,5,9,6,0,0,0,40,9,5,64.3
Dominic Ballard,ENG,"FW,MF",Southampton,17,2005,0.3,0,0,0,0,0,0,0,1,0,0,0,0,2,1,4,20.0
Patrick Bamford,ENG,FW,Leeds United,28,1993,16.8,3,0,0,25,27,18,5,5,6,0,0,0,50,36,42,46.2
Shandon Baptiste,GRN,MF,Brentford,24,1998,6.9,3,1,1,11,12,1,11,7,9,0,0,0,45,6,7,46.2
Harvey Barnes,ENG,"FW,MF",Leicester City,24,1997,30.1,3,0,0,38,37,9,44,8,14,0,0,0,101,29,57,33.7
Gavin Bazunu,IRL,GK,Southampton,20,2002,32.0,0,0,0,1,2,0,0,1,0,0,1,0,39,13,0,100.0
Mads Bech Sørensen,DEN,"DF,MF",Brentford,23,1999,0.2,0,0,0,0,0,0,0,1,0,0,0,0,0,1,0,100.0
Jan Bednarek,POL,DF,Southampton,26,1996,18.6,5,0,0,15,7,0,1,49,21,0,0,1,98,40,16,71.4
Jan Bednarek,POL,DF,Aston Villa,26,1996,1.1,0,0,0,1,1,0,0,2,3,0,0,0,4,0,0,
Donny van de Beek,NED,MF,Manchester Utd,25,1997,1.9,0,0,0,4,2,1,0,1,0,0,0,0,3,3,3,50.0
Asmir Begović,BIH,GK,Everton,35,1987,1.0,0,0,0,0,0,0,0,0,0,0,0,0,0,1,0,100.0
Armel Bella Kotchap,GER,DF,Southampton,20,2001,20.9,4,0,0,9,33,0,4,44,17,0,0,0,145,40,28,58.8
Saïd Benrahma,ALG,"FW,MF",West Ham,26,1995,23.0,0,0,0,16,15,7,83,9,15,0,0,0,113,5,11,31.3
Rodrigo Bentancur,URU,MF,Tottenham,25,1997,16.7,8,0,0,24,8,0,16,20,28,0,0,0,128,15,16,48.4
Daniel Bentley,ENG,GK,Wolves,29,1993,2.0,0,0,0,0,1,0,0,0,1,0,0,0,1,0,1,0.0
Victor Bernth Kristiansen,DEN,DF,Leicester City,19,2002,9.9,2,0,0,17,9,0,29,3,23,0,0,0,53,9,15,37.5
Owen Bevan,WAL,DF,Bournemouth,18,2003,0.1,0,0,0,0,0,0,0,0,0,0,0,0,1,0,0,
Giulian Biancone,FRA,DF,Nott'ham Forest,22,2000,0.2,0,0,0,0,0,0,1,1,1,0,0,0,5,2,0,100.0
Philip Billing,DEN,"MF,FW",Bournemouth,26,1996,30.7,5,0,0,30,35,3,38,31,36,0,0,0,146,52,35,59.8
Yves Bissouma,MLI,MF,Tottenham,25,1996,11.2,6,0,0,17,10,1,2,12,13,0,0,0,68,6,12,33.3
Willy Boly,CIV,DF,Nott'ham Forest,31,1991,7.6,2,0,0,5,5,3,0,12,6,0,0,0,40,15,9,62.5
Sven Botman,NED,DF,Newcastle Utd,22,2000,34.7,2,0,0,15,12,2,1,34,24,0,1,0,182,75,40,65.2
Jarrod Bowen,ENG,"FW,MF",West Ham,25,1996,35.9,2,0,0,26,69,10,159,36,16,3,1,0,152,34,68,33.3
James Bree,ENG,DF,Southampton,24,1997,4.1,1,0,0,1,0,0,13,6,3,0,0,0,17,9,4,69.2
Armando Broja,ALB,FW,Chelsea,20,2001,3.3,0,0,0,2,6,3,0,1,1,1,0,0,15,9,21,30.0
David Brooks,WAL,"FW,MF",Bournemouth,25,1997,1.9,1,0,0,3,1,0,6,2,0,0,0,0,4,2,3,40.0
Lewis Brunt,ENG,DF,Leicester City,21,2000,0.3,0,0,0,0,1,0,0,0,0,0,0,0,1,0,0,
Emi Buendía,ARG,"MF,FW",Aston Villa,25,1996,26.8,0,0,0,43,44,1,18,20,23,0,0,0,138,23,54,29.9
Hugo Bueno,ESP,DF,Wolves,19,2002,14.6,1,0,0,7,7,1,60,10,16,0,0,0,90,10,17,37.0
Facundo Buonanotte,ARG,"FW,MF",Brighton,17,2004,6.3,2,0,0,9,7,3,7,4,1,0,0,0,25,2,4,33.3
Dan Burn,ENG,DF,Newcastle Utd,30,1992,34.6,5,0,0,35,4,7,17,32,38,0,1,0,166,84,37,69.4
Cafú,POR,MF,Nott'ham Forest,29,1993,0.1,0,0,0,0,0,0,0,0,0,0,0,0,1,0,0,
Moisés Caicedo,ECU,MF,Brighton,20,2001,34.9,10,0,0,65,54,0,17,56,50,0,0,0,248,37,20,64.9
Tom Cairney,SCO,MF,Fulham,31,1991,11.0,2,0,0,8,22,0,37,5,6,1,0,0,76,8,10,44.4
Duje Ćaleta-Car,CRO,DF,Southampton,25,1996,10.5,2,0,0,9,1,0,1,15,10,0,0,0,54,19,13,59.4
Dominic Calvert-Lewin,ENG,FW,Everton,25,1997,12.9,3,0,0,22,14,19,6,3,2,1,0,0,28,66,72,47.8
Chem Campbell,WAL,"FW,MF",Wolves,19,2002,0.8,0,0,0,0,1,0,4,1,1,0,0,0,4,2,1,66.7
João Cancelo,POR,DF,Manchester City,28,1994,14.2,3,1,0,13,18,4,45,19,21,0,2,0,80,27,11,71.1
Thomas Cannon,IRL,FW,Everton,19,2002,0.3,0,0,0,0,2,0,0,0,0,0,0,0,0,0,2,0.0
Sergi Canós,ESP,"FW,DF",Brentford,25,1997,0.9,0,0,0,3,3,0,3,0,0,0,0,0,6,0,1,0.0
Diego Carlos,BRA,DF,Aston Villa,29,1993,2.3,0,0,0,2,0,0,1,1,0,0,0,0,14,6,3,66.7
Fabio Carvalho,POR,"MF,FW",Liverpool,19,2002,3.9,0,0,0,6,6,0,2,6,8,0,0,0,19,4,10,28.6
Casemiro,BRA,MF,Manchester Utd,30,1992,23.6,7,2,0,48,24,1,19,34,46,0,1,0,205,56,30,65.1
Matty Cash,POL,DF,Aston Villa,24,1997,20.2,4,0,0,21,15,2,46,26,32,0,1,0,108,12,13,48.0
Timothy Castagne,BEL,DF,Leicester City,26,1995,36.2,3,0,0,25,15,6,58,43,44,0,2,0,202,55,62,47.0
Jonny Castro,ESP,DF,Wolves,28,1994,14.0,3,1,0,13,19,1,18,14,15,0,0,0,91,15,16,48.4
Nathaniel Chalobah,ENG,MF,Fulham,27,1994,0.1,0,1,0,2,0,0,0,0,1,0,0,0,0,1,2,33.3
Trevoh Chalobah,ENG,DF,Chelsea,23,1999,17.9,4,0,0,11,8,0,13,24,20,0,0,1,86,31,32,49.2
Calum Chambers,ENG,"DF,MF",Aston Villa,27,1995,3.9,2,0,0,7,2,0,4,7,6,0,0,0,23,3,6,33.3
Shea Charles,NIR,DF,Manchester City,18,2003,0.3,0,0,0,0,0,0,0,1,0,0,0,0,1,2,0,100.0
Ben Chilwell,ENG,"DF,MF",Chelsea,25,1996,15.6,3,0,0,13,23,3,92,18,17,1,0,0,68,25,20,55.6
Ryan Christie,SCO,"MF,FW",Bournemouth,27,1995,20.4,2,0,0,36,45,1,32,26,22,0,0,0,132,16,23,41.0
Carney Chukwuemeka,ENG,"MF,FW",Chelsea,18,2003,3.9,0,0,0,2,5,1,3,6,7,0,0,0,22,1,6,14.3
Bobby Clark,ENG,MF,Liverpool,17,2005,0.1,0,0,0,1,0,0,0,0,0,0,0,0,0,0,0,
Nathaniel Clyne,ENG,DF,Crystal Palace,31,1991,18.2,3,0,0,10,8,0,21,19,16,0,0,0,81,6,18,25.0
Conor Coady,ENG,DF,Everton,29,1993,23.3,2,0,0,11,13,2,1,14,9,0,0,0,92,25,24,51.0
Jack Colback,ENG,MF,Nott'ham Forest,32,1989,5.5,0,0,0,9,8,0,1,3,13,0,0,0,24,4,8,33.3
Séamus Coleman,IRL,DF,Everton,33,1988,18.4,1,0,0,10,21,2,22,22,26,0,0,0,100,18,16,52.9
Nathan Collins,IRL,DF,Wolves,21,2001,20.2,2,1,0,17,9,1,0,21,15,0,0,0,96,37,31,54.4
Levi Colwill,ENG,DF,Brighton,19,2003,13.6,1,0,0,8,10,0,1,15,7,0,0,0,74,45,18,71.4
Lewis Cook,ENG,MF,Bournemouth,25,1997,19.1,4,0,0,15,10,0,45,23,22,0,0,0,129,7,10,41.2
Steve Cook,ENG,DF,Nott'ham Forest,31,1991,10.6,4,0,0,5,2,0,1,12,4,0,1,0,35,27,10,73.0
Liam Cooper,SCO,DF,Leeds United,30,1991,15.8,5,0,0,12,10,0,1,34,23,0,0,0,107,56,32,63.6
Maxwel Cornet,CIV,FW,West Ham,25,1996,2.7,0,0,0,2,2,9,6,2,3,0,0,0,15,6,11,35.3
Diego Costa,ESP,FW,Wolves,33,1988,13.8,5,1,0,29,10,16,6,2,1,0,0,0,25,30,59,33.7
Vladimír Coufal,CZE,DF,West Ham,29,1992,23.7,5,0,0,30,21,1,113,38,31,0,0,0,150,40,22,64.5
Philippe Coutinho,BRA,"MF,FW",Aston Villa,30,1992,8.8,3,0,0,16,14,2,19,4,14,0,0,0,41,3,13,18.8
Conor Coventry,IRL,"MF,FW",West Ham,22,2000,0.0,0,0,0,0,0,0,0,0,0,0,0,0,0,0,0,
Matthew Craig,SCO,MF,Tottenham,19,2003,0.2,0,0,0,0,0,0,0,0,1,0,0,0,0,0,0,
Aaron Cresswell,ENG,DF,West Ham,32,1989,24.8,3,0,0,9,9,2,133,27,11,0,0,0,120,28,27,50.9
Marc Cucurella,ESP,DF,Chelsea,24,1998,18.6,4,0,0,16,21,1,44,16,33,0,0,0,120,16,13,55.2
Matheus Cunha,BRA,FW,Wolves,23,1999,10.7,1,0,0,20,21,3,8,9,4,0,0,0,50,7,37,15.9
Patson Daka,ZAM,FW,Leicester City,23,1998,13.2,2,0,0,23,15,7,8,7,8,1,0,0,36,26,45,36.6
Diogo Dalot,POR,DF,Manchester Utd,23,1999,23.9,6,0,0,21,3,0,44,37,41,0,0,0,152,39,18,68.4
Mikkel Damsgaard,DEN,"MF,FW",Brentford,22,2000,11.0,4,0,0,13,11,0,29,10,21,0,0,0,70,10,9,52.6
Danilo,BRA,MF,Nott'ham Forest,21,2001,10.8,1,0,0,4,3,2,3,9,7,0,0,0,60,4,14,22.2
Arnaut Danjuma,NED,"FW,MF",Tottenham,25,1997,1.9,0,0,0,0,1,1,2,0,0,0,0,0,1,1,2,33.3
Josh Dasilva,ENG,MF,Brentford,23,1998,15.4,1,0,0,14,23,0,33,5,9,0,0,0,66,6,8,42.9
David Datro Fofana,CIV,FW,Chelsea,19,2002,0.8,0,0,0,3,3,1,1,0,1,0,0,0,6,0,0,
Ben Davies,WAL,DF,Tottenham,29,1993,25.4,4,0,0,30,17,1,35,18,11,0,0,0,84,70,53,56.9
Tom Davies,ENG,MF,Everton,24,1998,6.0,3,0,0,10,6,1,2,4,9,0,0,0,28,7,13,35.0
Craig Dawson,ENG,DF,West Ham,32,1990,8.0,2,0,0,6,3,0,2,6,7,1,1,0,45,14,7,66.7
Craig Dawson,ENG,DF,Wolves,32,1990,15.7,4,0,0,11,10,0,0,12,6,0,0,0,75,34,36,48.6
Kevin De Bruyne,BEL,MF,Manchester City,31,1991,26.9,1,0,0,20,29,5,226,9,12,2,0,0,97,13,13,50.0
Bobby De Cordova-Reid,JAM,"FW,DF",Fulham,29,1993,27.5,8,0,0,34,22,11,53,20,24,2,1,0,135,12,41,22.6
Siriki Dembélé,CIV,"FW,MF",Bournemouth,25,1996,1.2,0,0,0,1,2,0,3,1,1,0,0,0,9,0,4,0.0
Leander Dendoncker,BEL,MF,Aston Villa,27,1995,7.7,0,0,0,1,1,0,2,10,9,0,0,0,36,10,8,55.6
Leander Dendoncker,BEL,MF,Wolves,27,1995,2.4,0,0,0,0,0,0,1,9,2,0,0,0,16,2,5,28.6
Emmanuel Dennis,NGA,"FW,MF",Nott'ham Forest,24,1997,8.0,3,0,0,15,29,4,11,2,11,0,0,0,38,13,16,44.8
Halil Dervişoğlu,TUR,MF,Brentford,22,1999,0.1,0,0,0,0,0,0,0,0,0,0,0,0,0,0,0,
Kiernan Dewsbury-Hall,ENG,MF,Leicester City,23,1998,25.6,5,1,1,37,35,1,46,28,29,0,0,0,149,15,13,53.6
Ibrahima Diallo,FRA,MF,Southampton,23,1999,9.1,4,0,0,18,7,0,4,6,15,0,0,0,82,15,9,62.5
Rúben Dias,POR,DF,Manchester City,25,1997,22.2,3,0,0,19,7,0,1,18,13,0,0,0,99,44,28,61.1
Luis Díaz,COL,FW,Liverpool,25,1997,11.1,2,0,0,20,24,3,8,6,11,0,0,0,50,8,23,25.8
Eric Dier,ENG,DF,Tottenham,28,1994,31.3,3,0,0,25,10,1,11,35,19,0,0,0,140,80,35,69.6
Lucas Digne,FRA,DF,Aston Villa,29,1993,16.7,5,0,0,19,23,2,77,18,12,0,1,1,86,26,17,60.5
Issa Diop,FRA,DF,Fulham,25,1997,22.4,2,0,0,16,8,3,2,35,19,0,2,0,116,33,24,57.9
Moussa Djenepo,MLI,"DF,FW",Southampton,24,1998,7.9,1,0,0,11,19,1,12,11,11,0,0,0,56,3,10,23.1
Matt Doherty,IRL,"DF,MF",Tottenham,30,1992,7.4,0,0,0,11,4,0,18,8,10,0,0,0,31,20,13,60.6
Abdoulaye Doucouré,MLI,MF,Everton,29,1993,17.0,6,1,0,21,4,8,8,13,20,0,1,0,100,13,30,30.2
Cheick Doucouré,MLI,MF,Crystal Palace,22,2000,30.8,10,1,1,38,13,0,6,56,46,0,0,0,220,30,29,50.8
Flynn Downes,ENG,MF,West Ham,23,1999,8.5,2,0,0,8,12,0,3,7,9,0,0,0,44,9,12,42.9
Kami Doyle,ENG,MF,Southampton,16,2005,0.1,0,0,0,0,0,0,0,0,0,0,0,0,0,0,1,0.0
Cody Drameh,ENG,DF,Leeds United,20,2001,0.8,0,0,0,1,0,0,1,1,4,0,0,0,5,1,0,100.0
Martin Dúbravka,SVK,GK,Newcastle Utd,33,1989,1.7,0,0,0,0,0,0,0,0,0,0,0,0,0,0,0,
Shane Duffy,IRL,"DF,FW",Fulham,30,1992,0.2,0,0,0,0,1,0,0,0,0,0,0,0,2,2,1,66.7
Lewis Dunk,ENG,DF,Brighton,30,1991,36.0,4,0,0,18,27,1,2,34,19,0,4,1,253,68,47,59.1
Jáder Durán,COL,"FW,MF",Aston Villa,18,2003,1.5,1,0,0,9,3,3,2,2,2,0,0,0,5,7,10,41.2
Malcolm Ebiowei,ENG,"MF,FW",Crystal Palace,18,2003,0.4,0,0,0,0,1,0,3,0,1,0,0,0,0,0,0,
Ederson,BRA,GK,Manchester City,28,1993,35.0,3,0,0,1,4,0,0,1,1,0,1,0,35,8,1,88.9
Odsonne Édouard,FRA,FW,Crystal Palace,24,1998,20.0,3,0,0,28,17,13,4,3,13,0,0,0,55,41,77,34.7
Samuel Edozie,ENG,"FW,MF",Southampton,19,2003,6.3,0,0,0,1,22,1,11,6,10,1,0,0,30,6,12,33.3
Anthony Elanga,SWE,FW,Manchester Utd,20,2002,4.7,0,0,0,3,7,3,7,2,0,0,0,0,17,8,11,42.1
Harvey Elliott,ENG,"MF,FW",Liverpool,19,2003,17.9,2,0,0,14,25,2,34,15,18,0,0,0,122,4,16,20.0
Mohamed Elneny,EGY,MF,Arsenal,30,1992,1.3,0,0,0,1,1,0,0,0,1,0,0,0,10,0,2,0.0
Mohamed Elyounoussi,NOR,"MF,FW",Southampton,27,1994,24.1,4,0,0,41,18,3,34,27,28,0,0,0,132,37,44,45.7
Emerson,BRA,DF,Tottenham,23,1999,19.3,2,1,0,21,33,0,46,18,33,0,0,0,102,28,27,50.9
Julio Enciso,PAR,"FW,MF",Brighton,18,2004,9.0,1,0,0,13,15,3,12,4,4,0,0,0,36,6,8,42.9
Christian Eriksen,DEN,MF,Manchester Utd,30,1992,22.8,3,0,0,13,10,3,81,11,18,0,0,0,151,9,13,40.9
Pervis Estupiñán,ECU,DF,Brighton,24,1998,29.7,4,0,0,42,26,11,101,37,31,1,1,0,191,36,28,56.3
Jonny Evans,NIR,DF,Leicester City,34,1988,11.7,1,0,0,9,7,1,0,18,5,0,0,0,60,26,13,66.7
Eberechi Eze,ENG,"MF,FW",Crystal Palace,24,1998,29.3,3,0,0,27,57,4,78,13,24,1,0,0,180,19,32,37.3
Łukasz Fabiański,POL,GK,West Ham,37,1985,34.6,1,0,0,0,4,0,0,0,0,0,0,0,17,15,1,93.8
Fabinho,BRA,MF,Liverpool,28,1993,29.7,11,0,0,53,24,0,5,37,38,0,0,0,180,30,21,58.8
Wout Faes,BEL,DF,Leicester City,24,1998,31.0,6,1,1,23,17,0,0,41,33,0,0,2,184,58,41,58.6
Felipe,BRA,DF,Nott'ham Forest,33,1989,15.8,4,0,0,15,11,4,2,36,23,0,0,0,108,52,30,63.4
João Félix,POR,"FW,MF",Chelsea,22,1999,10.5,1,1,0,15,29,7,19,1,7,0,0,0,23,3,14,17.6
Evan Ferguson,IRL,FW,Brighton,17,2004,10.6,1,0,0,9,11,5,2,2,3,0,0,0,25,9,14,39.1
Bruno Fernandes,POR,"MF,FW",Manchester Utd,27,1994,36.8,6,0,0,42,39,15,141,25,42,1,0,0,222,18,43,29.5
Enzo Fernández,ARG,MF,Chelsea,21,2001,17.2,3,0,0,11,22,1,14,16,27,0,0,0,118,7,10,41.2
Roberto Firmino,BRA,"FW,MF",Liverpool,30,1991,13.5,0,0,0,9,6,5,12,7,12,0,0,0,64,15,30,33.3
Junior Firpo,DOM,DF,Leeds United,25,1996,15.2,6,1,0,24,8,0,12,24,25,1,1,0,87,17,16,51.5
Phil Foden,ENG,FW,Manchester City,22,2000,20.5,1,0,0,10,29,6,91,5,10,1,0,0,91,19,26,42.2
Wesley Fofana,FRA,DF,Leicester City,21,2000,2.0,1,0,0,2,3,1,0,9,2,0,0,0,10,5,6,45.5
Wesley Fofana,FRA,DF,Chelsea,21,2000,13.1,3,0,0,11,22,0,3,20,18,0,1,0,67,30,17,63.8
Pablo Fornals,ESP,"FW,MF",West Ham,26,1996,16.7,0,0,0,14,7,1,59,14,15,0,0,0,130,11,25,30.6
Adam Forshaw,ENG,MF,Leeds United,30,1991,5.3,0,0,0,6,5,0,20,4,9,0,0,0,37,2,6,25.0
Fraser Forster,ENG,GK,Tottenham,34,1988,13.5,1,0,0,0,2,0,0,0,0,0,0,0,15,2,0,100.0
Tyrese Francois,AUS,FW,Fulham,22,2000,0.0,0,0,0,0,0,0,0,0,0,0,0,0,1,0,0,
Ryan Fraser,SCO,FW,Newcastle Utd,28,1994,3.5,1,0,0,3,10,1,13,0,2,0,0,0,14,0,2,0.0
Fred,BRA,MF,Manchester Utd,29,1993,13.9,6,0,0,33,22,1,14,19,30,0,0,0,127,11,11,50.0
Ryan Fredericks,ENG,DF,Bournemouth,29,1992,5.9,1,0,0,3,1,0,15,1,2,0,0,0,13,5,10,33.3
Remo Freuler,SUI,MF,Nott'ham Forest,30,1992,24.0,4,0,0,24,12,0,5,29,23,0,0,0,137,26,20,56.5
Cody Gakpo,NED,"FW,MF",Liverpool,23,1999,16.2,0,0,0,26,33,8,17,4,15,1,0,0,57,26,24,52.0
Conor Gallagher,ENG,MF,Chelsea,22,2000,18.0,11,1,1,35,35,2,49,23,33,0,0,0,93,19,28,40.4
Idrissa Gana Gueye,SEN,MF,Everton,32,1989,28.6,7,0,0,43,50,0,10,56,57,0,1,0,266,27,22,55.1
Ben Gannon-Doak,SCO,FW,Liverpool,16,2005,0.3,0,0,0,1,1,0,0,0,2,0,0,0,5,0,0,
Alejandro Garnacho,ARG,"FW,MF",Manchester Utd,18,2004,6.3,3,0,0,8,8,3,2,5,2,0,0,0,28,3,10,23.1
James Garner,ENG,"MF,DF",Everton,21,2001,8.9,3,0,0,16,10,1,37,12,13,0,0,0,68,12,10,54.5
David de Gea,ESP,GK,Manchester Utd,31,1990,38.0,0,0,0,0,5,0,0,1,0,0,0,0,25,5,1,83.3
Joe Gelhardt,ENG,FW,Leeds United,20,2002,2.4,1,0,0,6,8,0,1,0,2,0,0,0,9,5,11,31.3
Saman Ghoddos,IRN,"MF,FW",Brentford,28,1993,1.5,0,0,0,3,3,0,7,4,1,0,0,0,24,5,4,55.6
Morgan Gibbs-White,ENG,"FW,MF",Wolves,22,2000,2.0,1,0,0,3,3,0,8,1,1,0,0,0,14,2,5,28.6
Morgan Gibbs-White,ENG,"MF,FW",Nott'ham Forest,22,2000,33.0,5,0,0,32,28,6,161,14,14,0,0,0,147,56,109,33.9
Bryan Gil,ESP,"MF,FW",Tottenham,21,2001,1.6,1,0,0,2,2,1,2,1,1,0,0,0,3,0,2,0.0
Billy Gilmour,SCO,MF,Brighton,21,2001,5.6,1,0,0,8,3,0,2,6,2,0,0,0,35,5,5,50.0
Wilfried Gnonto,ITA,"FW,MF",Leeds United,18,2003,15.0,7,0,0,28,39,3,42,5,17,0,0,0,82,8,18,30.8
Ben Godfrey,ENG,DF,Everton,24,1998,8.9,2,0,0,10,5,1,7,8,11,0,0,0,35,15,17,46.9
João Gomes,BRA,MF,Wolves,21,2001,7.3,5,0,0,17,16,0,8,4,13,0,0,0,59,7,4,63.6
Toti Gomes,POR,DF,Wolves,23,1999,10.9,6,0,0,16,5,1,9,11,9,0,0,0,61,17,16,51.5
Joe Gomez,ENG,DF,Liverpool,25,1997,16.3,3,0,0,13,4,1,4,24,21,0,1,0,126,46,38,54.8
Sergio Gómez,ESP,"DF,MF",Manchester City,21,2000,3.9,0,0,0,1,2,0,8,2,4,0,0,0,19,3,10,23.1
Anthony Gordon,ENG,"FW,MF",Newcastle Utd,21,2001,5.4,1,0,0,7,8,1,9,2,12,0,0,0,25,0,3,0.0
Anthony Gordon,ENG,FW,Everton,21,2001,12.2,6,0,0,20,15,3,25,4,22,0,0,0,56,9,29,23.7
Demarai Gray,JAM,"FW,MF",Everton,26,1996,27.9,3,0,0,24,51,13,173,13,24,0,0,0,98,13,45,22.4
Jack Grealish,ENG,FW,Manchester City,26,1995,22.8,4,0,0,27,78,3,53,7,16,1,0,0,110,14,17,45.2
Sam Greenwood,ENG,"MF,FW",Leeds United,20,2002,4.7,1,0,0,11,3,0,43,1,7,0,0,0,31,1,7,12.5
Pascal Groß,GER,"MF,DF",Brighton,31,1991,36.0,6,0,0,35,18,10,224,13,38,0,1,1,140,10,36,21.7
Vicente Guaita,ESP,GK,Crystal Palace,35,1987,27.0,1,0,0,1,3,0,0,0,0,0,0,0,26,10,1,90.9
Gonçalo Guedes,POR,"FW,MF",Wolves,25,1996,7.9,1,0,0,11,24,5,27,1,6,0,0,0,34,7,11,38.9
Marc Guéhi,ENG,DF,Crystal Palace,22,2000,37.0,8,0,0,24,40,0,0,45,27,0,0,1,241,54,43,55.7
Bruno Guimarães,BRA,MF,Newcastle Utd,24,1997,30.3,7,0,0,45,83,1,22,36,40,0,0,0,233,19,13,59.4
İlkay Gündoğan,GER,MF,Manchester City,31,1990,26.1,0,0,0,23,25,6,30,20,18,2,0,0,155,19,12,61.3
Darko Gyabi,ENG,FW,Leeds United,18,2004,0.1,0,0,0,0,1,0,0,0,2,0,0,0,3,0,0,
Erling Haaland,NOR,FW,Manchester City,22,2000,30.8,5,0,0,31,24,8,12,3,2,1,0,0,37,50,50,50.0
Lewis Hall,ENG,DF,Chelsea,17,2004,7.3,1,0,0,3,11,1,34,11,12,0,0,0,48,7,5,58.3
Luke Harris,WAL,"MF,FW",Fulham,17,2005,0.1,0,0,0,1,0,0,1,0,0,0,0,0,0,0,0,
Jack Harrison,ENG,"FW,MF",Leeds United,25,1996,30.1,2,0,0,38,37,3,186,22,17,0,0,0,174,5,42,10.6
Kai Havertz,GER,"FW,MF",Chelsea,23,1999,28.5,5,0,0,60,25,28,14,7,16,0,0,0,81,79,59,57.2
Jan Paul van Hecke,NED,DF,Brighton,22,2000,3.3,2,0,0,7,4,0,0,6,6,0,0,0,15,6,15,28.6
Hwang Hee-chan,KOR,"FW,MF",Wolves,26,1996,12.6,1,0,0,20,19,1,10,5,9,0,0,0,45,7,30,18.9
Dean Henderson,ENG,GK,Nott'ham Forest,25,1997,18.0,2,0,0,1,1,0,0,0,0,0,1,0,11,1,0,100.0
Jordan Henderson,ENG,MF,Liverpool,32,1990,23.0,2,0,0,18,9,3,45,21,23,0,0,0,163,11,10,52.4
Wayne Hennessey,WAL,GK,Nott'ham Forest,35,1987,3.0,0,0,0,0,1,0,0,0,0,0,0,0,0,0,0,
Rico Henry,JAM,DF,Brentford,25,1997,36.0,4,0,0,32,38,2,87,30,31,1,0,0,197,40,55,42.1
Son Heung-min,KOR,"MF,FW",Tottenham,30,1992,32.1,2,0,0,13,36,18,113,13,12,0,0,0,109,9,28,24.3
Aaron Hickey,SCO,DF,Brentford,20,2002,21.3,7,0,0,20,35,1,27,17,26,0,1,0,111,14,22,38.9
Jack Hinshelwood,ENG,FW,Brighton,17,2005,0.0,0,0,0,0,0,0,0,0,0,0,0,0,0,0,0,
Joseph Hodge,IRL,MF,Wolves,19,2002,1.9,1,0,0,2,1,0,1,0,2,0,0,0,13,1,2,33.3
Rob Holding,ENG,DF,Arsenal,26,1995,6.3,0,0,0,5,2,0,0,3,5,0,1,0,40,22,17,56.4
Mason Holgate,JAM,DF,Everton,25,1996,5.6,3,1,1,9,4,0,2,7,7,0,0,0,23,9,10,47.4
Will Hughes,ENG,MF,Crystal Palace,27,1995,9.4,4,0,0,19,7,0,12,16,16,0,1,0,66,5,13,27.8
Omari Hutchinson,ENG,FW,Chelsea,18,2003,0.3,0,0,0,0,0,0,2,1,0,0,0,0,1,0,0,
Pierre Højbjerg,DEN,MF,Tottenham,26,1995,34.8,5,0,0,38,36,1,15,49,30,0,0,0,245,27,7,79.4
Kelechi Iheanacho,NGA,"FW,MF",Leicester City,25,1996,12.5,0,0,0,18,5,12,6,0,2,0,0,0,30,15,31,32.6
Danny Ings,ENG,FW,West Ham,30,1992,8.6,1,0,0,8,9,5,0,3,8,0,0,0,27,9,25,26.5
Danny Ings,ENG,FW,Aston Villa,30,1992,9.2,3,0,0,8,5,9,4,1,5,0,0,0,19,16,12,57.1
Alexander Isak,SWE,FW,Newcastle Utd,22,1999,16.9,3,0,0,19,15,5,7,4,8,1,1,0,38,22,28,44.0
Daniel Iversen,DEN,GK,Leicester City,25,1997,12.0,0,0,0,0,0,0,0,0,0,0,0,1,6,3,0,100.0
Alex Iwobi,NGA,"MF,FW",Everton,26,1996,37.5,2,0,0,19,15,4,104,25,37,1,0,0,259,10,28,26.3
Daniel James,WAL,FW,Leeds United,24,1997,2.2,0,0,0,2,6,0,6,2,2,0,0,0,7,0,4,0.0
Daniel James,WAL,FW,Fulham,24,1997,6.9,0,0,0,2,14,2,26,1,6,1,0,0,35,1,14,6.7
Reece James,ENG,"DF,MF",Chelsea,22,1999,13.8,4,0,0,9,18,4,91,12,20,1,0,0,89,23,16,59.0
Vitaly Janelt,GER,"MF,DF",Brentford,24,1998,24.5,3,0,0,22,21,2,22,29,27,0,0,0,159,32,23,58.2
Pontus Jansson,SWE,DF,Brentford,31,1991,8.0,0,0,0,2,1,1,0,9,3,0,0,0,25,24,12,66.7
Mathias Jensen,DEN,MF,Brentford,26,1996,31.1,5,0,0,32,25,1,158,32,36,0,0,0,175,11,17,39.3
Gabriel Jesus,BRA,FW,Arsenal,25,1997,22.9,6,0,0,43,56,16,11,11,25,2,0,0,79,44,78,36.1
Raúl Jiménez,MEX,FW,Wolves,31,1991,9.4,0,0,0,14,14,9,5,0,6,0,0,0,21,24,25,49.0
Joelinton,BRA,"MF,FW",Newcastle Utd,25,1996,29.6,12,0,0,65,34,1,16,48,49,1,1,0,198,66,58,53.2
Ben Johnson,ENG,DF,West Ham,22,2000,9.6,0,0,0,3,5,1,16,9,14,0,0,0,67,16,9,64.0
Brennan Johnson,WAL,"FW,MF",Nott'ham Forest,21,2001,32.6,6,0,0,37,21,18,58,5,20,1,0,0,89,18,48,27.3
Sam Johnstone,ENG,GK,Crystal Palace,29,1993,9.0,1,0,0,1,0,0,0,0,0,0,1,0,12,3,0,100.0
Curtis Jones,ENG,MF,Liverpool,21,2001,11.5,2,0,0,13,16,2,9,3,17,0,0,0,56,3,6,33.3
Jorginho,ITA,MF,Arsenal,30,1991,9.5,0,0,0,6,18,0,2,9,13,0,0,0,69,10,8,55.6
Jorginho,ITA,MF,Chelsea,30,1991,14.2,4,0,0,12,23,0,2,21,23,0,0,0,119,8,11,42.1
Mateo Joseph,ESP,"FW,MF",Leeds United,18,2003,0.3,0,0,0,0,0,0,0,0,0,0,0,0,0,0,0,
Diogo Jota,POR,FW,Liverpool,25,1996,12.6,2,0,0,19,15,3,8,3,15,1,0,0,60,18,26,40.9
Hamed Junior Traorè,CIV,"FW,MF",Bournemouth,22,2000,4.7,0,0,0,4,4,1,41,2,11,0,0,0,33,3,2,60.0
James Justin,ENG,DF,Leicester City,24,1998,13.9,0,0,0,8,29,2,21,15,18,1,0,0,64,23,32,41.8
Mathias Jørgensen,DEN,DF,Brentford,32,1990,12.3,2,0,0,9,4,2,3,16,8,0,0,1,53,17,15,53.1
Sasa Kalajdzic,AUT,FW,Wolves,25,1997,0.5,0,0,0,0,1,0,0,1,0,0,0,0,2,0,0,
Boubacar Kamara,FRA,MF,Aston Villa,22,1999,19.7,4,0,0,34,31,0,1,19,25,0,0,0,126,22,17,56.4
Harry Kane,ENG,FW,Tottenham,29,1993,37.8,6,0,0,31,56,16,37,2,12,2,0,0,96,66,81,44.9
N'Golo Kanté,FRA,MF,Chelsea,31,1991,5.8,1,0,0,5,2,1,11,6,10,0,0,0,55,2,4,33.3
Michael Keane,ENG,DF,Everton,29,1993,10.9,0,0,0,7,4,0,4,14,4,0,2,0,62,67,33,67.0
Neeskens Kebano,COD,FW,Fulham,30,1992,8.5,0,0,0,8,16,2,24,1,9,0,0,0,47,2,12,14.3
Thilo Kehrer,GER,DF,West Ham,25,1996,24.8,4,0,0,31,12,0,23,34,24,0,1,1,117,36,33,52.2
Naby Keïta,GUI,MF,Liverpool,27,1995,3.3,1,0,0,12,2,0,2,2,4,0,0,0,29,3,7,30.0
Caoimhín Kelleher,IRL,GK,Liverpool,23,1998,1.0,0,0,0,0,0,0,0,0,0,0,0,0,0,0,0,
Lloyd Kelly,ENG,DF,Bournemouth,23,1998,22.7,3,0,0,17,5,0,14,26,18,0,1,0,131,36,20,64.3
Max Kilman,ENG,DF,Wolves,25,1997,36.7,3,0,0,18,12,0,5,19,20,0,0,0,219,86,42,67.2
Jakub Kiwior,POL,DF,Arsenal,22,2000,4.7,0,0,0,1,1,0,1,6,5,0,0,0,20,8,10,44.4
Mateusz Klich,POL,"MF,FW",Leeds United,32,1990,3.1,2,0,0,10,3,0,8,0,8,0,0,0,24,1,2,33.3
Robin Koch,GER,DF,Leeds United,26,1996,35.3,7,0,0,35,17,1,1,43,30,0,0,1,193,111,69,61.7
Ibrahima Konaté,FRA,DF,Liverpool,23,1999,17.2,5,0,0,29,15,1,1,26,26,0,1,1,107,46,14,76.7
Ezri Konsa,ENG,DF,Aston Villa,24,1997,36.9,6,0,0,12,64,0,4,26,20,0,0,0,164,55,37,59.8
Kalidou Koulibaly,SEN,DF,Chelsea,31,1991,20.0,7,1,1,22,9,0,4,29,31,0,0,0,126,33,28,54.1
Cheikhou Kouyaté,SEN,MF,Nott'ham Forest,32,1989,9.8,3,0,0,22,12,1,0,10,21,0,0,0,56,18,8,69.2
Mateo Kovačić,CRO,MF,Chelsea,28,1994,19.0,8,0,0,18,12,0,6,19,24,0,0,0,121,10,10,50.0
Emil Krafth,SWE,DF,Newcastle Utd,27,1994,0.0,0,0,0,0,0,0,0,0,0,0,0,0,0,0,0,
Rasmus Kristensen,DEN,DF,Leeds United,25,1997,21.8,4,0,0,19,6,1,35,35,35,0,0,0,119,34,27,55.7
Dejan Kulusevski,SWE,"MF,FW",Tottenham,22,2000,23.0,2,0,0,36,25,3,62,13,15,0,1,0,145,3,7,30.0
Layvin Kurzawa,FRA,DF,Fulham,29,1992,1.5,1,0,0,1,0,0,2,2,2,0,0,0,5,0,2,0.0
Adam Lallana,ENG,"MF,FW",Brighton,34,1988,8.0,0,0,0,2,7,0,3,2,4,0,0,0,25,8,9,47.1
Tariq Lamptey,GHA,DF,Brighton,21,2000,5.0,1,0,0,6,14,0,31,7,6,0,0,0,31,2,7,22.2
Manuel Lanzini,ARG,"MF,FW",West Ham,29,1993,2.8,0,0,0,1,2,2,2,2,2,0,0,0,21,1,2,33.3
Aymeric Laporte,ESP,DF,Manchester City,28,1994,11.0,0,0,0,5,7,1,6,3,8,0,0,0,55,24,19,55.8
Juan Larios,ESP,DF,Southampton,18,2004,1.7,0,0,0,1,0,0,4,3,6,0,0,0,9,2,5,28.6
Jamaal Lascelles,ENG,DF,Newcastle Utd,28,1993,2.4,4,0,0,6,2,0,0,0,0,0,0,0,5,5,3,62.5
Roméo Lavia,BEL,MF,Southampton,18,2004,24.7,9,0,0,28,48,0,3,33,35,1,0,0,187,7,10,41.2
Dexter Lembikisa,JAM,DF,Wolves,18,2003,0.3,0,0,0,0,0,0,1,0,0,0,0,0,2,0,1,0.0
Mario Lemina,GAB,MF,Wolves,28,1993,14.4,4,1,1,18,9,1,3,14,24,0,0,0,91,17,5,77.3
Clément Lenglet,FRA,DF,Tottenham,27,1995,22.4,4,0,0,23,17,0,16,18,23,0,0,0,119,43,28,60.6
Bernd Leno,GER,GK,Fulham,30,1992,36.0,3,0,0,1,3,0,0,0,0,0,1,0,50,11,0,100.0
Jefferson Lerma,COL,MF,Bournemouth,27,1994,36.1,7,0,0,37,33,2,11,47,30,0,2,1,260,62,40,60.8
Jamal Lewis,NIR,"DF,FW",Newcastle Utd,24,1998,0.1,0,0,0,0,0,0,0,0,0,0,0,0,2,0,1,0.0
Rico Lewis,ENG,"DF,MF",Manchester City,17,2004,10.0,1,0,0,10,18,0,5,6,9,0,0,0,43,0,6,0.0
Keane Lewis-Potter,ENG,"FW,MF",Brentford,21,2001,3.6,0,0,0,1,4,1,8,0,0,0,0,0,20,4,4,50.0
Victor Lindelöf,SWE,DF,Manchester Utd,28,1994,15.2,1,0,0,10,4,0,1,21,17,0,0,0,84,33,20,62.3
Jesse Lingard,ENG,"FW,MF",Nott'ham Forest,29,1992,10.3,1,0,0,8,9,2,5,5,4,0,0,0,39,1,3,25.0
Valentino Livramento,ENG,"DF,FW",Southampton,19,2002,0.3,0,0,0,0,2,0,0,2,1,0,0,0,4,0,1,0.0
Diego Llorente,ESP,DF,Leeds United,28,1993,7.2,1,0,0,6,2,0,1,15,10,0,0,0,57,18,7,72.0
Hugo Lloris,FRA,GK,Tottenham,35,1986,24.5,0,0,0,0,2,0,0,1,1,0,0,1,30,9,3,75.0
Renan Lodi,BRA,DF,Nott'ham Forest,24,1998,24.6,7,0,0,29,42,2,75,33,39,0,0,0,153,18,19,48.6
Ruben Loftus-Cheek,ENG,"MF,DF",Chelsea,26,1996,17.1,1,0,0,10,34,1,19,12,14,0,0,1,101,22,26,45.8
Sean Longstaff,ENG,MF,Newcastle Utd,24,1997,28.0,2,0,0,29,39,5,30,16,21,0,0,0,141,23,28,45.1
Jamal Lowe,JAM,"MF,FW",Bournemouth,28,1994,0.1,0,0,0,0,0,0,0,0,0,0,0,0,0,0,0,
Douglas Luiz,BRA,MF,Aston Villa,24,1998,32.5,6,1,0,48,42,2,106,40,42,0,0,0,197,25,22,53.2
Saša Lukić,SRB,MF,Fulham,25,1996,4.6,1,0,0,13,10,0,2,5,3,0,0,0,28,4,5,44.4
Lyanco,BRA,DF,Southampton,25,1997,13.1,4,0,0,16,10,1,7,20,16,0,0,0,83,25,19,56.8
Alexis Mac Allister,ARG,MF,Brighton,23,1998,32.1,8,0,0,35,57,0,29,22,39,0,0,1,213,25,16,61.0
James Maddison,ENG,"MF,FW",Leicester City,25,1996,27.6,10,0,0,31,79,6,123,13,26,1,0,0,101,4,10,28.6
Noni Madueke,ENG,FW,Chelsea,20,2002,7.1,0,0,0,4,15,2,19,4,8,0,0,0,30,2,5,28.6
Gabriel Magalhães,BRA,DF,Arsenal,24,1997,37.9,5,0,0,25,40,1,5,32,30,0,2,0,191,100,76,56.8
Harry Maguire,ENG,DF,Manchester Utd,29,1993,8.5,4,0,0,8,4,0,1,13,6,0,0,0,55,25,22,53.2
Riyad Mahrez,ALG,"FW,MF",Manchester City,31,1991,21.3,2,0,0,16,42,7,96,9,14,0,0,0,82,9,14,39.1
Kobbie Mainoo,ENG,MF,Manchester Utd,17,2005,0.1,0,0,0,0,0,0,0,0,0,0,0,0,0,0,0,
Ainsley Maitland-Niles,ENG,"DF,MF",Southampton,24,1997,15.6,3,0,0,13,8,0,20,22,24,1,1,0,90,15,11,57.7
Tyrell Malacia,NED,DF,Manchester Utd,22,1999,15.5,6,0,0,39,13,3,15,25,33,0,0,0,90,8,4,66.7
Orel Mangala,BEL,MF,Nott'ham Forest,24,1998,17.2,3,0,0,22,23,0,6,23,20,0,0,0,88,11,9,55.0
Javier Manquillo,ESP,DF,Newcastle Utd,28,1994,0.4,0,0,0,0,0,0,1,1,2,0,0,0,6,0,0,
Sekou Mara,FRA,"FW,MF",Southampton,20,2002,6.2,1,0,0,20,6,3,1,1,10,0,0,0,25,25,40,38.5
Solly March,ENG,"FW,DF",Brighton,28,1994,30.2,2,0,0,46,39,12,155,24,31,0,0,0,125,29,38,43.3
Emiliano Marcondes,DEN,MF,Bournemouth,27,1995,0.1,0,0,0,0,1,0,0,0,0,0,0,0,1,0,0,
Marquinhos,BRA,MF,Arsenal,19,2003,0.0,0,0,0,0,0,0,0,0,0,0,0,0,0,0,0,
Anthony Martial,FRA,FW,Manchester Utd,26,1995,10.9,0,0,0,8,14,7,4,1,3,1,0,0,20,10,17,37.0
Gabriel Martinelli,BRA,FW,Arsenal,21,2001,31.0,3,0,0,39,37,8,113,9,18,0,0,0,103,14,63,18.2
Emiliano Martínez,ARG,GK,Aston Villa,29,1992,34.9,7,0,0,1,6,0,0,1,0,0,1,1,41,13,0,100.0
Lisandro Martínez,ARG,DF,Manchester Utd,24,1998,23.5,6,0,0,21,10,0,0,33,28,0,0,0,164,32,31,50.8
Pape Matar Sarr,SEN,"MF,FW",Tottenham,19,2002,2.4,1,0,0,4,3,0,0,6,6,0,1,0,22,3,5,37.5
Jean-Philippe Mateta,FRA,FW,Crystal Palace,25,1997,8.6,3,0,0,16,8,8,3,3,1,0,0,0,23,26,44,37.1
Joël Matip,CMR,DF,Liverpool,30,1991,12.1,3,0,0,10,5,1,1,21,8,0,0,1,78,25,23,52.1
Neal Maupay,FRA,FW,Everton,25,1996,12.4,4,0,0,14,21,1,3,5,5,0,0,0,26,15,48,23.8
Kevin Mbabu,SUI,"DF,FW",Fulham,27,1995,1.6,1,0,0,4,0,0,7,3,2,0,0,0,6,2,6,25.0
Bryan Mbeumo,CMR,FW,Brentford,22,1999,32.3,5,0,0,27,23,6,156,13,18,0,0,0,135,35,63,35.7
James McArthur,SCO,MF,Crystal Palace,34,1987,0.6,0,0,0,0,1,0,0,1,1,0,0,0,5,0,0,
Alex McCarthy,ENG,GK,Southampton,32,1989,6.0,0,0,0,0,1,0,0,1,0,0,0,0,7,1,0,100.0
John McGinn,SCO,"MF,FW",Aston Villa,27,1994,29.9,7,0,0,41,66,0,50,24,36,2,0,0,176,22,21,51.2
Scott McKenna,SCO,DF,Nott'ham Forest,25,1996,17.5,4,0,0,8,4,0,2,12,7,0,1,0,68,36,23,61.0
Weston McKennie,USA,MF,Leeds United,23,1998,16.0,7,0,0,21,5,1,9,22,13,0,0,0,95,25,23,52.1
Dwight McNeil,ENG,"FW,MF",Everton,22,1999,27.8,5,0,0,22,21,1,194,31,41,1,0,0,175,14,18,43.8
Scott McTominay,SCO,MF,Manchester Utd,25,1996,12.9,8,0,0,28,16,0,4,14,19,0,1,0,78,34,23,59.6
Ben Mee,ENG,DF,Brentford,32,1989,36.3,2,0,0,14,15,1,7,48,24,0,0,0,199,131,98,57.2
Edouard Mendy,SEN,GK,Chelsea,30,1992,9.5,1,0,0,0,2,0,0,0,0,0,0,0,15,3,0,100.0
Nampalys Mendy,SEN,MF,Leicester City,30,1992,8.4,1,0,0,9,10,0,1,13,9,0,0,0,46,4,6,40.0
Chris Mepham,WAL,DF,Bournemouth,24,1997,24.4,7,0,0,16,7,0,0,30,22,0,0,2,85,53,31,63.1
Illan Meslier,FRA,GK,Leeds United,22,2000,34.0,3,0,0,1,5,0,0,1,1,0,0,0,34,10,3,76.9
Alex Mighten,ENG,FW,Nott'ham Forest,20,2002,0.1,0,0,0,0,1,0,0,0,0,0,0,0,0,0,0,
Lewis Miley,ENG,MF,Newcastle Utd,16,2006,0.2,0,0,0,0,0,0,0,0,0,0,0,0,1,0,0,
Luka Milivojević,SRB,MF,Crystal Palace,31,1991,5.7,2,0,0,15,3,0,6,12,7,0,0,0,34,6,9,40.0
James Milner,ENG,"MF,DF",Liverpool,36,1986,10.1,2,0,0,16,15,0,52,12,16,0,0,0,64,13,14,48.1
Yerry Mina,COL,DF,Everton,27,1994,6.6,2,0,0,6,10,0,1,6,8,0,0,0,31,19,15,55.9
Tyrone Mings,ENG,DF,Aston Villa,29,1993,35.0,7,0,0,18,22,3,3,54,7,1,0,1,174,61,24,71.8
Tyrick Mitchell,ENG,DF,Crystal Palace,22,1999,32.1,5,1,0,33,10,2,70,42,49,0,1,0,186,25,26,49.0
Kaoru Mitoma,JPN,"FW,MF",Brighton,25,1997,25.8,0,0,0,29,27,6,41,17,27,1,0,0,120,18,19,48.6
Aleksandar Mitrović,SRB,FW,Fulham,27,1994,22.3,7,0,0,34,40,14,4,3,7,2,0,0,55,100,105,48.8
Kieffer Moore,WAL,FW,Bournemouth,29,1992,14.2,1,0,0,26,30,1,7,1,11,0,0,0,26,68,60,53.1
Andrew Moran,IRL,FW,Brighton,18,2003,0.1,0,0,0,0,0,0,0,0,0,0,0,0,0,0,0,
Álex Moreno,ESP,DF,Aston Villa,29,1993,14.8,3,0,0,17,11,0,48,7,14,0,0,0,69,9,12,42.9
Mason Mount,ENG,"MF,FW",Chelsea,23,1999,18.3,4,0,0,28,27,1,64,8,19,0,0,0,85,9,14,39.1
Lucas Moura,BRA,"MF,DF",Tottenham,29,1992,1.7,0,1,0,3,3,0,9,2,5,0,0,0,9,5,4,55.6
João Moutinho,POR,MF,Wolves,35,1986,19.8,3,0,0,31,15,1,59,18,30,0,0,0,106,8,23,25.8
Divin Mubama,ENG,FW,West Ham,17,2004,0.4,0,0,0,3,1,0,0,0,1,0,0,0,1,2,2,50.0
Mykhailo Mudryk,UKR,"FW,MF",Chelsea,21,2001,7.3,1,0,0,8,12,1,25,0,9,0,0,0,35,5,8,38.5
Jacob Murphy,ENG,FW,Newcastle Utd,27,1995,13.9,0,0,0,8,14,2,53,7,7,0,0,0,69,3,11,21.4
Enock Mwepu,ZAM,"FW,MF",Brighton,24,1998,2.4,0,0,0,2,1,2,3,1,5,0,0,0,9,0,7,0.0
Vitaliy Mykolenko,UKR,DF,Everton,23,1999,29.5,4,0,0,29,21,0,57,46,34,0,0,0,150,25,34,42.4
Keylor Navas,CRC,GK,Nott'ham Forest,35,1986,17.0,2,0,0,0,0,0,0,1,0,0,0,0,10,6,0,100.0
Wilfred Ndidi,NGA,MF,Leicester City,25,1996,18.7,4,0,0,29,14,0,2,38,42,0,2,0,146,25,22,53.2
Reiss Nelson,ENG,FW,Arsenal,22,1999,2.4,0,0,0,8,4,0,12,0,1,0,0,0,16,2,5,28.6
Neto,BRA,GK,Bournemouth,33,1989,26.5,4,0,0,0,4,0,0,0,1,0,0,0,21,4,3,57.1
Pedro Neto,POR,"FW,MF",Wolves,22,2000,10.7,1,0,0,8,15,2,66,4,6,1,0,0,51,0,7,0.0
Rúben Neves,POR,MF,Wolves,25,1997,33.5,12,0,0,38,18,1,53,50,43,0,1,0,237,25,25,50.0
Moussa Niakhate,SEN,DF,Nott'ham Forest,26,1996,12.9,1,0,0,12,6,0,2,19,9,0,1,0,71,19,15,55.9
Eddie Nketiah,ENG,FW,Arsenal,23,1999,12.1,3,0,0,30,25,8,5,1,9,1,0,0,30,10,31,24.4
Matheus Nunes,POR,MF,Wolves,23,1998,27.4,2,1,0,37,49,2,43,16,43,0,1,0,154,22,30,42.3
Darwin Núñez,URU,FW,Liverpool,23,1999,18.8,1,1,0,25,17,17,18,3,5,1,0,0,44,36,51,41.4
Ethan Nwaneri,ENG,FW,Arsenal,15,2007,0.0,0,0,0,0,0,0,0,0,0,0,0,0,0,0,0,
Christian Nørgaard,DEN,MF,Brentford,28,1994,19.6,6,0,0,35,20,0,11,34,30,1,0,0,165,18,20,47.4
Lewis O'Brien,ENG,MF,Nott'ham Forest,23,1998,6.5,2,0,0,5,15,0,4,5,9,0,0,0,51,2,6,25.0
Odeluga Offiah,ENG,DF,Brighton,19,2002,0.3,0,0,0,0,0,0,0,0,1,0,0,0,3,0,1,0.0
Angelo Ogbonna,ITA,DF,West Ham,34,1988,13.7,0,0,0,2,4,0,0,17,4,0,0,0,61,35,20,63.6
Michael Olise,FRA,"FW,MF",Crystal Palace,20,2001,30.5,2,0,0,28,69,7,242,26,34,0,1,0,165,17,38,30.9
Robin Olsen,SWE,GK,Aston Villa,32,1990,3.1,0,0,0,0,0,0,0,0,0,0,0,0,3,0,0,
Amadou Onana,BEL,MF,Everton,20,2001,27.6,9,0,0,44,49,2,5,37,43,0,0,0,150,60,55,52.2
Josh Onomah,ENG,MF,Fulham,25,1997,0.2,0,0,0,0,0,0,0,0,0,0,0,0,1,1,0,100.0
Paul Onuachu,NGA,FW,Southampton,28,1994,4.5,0,0,0,14,6,6,0,0,2,0,0,0,14,37,30,55.2
Frank Onyeka,NGA,MF,Brentford,24,1998,9.4,0,0,0,15,26,2,2,10,14,0,0,0,50,7,15,31.8
Mislav Oršić,CRO,MF,Southampton,29,1992,0.1,0,0,0,0,0,1,0,0,1,0,0,0,1,0,0,
Stefan Ortega,GER,GK,Manchester City,29,1992,3.0,0,0,0,0,0,0,0,0,0,0,0,0,7,1,0,100.0
Dango Ouattara,BFA,"MF,FW",Bournemouth,20,2002,13.8,1,0,0,6,15,8,30,13,15,0,0,0,64,30,37,44.8
Alex Oxlade-Chamberlain,ENG,"FW,MF",Liverpool,28,1993,3.7,0,0,0,3,4,1,2,1,4,0,0,0,20,1,4,20.0
David Ozoh,ENG,FW,Crystal Palace,17,2005,0.0,0,0,0,0,0,0,0,0,0,0,0,0,0,0,0,
João Palhinha,POR,MF,Fulham,27,1995,34.5,14,0,0,48,50,1,3,46,83,0,1,1,212,71,39,64.5
Cole Palmer,ENG,"MF,FW",Manchester City,20,2002,4.1,1,0,0,1,6,1,7,1,1,0,0,0,20,1,3,25.0
Emerson Palmieri,ITA,DF,West Ham,27,1994,14.7,2,0,0,13,15,0,47,15,14,0,0,0,66,18,9,66.7
Lucas Paquetá,BRA,MF,West Ham,24,1997,23.9,5,0,0,50,30,1,22,16,53,2,0,0,144,36,32,52.9
Thomas Partey,GHA,MF,Arsenal,29,1993,27.6,5,0,0,37,23,0,9,28,40,0,0,0,225,37,25,59.7
Nathan Patterson,SCO,"DF,MF",Everton,20,2001,14.2,3,0,0,14,13,1,39,15,24,0,0,0,80,10,12,45.5
Ben Pearson,ENG,MF,Bournemouth,27,1995,3.2,1,0,0,9,2,0,0,2,3,0,0,0,19,2,3,40.0
Facundo Pellistri,URU,"FW,MF",Manchester Utd,20,2001,0.7,0,0,0,1,2,0,0,0,1,0,0,0,1,0,0,
Andreas Pereira,BRA,MF,Fulham,26,1996,29.9,8,0,0,41,31,2,196,6,9,0,1,0,117,9,28,24.3
Ricardo Pereira,POR,"DF,MF",Leicester City,28,1993,5.0,2,0,0,4,4,0,16,4,7,0,0,0,30,5,11,31.3
Ayoze Pérez,ESP,"MF,FW",Leicester City,29,1993,4.2,0,0,0,7,12,0,17,2,8,0,0,0,35,2,4,33.3
Ivan Perišić,CRO,"DF,MF",Tottenham,33,1989,23.4,6,0,0,30,8,6,196,22,24,0,0,0,117,33,32,50.8
Romain Perraud,FRA,DF,Southampton,24,1997,20.4,4,0,0,31,15,3,77,20,33,0,0,1,97,14,23,37.8
Máximo Perrone,ARG,MF,Manchester City,19,2003,0.2,0,0,0,0,0,0,0,0,0,0,0,0,3,0,0,
Cameron Peupion,AUS,MF,Brighton,19,2002,0.1,0,0,0,0,0,0,0,0,0,0,0,0,0,1,0,100.0
Kalvin Phillips,ENG,MF,Manchester City,26,1995,3.3,1,0,0,10,2,0,0,5,4,0,0,0,19,5,2,71.4
Nathaniel Phillips,ENG,DF,Liverpool,25,1997,0.7,0,0,0,1,0,0,0,2,1,0,0,0,14,4,0,100.0
Jordan Pickford,ENG,GK,Everton,28,1994,37.0,6,0,0,1,5,0,0,4,0,0,1,0,36,8,3,72.7
Ethan Pinnock,JAM,DF,Brentford,29,1993,30.0,0,0,0,6,10,0,10,35,28,0,0,1,123,105,52,66.9
Daniel Podence,POR,"FW,MF",Wolves,26,1995,19.7,5,0,0,26,23,4,56,7,17,0,0,0,87,6,12,33.3
Nick Pope,ENG,GK,Newcastle Utd,30,1992,36.2,3,1,0,1,2,0,0,0,0,0,0,0,30,4,1,80.0
Pedro Porro,ESP,"DF,MF",Tottenham,22,1999,12.6,0,0,0,12,16,1,77,15,16,0,0,0,85,1,11,8.3
Dennis Praet,BEL,"MF,FW",Leicester City,28,1994,7.2,1,0,0,9,8,1,15,5,9,0,0,0,48,1,11,8.3
Isaac Price,NIR,MF,Everton,18,2003,0.4,1,0,0,0,0,0,1,0,0,0,0,0,0,0,0,
Christian Pulisic,USA,"FW,DF",Chelsea,23,1998,9.1,1,0,0,10,15,0,18,4,6,0,0,0,31,5,18,21.7
Aaron Ramsdale,ENG,GK,Arsenal,24,1998,38.0,1,0,0,0,4,0,0,0,1,0,0,0,33,6,0,100.0
Jacob Ramsey,ENG,"MF,FW",Aston Villa,21,2001,29.3,5,0,0,35,45,2,18,23,39,0,1,1,141,16,33,32.7
Marcus Rashford,ENG,FW,Manchester Utd,24,1997,32.0,2,0,0,15,23,15,24,7,10,0,0,0,100,20,40,33.3
David Raya,ESP,GK,Brentford,26,1995,38.0,1,0,0,0,6,0,0,1,0,0,0,1,47,12,2,85.7
Tim Ream,USA,DF,Fulham,34,1987,32.2,2,0,0,18,7,1,4,41,16,0,1,0,199,48,31,60.8
Nathan Redmond,ENG,DF,Southampton,28,1994,0.0,0,0,0,0,0,0,1,0,0,0,0,0,0,0,0,
Harrison Reed,ENG,MF,Fulham,27,1995,31.8,5,0,0,38,21,4,54,19,27,0,0,1,160,29,36,44.6
Declan Rice,ENG,MF,West Ham,23,1999,36.4,5,0,0,23,11,1,44,63,38,0,0,0,334,37,26,58.7
Chris Richards,USA,DF,Crystal Palace,22,2000,5.0,0,0,0,2,1,1,0,8,6,0,0,0,15,14,4,77.8
Richarlison,BRA,"MF,FW",Tottenham,25,1997,11.2,3,0,0,14,22,9,16,5,16,2,0,0,52,18,29,38.3
Jaïro Riedewald,NED,"DF,MF",Crystal Palace,25,1996,0.7,0,0,0,2,1,0,0,0,1,0,0,0,8,2,1,66.7
Matt Ritchie,SCO,"FW,MF",Newcastle Utd,32,1989,0.4,0,0,0,0,0,0,2,1,1,0,0,0,3,1,0,100.0
Andrew Robertson,SCO,DF,Liverpool,28,1994,28.7,3,0,0,22,10,7,195,18,21,0,0,0,174,22,24,47.8
Antonee Robinson,USA,DF,Fulham,24,1997,34.3,8,0,0,33,23,3,134,53,38,0,1,0,235,40,30,57.1
Joel Robles,ESP,GK,Leeds United,32,1990,4.0,1,0,0,0,0,0,0,0,0,0,0,0,2,3,0,100.0
Marc Roca,ESP,MF,Leeds United,25,1996,25.7,7,0,0,40,29,0,76,23,40,0,0,0,169,18,13,58.1
Marek Rodák,SVK,GK,Fulham,25,1996,2.0,0,0,0,0,0,0,0,0,0,0,0,0,3,1,0,100.0
Rodri,ESP,MF,Manchester City,26,1996,32.3,5,0,0,47,20,3,6,33,41,0,0,0,301,72,32,69.2
Rodrigo,ESP,"FW,MF",Leeds United,31,1991,21.5,6,0,0,29,11,10,21,6,10,0,0,0,66,34,66,34.0
Mads Roerslev,DEN,DF,Brentford,23,1999,12.3,0,0,0,4,3,0,20,9,12,0,0,0,48,8,12,40.0
Cristian Romero,ARG,DF,Tottenham,24,1998,26.3,11,1,1,42,12,0,0,44,36,1,1,0,173,57,26,68.7
Oriol Romeu,ESP,MF,Southampton,30,1991,0.8,0,0,0,1,2,0,1,1,0,0,0,0,8,2,0,100.0
Cristiano Ronaldo,POR,FW,Manchester Utd,37,1985,5.8,2,0,0,7,5,8,3,1,2,0,0,0,12,15,8,65.2
Connor Ronan,IRL,MF,Wolves,24,1998,0.0,0,0,0,0,0,0,1,0,0,0,0,0,0,0,0,
Salomón Rondón,VEN,FW,Everton,32,1989,1.2,0,0,0,4,0,2,0,0,0,0,0,0,1,7,6,53.8
Joe Rothwell,ENG,MF,Bournemouth,27,1995,11.3,1,0,0,17,3,0,26,9,13,0,0,0,56,1,3,25.0
Georginio Rutter,FRA,"FW,MF",Leeds United,20,2002,3.0,0,0,0,5,6,1,0,3,9,0,0,0,7,11,9,55.0
José Sá,POR,GK,Wolves,29,1993,36.0,2,0,0,1,8,0,0,0,0,0,1,0,45,6,1,85.7
Marcel Sabitzer,AUT,MF,Manchester Utd,28,1994,7.0,1,0,0,8,10,1,4,8,8,0,0,0,52,13,11,54.2
Allan Saint-Maximin,FRA,FW,Newcastle Utd,25,1997,12.4,1,0,0,6,16,2,32,5,3,0,0,0,69,2,2,50.0
Bukayo Saka,ENG,FW,Arsenal,20,2001,35.3,6,0,0,43,65,9,172,14,34,0,0,0,127,16,38,29.6
Mohamed Salah,EGY,FW,Liverpool,30,1992,36.6,2,0,0,20,33,22,38,6,12,0,0,0,100,8,30,21.1
William Saliba,FRA,DF,Arsenal,21,2001,26.8,4,0,0,19,13,0,1,19,20,0,2,1,206,53,43,55.2
Mohammed Salisu,GHA,DF,Southampton,23,1999,21.9,5,0,0,26,3,1,13,30,29,0,0,1,158,55,26,67.9
Albert Sambi Lokonga,BEL,MF,Arsenal,22,1999,2.2,0,0,0,1,5,0,0,5,1,0,0,0,14,3,2,60.0
Albert Sambi Lokonga,BEL,MF,Crystal Palace,22,1999,6.0,2,0,0,7,12,0,0,7,10,0,0,0,34,5,11,31.3
Davinson Sánchez,COL,DF,Tottenham,26,1996,9.5,1,0,0,7,4,1,2,12,11,0,1,0,45,28,16,63.6
Robert Sánchez,ESP,GK,Brighton,24,1997,23.0,2,0,0,1,0,0,0,3,0,0,1,0,25,7,0,100.0
Jadon Sancho,ENG,"FW,MF",Manchester Utd,22,2000,18.7,0,0,0,9,10,8,17,7,10,0,0,0,109,2,12,14.3
Morgan Sanson,FRA,MF,Aston Villa,27,1994,0.1,0,0,0,0,2,0,0,0,1,0,0,0,1,0,1,0.0
Pablo Sarabia,ESP,"FW,MF",Wolves,30,1992,8.5,3,0,0,13,8,3,46,2,6,0,0,0,42,3,13,18.8
Jeremy Sarmiento,ECU,MF,Brighton,20,2002,2.0,1,0,0,4,4,0,3,1,3,0,0,0,4,0,4,0.0
Gianluca Scamacca,ITA,FW,West Ham,23,1999,10.3,3,0,0,16,10,6,1,4,5,0,0,0,23,17,21,44.7
Gustavo Scarpa,BRA,"MF,FW",Nott'ham Forest,28,1994,2.0,1,0,0,4,8,0,4,0,2,0,0,0,12,1,2,33.3
Kevin Schade,GER,FW,Brentford,20,2001,8.1,2,0,0,13,8,6,15,4,8,1,0,0,33,30,24,55.6
Fabian Schär,SUI,DF,Newcastle Utd,30,1991,35.6,7,0,0,20,27,6,18,52,22,0,0,1,209,112,55,67.1
Jeffrey Schlupp,GHA,"MF,FW",Crystal Palace,29,1992,28.1,7,0,0,51,33,0,16,23,46,0,0,0,150,26,44,37.1
Nélson Semedo,POR,DF,Wolves,28,1993,29.2,11,1,0,47,24,0,60,29,42,0,0,0,167,30,37,44.8
Antoine Semenyo,GHA,"FW,MF",Bournemouth,22,2000,2.9,0,0,0,6,5,1,1,2,0,0,0,0,13,9,9,50.0
Marcos Senesi,ARG,DF,Bournemouth,25,1997,27.7,7,0,0,29,13,0,8,43,35,0,2,0,168,26,22,54.2
Ryan Sessegnon,ENG,DF,Tottenham,22,2000,9.0,4,0,0,15,6,7,30,6,11,0,0,0,49,10,10,50.0
Luke Shaw,ENG,DF,Manchester Utd,27,1995,28.4,8,0,0,46,27,1,89,36,36,0,1,0,189,46,29,61.3
Jonjo Shelvey,ENG,MF,Newcastle Utd,30,1992,0.4,0,0,0,1,0,0,0,0,0,0,0,0,4,0,0,
Jonjo Shelvey,ENG,MF,Nott'ham Forest,30,1992,6.0,2,0,0,9,1,0,13,5,1,0,1,0,32,4,1,80.0
Bernardo Silva,POR,"MF,FW",Manchester City,27,1994,24.5,5,0,0,31,15,2,75,16,23,1,0,0,122,4,13,23.5
Thiago Silva,BRA,DF,Chelsea,37,1984,26.1,2,0,0,10,13,0,2,34,27,0,0,0,148,61,23,72.6
Ellis Simms,ENG,FW,Everton,21,2001,2.5,0,0,0,0,1,1,1,0,0,0,0,0,6,11,20,35.5
Luis Sinisterra,COL,FW,Leeds United,23,1999,9.6,3,1,1,14,12,5,7,8,14,0,1,0,65,18,18,50.0
Oliver Skipp,ENG,MF,Tottenham,21,2000,16.6,7,0,0,23,17,0,10,17,17,0,0,0,107,7,25,21.9
Adam Smith,ENG,DF,Bournemouth,31,1991,32.7,11,0,0,29,27,0,48,25,29,0,1,0,128,29,38,43.3
Emile Smith Rowe,ENG,"MF,FW",Arsenal,22,2000,1.9,0,0,0,1,1,1,5,0,1,0,0,0,8,0,2,0.0
Cédric Soares,POR,DF,Arsenal,30,1991,0.3,0,0,0,1,0,0,3,0,0,0,0,0,0,0,1,0.0
Cédric Soares,POR,DF,Fulham,30,1991,2.2,0,0,0,1,2,0,24,1,5,0,0,0,11,2,6,25.0
Dominic Solanke,ENG,"FW,MF",Bournemouth,24,1997,31.8,2,0,0,40,53,11,13,6,9,0,0,0,87,52,98,34.7
Manor Solomon,ISR,FW,Fulham,23,1999,6.4,0,0,0,5,4,2,4,5,12,0,0,0,46,3,3,50.0
Tomáš Souček,CZE,MF,West Ham,27,1995,31.3,3,0,0,50,16,2,20,53,37,0,0,0,143,114,92,55.3
Boubakary Soumaré,FRA,MF,Leicester City,23,1999,18.1,9,0,0,31,22,1,2,33,34,0,0,0,119,18,14,56.3
Harry Souttar,AUS,DF,Leicester City,23,1998,11.0,2,0,0,5,5,1,0,12,9,0,0,1,45,38,6,86.4
Çağlar Söyüncü,TUR,DF,Leicester City,26,1996,5.9,2,0,0,7,4,0,0,7,9,0,0,0,42,24,16,60.0
Djed Spence,ENG,"FW,DF",Tottenham,21,2000,0.1,0,0,0,0,0,0,0,0,0,0,0,0,1,1,0,100.0
Jack Stacey,ENG,DF,Bournemouth,26,1996,3.3,2,0,0,4,0,1,10,5,4,0,0,0,15,5,3,62.5
Junior Stanislas,ENG,MF,Bournemouth,32,1989,0.7,0,0,0,0,0,0,1,0,0,0,0,0,1,0,1,0.0
Jay Stansfield,ENG,FW,Fulham,19,2002,1.0,0,0,0,1,1,0,3,1,0,0,0,0,7,0,1,0.0
Jason Steele,ENG,GK,Brighton,31,1990,15.0,1,0,0,1,1,0,0,0,0,0,0,1,22,1,0,100.0
Jack Stephens,ENG,DF,Southampton,28,1994,0.5,0,0,0,1,0,0,0,1,2,0,0,0,0,1,0,100.0
Jack Stephens,ENG,DF,Bournemouth,28,1994,13.0,3,0,0,8,2,0,2,16,11,0,0,0,66,16,19,45.7
Raheem Sterling,ENG,"FW,MF",Chelsea,27,1994,21.0,4,0,0,21,32,11,46,2,10,0,0,0,66,5,13,27.8
John Stones,ENG,"DF,MF",Manchester City,28,1994,20.5,2,0,0,10,8,1,6,9,13,0,0,1,90,33,16,67.3
Pascal Struijk,NED,DF,Leeds United,22,1999,24.4,5,0,0,29,12,0,21,32,57,0,2,0,139,60,43,58.3
Kamaldeen Sulemana,GHA,"FW,MF",Southampton,20,2002,10.7,1,0,0,9,12,2,18,6,9,0,0,0,39,5,14,26.3
Crysencio Summerville,NED,FW,Leeds United,20,2001,15.8,4,0,0,22,41,8,14,13,20,1,0,0,90,5,17,22.7
Sam Surridge,ENG,FW,Nott'ham Forest,24,1998,3.6,2,0,0,12,10,3,3,0,0,0,1,0,17,13,16,44.8
Japhet Tanganga,ENG,DF,Tottenham,23,1999,1.6,0,0,0,3,3,0,1,2,2,0,0,0,8,6,2,75.0
Matt Targett,ENG,DF,Newcastle Utd,26,1995,6.8,1,0,0,10,3,0,34,9,10,0,0,0,46,11,7,61.1
James Tarkowski,ENG,DF,Everton,29,1992,38.0,6,0,0,40,23,2,0,51,26,0,1,0,173,120,48,71.4
Marcus Tavernier,ENG,"MF,FW",Bournemouth,23,1999,19.4,1,0,0,21,28,4,93,9,22,0,0,0,124,17,32,34.7
Tetê,BRA,FW,Leicester City,22,2000,8.2,0,0,0,3,17,4,19,2,8,0,0,0,52,5,12,29.4
Kenny Tete,NED,DF,Fulham,26,1995,28.5,8,0,0,42,54,0,99,52,46,0,0,0,141,33,29,53.2
Luke Thomas,ENG,DF,Leicester City,21,2001,11.9,3,0,0,12,7,0,9,27,19,0,0,1,69,11,14,44.0
Youri Tielemans,BEL,MF,Leicester City,25,1997,26.0,4,0,0,33,25,1,45,28,39,0,0,0,195,26,12,68.4
Kieran Tierney,SCO,DF,Arsenal,25,1997,8.8,0,0,0,5,9,1,24,11,11,0,0,0,43,6,18,25.0
Harry Toffolo,ENG,DF,Nott'ham Forest,26,1995,10.4,2,0,0,10,5,0,29,10,8,0,1,0,54,13,14,48.1
Takehiro Tomiyasu,JPN,DF,Arsenal,23,1998,7.4,2,0,0,6,3,0,12,14,18,0,0,0,42,17,20,45.9
James Tomkins,ENG,DF,Crystal Palace,33,1989,3.8,3,1,1,3,1,1,0,5,2,0,0,0,21,6,6,50.0
Ivan Toney,ENG,FW,Brentford,26,1996,32.8,9,0,0,52,74,27,34,14,13,3,0,0,103,109,117,48.2
Adama Traoré,ESP,"FW,MF",Wolves,26,1996,16.6,2,0,0,21,34,7,81,3,7,0,0,0,66,39,25,60.9
Bertrand Traoré,BFA,"FW,MF",Aston Villa,26,1995,2.6,1,0,0,2,8,3,5,2,1,0,0,0,8,2,4,33.3
Boubacar Traoré,MLI,MF,Wolves,20,2001,4.6,2,0,0,10,2,0,1,7,5,0,0,0,27,7,8,46.7
Mark Travers,IRL,GK,Bournemouth,23,1999,11.5,0,0,0,0,0,0,0,0,0,0,0,0,6,4,0,100.0
Kieran Trippier,ENG,DF,Newcastle Utd,31,1990,37.1,5,0,0,48,29,7,393,43,49,0,1,1,264,49,35,58.3
Leandro Trossard,BEL,FW,Arsenal,27,1994,10.3,0,0,0,9,17,4,55,6,7,0,0,0,46,1,4,20.0
Leandro Trossard,BEL,"FW,MF",Brighton,27,1994,14.6,1,0,0,10,13,4,35,6,6,1,0,0,65,6,11,35.3
Kostas Tsimikas,GRE,DF,Liverpool,26,1996,8.6,3,0,0,13,9,0,85,12,9,0,0,0,50,7,7,50.0
Deniz Undav,GER,"FW,MF",Brighton,26,1996,7.0,2,0,0,15,4,7,1,0,4,0,0,1,21,5,7,41.7
Yan Valery,TUN,DF,Southampton,23,1999,0.5,0,0,0,0,0,0,1,0,0,0,0,0,2,1,0,100.0
Virgil van Dijk,NED,DF,Liverpool,31,1991,31.5,3,0,0,13,3,3,1,31,14,0,1,0,168,98,34,74.2
Raphaël Varane,FRA,DF,Manchester Utd,29,1993,21.2,1,0,0,12,3,2,1,11,9,0,0,1,100,42,16,72.4
Jamie Vardy,ENG,FW,Leicester City,35,1987,20.6,1,0,0,21,7,29,7,2,5,2,0,0,41,47,78,37.6
Joël Veltman,NED,DF,Brighton,30,1992,24.3,6,0,0,27,38,0,23,19,32,0,1,0,125,26,18,59.1
Fabio Vieira,POR,"MF,FW",Arsenal,22,2000,5.7,0,0,0,3,5,0,20,4,4,0,0,0,34,3,5,37.5
Matías Viña,URU,DF,Bournemouth,24,1997,5.1,1,0,0,7,11,0,4,4,11,0,0,0,28,4,7,36.4
Rúben Vinagre,POR,"DF,MF",Everton,23,1999,0.3,0,0,0,0,3,0,2,0,2,0,0,0,4,0,1,0.0
Carlos Vinícius,BRA,FW,Fulham,27,1995,12.3,3,0,0,21,15,6,6,0,1,0,0,0,22,27,63,30.0
Theo Walcott,ENG,"FW,MF",Southampton,33,1989,12.5,1,0,0,7,10,15,21,9,6,0,0,1,53,9,8,52.9
Kyle Walker,ENG,DF,Manchester City,32,1990,21.8,3,0,0,15,10,0,28,18,9,0,0,0,124,23,11,67.6
Kyle Walker-Peters,ENG,DF,Southampton,25,1997,29.4,4,0,0,25,41,1,50,27,32,0,1,0,156,16,28,36.4
Aaron Wan-Bissaka,COD,DF,Manchester Utd,24,1997,15.9,2,0,0,11,2,0,14,22,25,0,0,0,73,13,17,43.3
Danny Ward,WAL,GK,Leicester City,29,1993,26.0,0,0,0,0,5,0,0,0,1,0,0,0,27,3,0,100.0
Joel Ward,ENG,DF,Crystal Palace,32,1989,25.1,6,0,0,29,11,0,36,25,36,0,0,0,116,58,39,59.8
James Ward-Prowse,ENG,MF,Southampton,27,1994,37.5,6,0,0,34,19,0,241,55,37,0,0,1,222,44,52,45.8
Ollie Watkins,ENG,FW,Aston Villa,26,1995,34.7,4,0,0,26,39,18,9,10,13,1,0,0,59,70,100,41.2
Adam Webster,ENG,DF,Brighton,27,1995,22.1,2,0,0,10,6,1,2,19,12,0,0,1,143,60,27,69.0
Wout Weghorst,NED,"FW,MF",Manchester Utd,29,1992,8.9,1,0,0,14,9,5,0,7,5,0,0,0,34,15,25,37.5
Danny Welbeck,ENG,FW,Brighton,31,1990,20.6,0,0,0,25,18,5,0,5,7,1,0,0,37,32,27,54.2
Ben White,ENG,DF,Arsenal,24,1997,33.9,5,0,0,28,30,1,57,22,31,0,0,0,155,33,41,44.6
Harvey White,ENG,MF,Tottenham,20,2001,0.1,0,0,0,0,0,0,3,0,0,0,0,0,0,1,0,100.0
Joseph Whitworth,ENG,GK,Crystal Palace,18,2004,2.0,0,0,0,0,0,0,0,0,0,0,0,0,4,0,0,
Neco Williams,WAL,DF,Nott'ham Forest,21,2001,20.9,7,0,0,33,27,2,89,33,47,1,0,0,127,17,27,38.6
Willian,BRA,FW,Fulham,33,1988,23.6,2,0,0,11,24,4,60,9,8,0,0,0,105,8,24,25.0
Joe Willock,ENG,MF,Newcastle Utd,22,1999,28.4,1,0,0,35,23,3,51,25,30,0,0,0,136,16,16,50.0
Callum Wilson,ENG,FW,Newcastle Utd,30,1992,20.9,4,0,0,21,31,15,6,1,3,0,0,0,39,20,48,29.4
Harry Wilson,WAL,FW,Fulham,25,1997,12.2,1,0,0,11,32,2,22,6,13,2,0,0,54,4,12,25.0
Yoane Wissa,COD,FW,Brentford,25,1996,17.8,3,0,0,21,26,19,12,6,12,1,0,0,69,24,26,48.0
Maximilian Wöber,AUT,DF,Leeds United,24,1998,14.1,3,0,0,15,1,1,7,27,18,0,1,0,75,27,21,56.3
Chris Wood,NZL,FW,Newcastle Utd,30,1991,5.0,0,0,0,4,4,3,0,1,4,0,0,0,17,23,23,50.0
Chris Wood,NZL,FW,Nott'ham Forest,30,1991,4.1,0,0,0,2,3,3,0,1,0,0,0,0,4,19,24,44.2
Joe Worrall,ENG,DF,Nott'ham Forest,25,1997,24.7,6,0,0,27,4,0,3,26,25,0,2,0,123,55,33,62.5
Granit Xhaka,SUI,MF,Arsenal,29,1992,33.3,4,0,0,26,39,5,39,15,27,0,0,0,152,37,30,55.2
Ryan Yates,ENG,MF,Nott'ham Forest,24,1997,20.4,5,0,0,50,53,1,8,10,19,1,0,0,111,29,21,58.0
Ashley Young,ENG,DF,Aston Villa,37,1985,22.6,7,0,0,24,28,1,42,21,27,0,1,0,131,13,11,54.2
Illia Zabarnyi,UKR,DF,Bournemouth,19,2002,3.3,0,0,0,1,2,0,0,3,2,0,0,0,18,1,3,25.0
Wilfried Zaha,CIV,"FW,MF",Crystal Palace,29,1992,25.4,5,0,0,35,77,14,39,16,20,1,0,0,97,6,16,27.3
Denis Zakaria,SUI,MF,Chelsea,25,1996,4.6,0,0,0,5,2,0,1,3,5,0,0,0,21,0,2,0.0
Jordan Zemura,ZIM,DF,Bournemouth,22,1999,16.2,1,0,0,17,14,0,18,16,24,0,1,0,78,7,11,38.9
Oleksandr Zinchenko,UKR,DF,Arsenal,25,1996,23.5,3,0,0,6,11,1,37,22,18,0,0,0,163,51,20,71.8
Hakim Ziyech,MAR,"FW,MF",Chelsea,29,1993,7.3,1,0,0,12,14,3,66,5,12,0,0,0,46,0,5,0.0
Kurt Zouma,FRA,DF,West Ham,27,1994,22.1,0,0,0,14,7,0,0,30,4,0,0,0,84,55,13,80.9
Martin Ødegaard,NOR,MF,Arsenal,23,1998,34.7,4,0,0,30,26,1,91,6,23,0,0,0,178,13,20,39.4
