Unnamed: 0_level_0_Rk,Unnamed: 1_level_0_Player,Unnamed: 2_level_0_Nation,Unnamed: 3_level_0_Pos,Unnamed: 4_level_0_Squad,Unnamed: 5_level_0_Age,Unnamed: 6_level_0_Born,Unnamed: 7_level_0_90s,Standard_Gls,Standard_Sh,Standard_SoT,Standard_SoT%,Standard_Sh/90,Standard_SoT/90,Standard_G/Sh,Standard_G/SoT,Standard_Dist,Standard_FK,Standard_PK,Standard_PKatt,Expected_xG,Expected_npxG,Expected_npxG/Sh,Expected_G-xG,Expected_np:G-xG,Unnamed: 25_level_0_Matches
1,Zakaria Aboukhlal,ma MAR,"FW,MF",Torino,25-308,2000,1.9,0,2,2,100.0,1.05,1.05,0.00,0.00,13.1,0,0,0,0.2,0.2,0.08,-0.2,-0.2,Matches
2,Francesco Acerbi,it ITA,DF,Inter,37-316,1988,9.6,0,3,1,33.3,0.31,0.10,0.00,0.00,8.0,0,0,0,0.4,0.4,0.12,-0.4,-0.4,Matches
3,Che Adams,sct SCO,"FW,MF",Torino,29-163,1996,9.1,3,27,10,37.0,2.95,1.09,0.11,0.30,20.1,0,0,0,2.5,2.5,0.09,+0.5,+0.5,Matches
4,Jayden Addai,nl NED,FW,Como,20-119,2005,6.9,3,12,6,50.0,1.75,0.87,0.25,0.50,18.0,0,0,0,1.4,1.4,0.12,+1.6,+1.6,Matches
5,Vasilije Adžić,me MNE,MF,Juventus,19-225,2006,1.4,1,5,4,80.0,3.57,2.86,0.20,0.25,26.3,1,0,0,0.2,0.2,0.04,+0.8,+0.8,Matches
6,Michel Aebischer,ch SUI,MF,Pisa,28-351,1997,13.9,0,7,0,0.0,0.50,0.00,0.00,,25.9,0,0,0,0.2,0.2,0.02,-0.2,-0.2,Matches
7,Honest Ahanor,it ITA,DF,Atalanta,17-303,2008,6.1,0,5,0,0.0,0.82,0.00,0.00,,9.3,0,0,0,1.0,1.0,0.21,-1.0,-1.0,Matches
8,Junior Ajayi,ci CIV,FW,Hellas Verona,21-073,2004,0.0,0,0,0,,0.00,0.00,,,,0,0,0,0.0,0.0,,0.0,0.0,Matches
9,Manuel Akanji,ch SUI,DF,Inter,30-157,1995,13.0,0,8,0,0.0,0.62,0.00,0.00,,17.1,0,0,0,0.4,0.4,0.06,-0.4,-0.4,Matches
10,Ebenezer Akinsanmiro,ng NGA,MF,Pisa,21-028,2004,9.5,0,10,3,30.0,1.05,0.32,0.00,0.00,24.2,0,0,0,0.6,0.6,0.06,-0.6,-0.6,Matches
11,Jean-Daniel Akpa-Akpro,ci CIV,MF,Hellas Verona,33-073,1992,5.5,0,4,1,25.0,0.73,0.18,0.00,0.00,17.0,0,0,0,0.3,0.3,0.08,-0.3,-0.3,Matches
12,Raúl Albiol,es ESP,DF,Pisa,40-110,1985,3.4,0,0,0,,0.00,0.00,,,,0,0,0,0.0,0.0,,0.0,0.0,Matches
13,Pontus Almqvist,se SWE,"DF,MF",Parma,26-166,1999,3.9,0,1,0,0.0,0.26,0.00,0.00,,16.8,0,0,0,0.1,0.1,0.07,-0.1,-0.1,Matches
14,Giuseppe Ambrosino,it ITA,FW,Napoli,22-104,2003,0.4,0,0,0,,0.00,0.00,,,,0,0,0,0.0,0.0,,0.0,0.0,Matches
15,Angeliño,es ESP,"DF,MF",Roma,28-353,1997,4.3,0,4,2,50.0,0.93,0.47,0.00,0.00,13.1,0,0,0,0.2,0.2,0.04,-0.2,-0.2,Matches
16,Samuele Angori,it ITA,DF,Pisa,22-077,2003,8.5,0,1,0,0.0,0.12,0.00,0.00,,33.1,0,0,0,0.0,0.0,0.02,0.0,0.0,Matches
17,Faustino Anjorin,eng ENG,"MF,FW",Torino,24-030,2001,1.4,0,1,0,0.0,0.73,0.00,0.00,,16.5,0,0,0,0.1,0.1,0.05,-0.1,-0.1,Matches
18,Kristjan Asllani,al ALB,MF,Torino,23-289,2002,11.7,0,18,3,16.7,1.54,0.26,0.00,0.00,29.7,1,0,1,1.4,0.6,0.03,-1.4,-0.6,Matches
19,Zachary Athekame,ch SUI,"DF,FW",Milan,21-010,2004,1.3,1,2,1,50.0,1.59,0.80,0.50,1.00,27.7,0,0,0,0.0,0.0,0.02,+1.0,+1.0,Matches
20,Arthur Atta,fr FRA,MF,Udinese,22-343,2003,12.3,1,25,9,36.0,2.04,0.73,0.04,0.11,21.5,1,0,0,1.5,1.5,0.06,-0.5,-0.5,Matches
21,Emil Audero,id IDN,GK,Cremonese,28-339,1997,12.0,0,0,0,,0.00,0.00,,,,0,0,0,0.0,0.0,,0.0,0.0,Matches
22,Carlos Augusto,br BRA,DF,Inter,26-350,1999,6.4,1,10,4,40.0,1.55,0.62,0.10,0.25,14.7,0,0,0,0.7,0.7,0.07,+0.3,+0.3,Matches
23,Yann Aurel Bisseck,de GER,DF,Inter,25-024,2000,4.3,1,9,3,33.3,2.11,0.70,0.11,0.33,13.7,0,0,0,0.5,0.5,0.06,+0.5,+0.5,Matches
24,Neil El Aynaoui,ma MAR,MF,Roma,24-174,2001,4.4,0,3,2,66.7,0.68,0.45,0.00,0.00,26.0,0,0,0,0.1,0.1,0.04,-0.1,-0.1,Matches
25,Leon Bailey,jm JAM,"MF,FW",Roma,28-136,1997,2.1,0,3,1,33.3,1.45,0.48,0.00,0.00,17.1,0,0,0,0.2,0.2,0.06,-0.2,-0.2,Matches
26,Tommaso Baldanzi,it ITA,"FW,MF",Roma,22-275,2003,4.3,1,11,4,36.4,2.56,0.93,0.09,0.25,17.0,0,0,0,1.5,1.5,0.13,-0.5,-0.5,Matches
27,Lameck Banda,zm ZAM,"FW,MF",Lecce,24-328,2001,6.1,1,8,4,50.0,1.31,0.66,0.13,0.25,19.2,1,0,0,0.9,0.9,0.11,+0.1,+0.1,Matches
28,Tommaso Barbieri,it ITA,"DF,FW",Cremonese,23-119,2002,9.1,0,7,1,14.3,0.77,0.11,0.00,0.00,19.8,0,0,0,0.5,0.5,0.08,-0.5,-0.5,Matches
29,Nicolò Barella,it ITA,MF,Inter,28-319,1997,13.2,1,15,2,13.3,1.14,0.15,0.07,0.50,19.1,1,0,0,1.5,1.5,0.10,-0.5,-0.5,Matches
30,Davide Bartesaghi,it ITA,DF,Milan,19-359,2005,9.1,2,10,5,50.0,1.09,0.55,0.20,0.40,20.2,2,0,0,0.6,0.6,0.06,+1.4,+1.4,Matches
31,Federico Baschirotto,it ITA,DF,Cremonese,29-094,1996,16.0,2,8,4,50.0,0.50,0.25,0.25,0.50,11.5,0,0,0,0.6,0.6,0.08,+1.4,+1.4,Matches
32,Toma Bašić,hr CRO,MF,Lazio,29-028,1996,9.2,1,19,8,42.1,2.07,0.87,0.05,0.13,25.0,2,0,0,0.8,0.8,0.04,+0.2,+0.2,Matches
33,Alessandro Bastoni,it ITA,DF,Inter,26-254,1999,13.6,1,11,3,27.3,0.81,0.22,0.09,0.33,13.3,0,0,0,0.9,0.9,0.08,+0.1,+0.1,Matches
34,Martin Baturina,hr CRO,"FW,MF",Como,22-310,2003,2.8,1,2,1,50.0,0.73,0.36,0.50,1.00,17.4,0,0,0,0.2,0.2,0.11,+0.8,+0.8,Matches
35,Vakoun Bayo,ci CIV,FW,Udinese,28-347,1997,3.2,0,11,1,9.1,3.43,0.31,0.00,0.00,13.3,0,0,0,1.4,1.4,0.12,-1.4,-1.4,Matches
36,Tjaš Begić,si SVN,DF,Parma,22-176,2003,0.0,0,0,0,,0.00,0.00,,,,0,0,0,0.0,0.0,,0.0,0.0,Matches
37,Reda Belahyane,ma MAR,MF,Lazio,21-205,2004,2.0,0,0,0,,0.00,0.00,,,,0,0,0,0.0,0.0,,0.0,0.0,Matches
38,Rafik Belghali,dz ALG,"DF,FW",Hellas Verona,23-199,2002,12.3,2,10,4,40.0,0.81,0.33,0.20,0.50,14.1,0,0,0,1.5,1.5,0.15,+0.5,+0.5,Matches
39,Armel Bella Kotchap,de GER,DF,Hellas Verona,24-012,2001,7.6,0,2,0,0.0,0.26,0.00,0.00,,16.2,0,0,0,0.1,0.1,0.03,-0.1,-0.1,Matches
40,Raoul Bellanova,it ITA,DF,Atalanta,25-220,2000,10.3,0,10,2,20.0,0.97,0.19,0.00,0.00,16.8,0,0,0,0.4,0.4,0.04,-0.4,-0.4,Matches
41,Andrea Belotti,it ITA,FW,Cagliari,32-003,1993,2.1,2,5,3,60.0,2.39,1.44,0.20,0.33,12.2,0,1,1,1.9,1.1,0.23,+0.1,-0.1,Matches
42,Adrian Benedyczak,pl POL,"FW,MF",Parma,25-029,2000,4.1,1,6,1,16.7,1.48,0.25,0.00,0.00,15.2,0,1,1,1.3,0.5,0.09,-0.3,-0.5,Matches
43,Domenico Berardi,it ITA,FW,Sassuolo,31-144,1994,9.9,4,16,8,50.0,1.61,0.81,0.13,0.25,20.0,1,2,2,2.9,1.3,0.08,+1.1,+0.7,Matches
44,Medon Berisha,al ALB,MF,Lecce,22-063,2003,9.7,2,24,5,20.8,2.48,0.52,0.08,0.40,27.9,6,0,0,1.2,1.2,0.05,+0.8,+0.8,Matches
45,Adrian Bernabe,es ESP,MF,Parma,24-211,2001,13.3,2,28,7,25.0,2.11,0.53,0.07,0.29,22.0,4,0,0,1.7,1.7,0.06,+0.3,+0.3,Matches
46,Federico Bernardeschi,it ITA,"FW,MF",Bologna,31-310,1994,4.7,1,13,5,38.5,2.77,1.06,0.08,0.20,22.0,1,0,0,0.8,0.8,0.06,+0.2,+0.2,Matches
47,Lorenzo Bernasconi,it ITA,DF,Atalanta,22-037,2003,4.3,0,4,0,0.0,0.93,0.00,0.00,,19.8,0,0,0,0.2,0.2,0.05,-0.2,-0.2,Matches
48,Antoine Bernede,fr FRA,MF,Hellas Verona,26-211,1999,12.1,1,8,2,25.0,0.66,0.16,0.13,0.50,20.6,0,0,0,0.6,0.6,0.07,+0.4,+0.4,Matches
49,Nicolò Bertola,it ITA,DF,Udinese,22-275,2003,9.7,0,8,3,37.5,0.83,0.31,0.00,0.00,18.7,0,0,0,0.4,0.4,0.05,-0.4,-0.4,Matches
50,Sam Beukema,nl NED,DF,Napoli,27-036,1998,7.7,1,4,2,50.0,0.52,0.26,0.25,0.50,13.2,0,0,0,1.1,1.1,0.27,-0.1,-0.1,Matches
51,Matteo Bianchetti,it ITA,DF,Cremonese,32-281,1993,12.6,0,4,0,0.0,0.32,0.00,0.00,,11.0,0,0,0,0.2,0.2,0.06,-0.2,-0.2,Matches
52,Cristiano Biraghi,it ITA,"DF,MF",Torino,33-113,1992,5.1,0,2,0,0.0,0.39,0.00,0.00,,21.1,0,0,0,0.1,0.1,0.03,-0.1,-0.1,Matches
53,Daniel Boloca,ro ROU,MF,Sassuolo,27-001,1998,1.5,0,2,0,0.0,1.33,0.00,0.00,,21.8,0,0,0,0.2,0.2,0.12,-0.2,-0.2,Matches
54,Federico Bonazzoli,it ITA,FW,Cremonese,28-216,1997,9.5,5,23,10,43.5,2.41,1.05,0.17,0.40,19.9,0,1,1,3.2,2.4,0.10,+1.8,+1.6,Matches
55,Warren Bondo,fr FRA,MF,Cremonese,22-099,2003,12.5,0,4,0,0.0,0.32,0.00,0.00,,26.3,0,0,0,0.1,0.1,0.03,-0.1,-0.1,Matches
56,Giovanni Bonfanti,it ITA,DF,Pisa,22-340,2003,4.4,0,6,1,16.7,1.36,0.23,0.00,0.00,13.1,0,0,0,0.4,0.4,0.06,-0.4,-0.4,Matches
57,Ange-Yoan Bonny,fr FRA,FW,Inter,22-059,2003,4.9,4,9,4,44.4,1.85,0.82,0.44,1.00,12.5,0,0,0,1.8,1.8,0.20,+2.2,+2.2,Matches
58,Gennaro Borrelli,it ITA,FW,Cagliari,25-288,2000,8.8,3,16,5,31.3,1.81,0.57,0.19,0.60,13.6,0,0,0,1.6,1.6,0.10,+1.4,+1.4,Matches
59,Domagoj Bradarić,hr CRO,"DF,FW",Hellas Verona,26-013,1999,10.0,0,5,3,60.0,0.50,0.30,0.00,0.00,16.1,0,0,0,0.5,0.5,0.11,-0.5,-0.5,Matches
60,Iker Bravo,es ESP,FW,Udinese,20-344,2005,2.0,1,4,1,25.0,2.01,0.50,0.25,1.00,21.0,0,0,0,0.2,0.2,0.05,+0.8,+0.8,Matches
61,Gleison Bremer,br BRA,DF,Juventus,28-280,1997,4.7,0,4,1,25.0,0.86,0.21,0.00,0.00,15.3,0,0,0,0.3,0.3,0.08,-0.3,-0.3,Matches
62,Marco Brescianini,it ITA,MF,Atalanta,25-337,2000,1.9,1,2,1,50.0,1.07,0.54,0.50,1.00,17.4,0,0,0,0.1,0.1,0.07,+0.9,+0.9,Matches
63,Sascha Britschgi,ch SUI,DF,Parma,19-118,2006,10.2,0,7,1,14.3,0.69,0.10,0.00,0.00,22.4,0,0,0,0.2,0.2,0.03,-0.2,-0.2,Matches
64,Louis Buffon,cz CZE,"FW,MF",Pisa,17-360,2007,0.3,0,0,0,,0.00,0.00,,,,0,0,0,0.0,0.0,,0.0,0.0,Matches
65,Adam Buksa,pl POL,FW,Udinese,29-164,1996,5.4,1,7,3,42.9,1.29,0.55,0.14,0.33,13.8,0,0,0,0.7,0.7,0.10,+0.3,+0.3,Matches
66,Alessandro Buongiorno,it ITA,DF,Napoli,26-200,1999,10.1,0,3,1,33.3,0.30,0.10,0.00,0.00,6.8,0,0,0,0.6,0.6,0.21,-0.6,-0.6,Matches
67,Jean Butez,fr FRA,GK,Como,30-198,1995,15.0,0,0,0,,0.00,0.00,,,,0,0,0,0.0,0.0,,0.0,0.0,Matches
68,Arturo Calabresi,it ITA,DF,Pisa,29-281,1996,5.6,0,2,1,50.0,0.36,0.18,0.00,0.00,21.4,0,0,0,0.1,0.1,0.03,-0.1,-0.1,Matches
69,Hakan Çalhanoğlu,tr TUR,MF,Inter,31-318,1994,10.6,6,27,7,25.9,2.56,0.66,0.15,0.57,27.9,3,2,3,3.5,1.2,0.04,+2.5,+2.8,Matches
70,Francesco Camarda,it ITA,FW,Lecce,17-288,2008,5.4,1,11,2,18.2,2.03,0.37,0.09,0.50,14.7,0,0,1,1.7,0.9,0.08,-0.7,+0.1,Matches
71,Nicolò Cambiaghi,it ITA,FW,Bologna,24-360,2000,9.1,2,14,4,28.6,1.54,0.44,0.14,0.50,16.0,0,0,0,1.5,1.5,0.11,+0.5,+0.5,Matches
72,Andrea Cambiaso,it ITA,"DF,FW",Juventus,25-306,2000,12.1,1,8,4,50.0,0.66,0.33,0.13,0.25,17.7,0,0,0,0.8,0.8,0.11,+0.2,+0.2,Matches
73,Matteo Cancellieri,it ITA,FW,Lazio,23-314,2002,6.8,3,17,8,47.1,2.49,1.17,0.18,0.38,15.2,0,0,0,2.1,2.1,0.13,+0.9,+0.9,Matches
74,Fali Candé,gw GNB,DF,Sassuolo,27-333,1998,4.9,0,3,0,0.0,0.61,0.00,0.00,,23.2,0,0,0,0.2,0.2,0.07,-0.2,-0.2,Matches
75,Simone Canestrelli,it ITA,DF,Pisa,25-103,2000,16.0,0,7,1,14.3,0.44,0.06,0.00,0.00,10.6,0,0,0,0.7,0.7,0.10,-0.7,-0.7,Matches
76,Elia Caprile,it ITA,GK,Cagliari,24-120,2001,16.0,0,0,0,,0.00,0.00,,,,0,0,0,0.0,0.0,,0.0,0.0,Matches
77,Maxence Caqueret,fr FRA,"MF,FW",Como,25-311,2000,6.6,0,7,1,14.3,1.06,0.15,0.00,0.00,21.5,0,0,0,0.6,0.6,0.08,-0.6,-0.6,Matches
78,Antonio Caracciolo,it ITA,DF,Pisa,35-176,1990,15.9,0,11,2,18.2,0.69,0.13,0.00,0.00,16.6,0,0,0,0.5,0.5,0.04,-0.5,-0.5,Matches
79,Valentin Carboni,ar ARG,"MF,FW",Genoa,20-293,2005,4.0,0,6,2,33.3,1.50,0.50,0.00,0.00,17.8,0,0,0,0.4,0.4,0.07,-0.4,-0.4,Matches
80,Diego Carlos,br BRA,DF,Como,32-283,1993,10.4,0,1,0,0.0,0.10,0.00,0.00,,36.2,0,0,0,0.0,0.0,0.02,0.0,0.0,Matches
81,Marco Carnesecchi,it ITA,GK,Atalanta,25-175,2000,16.0,0,0,0,,0.00,0.00,,,,0,0,0,0.0,0.0,,0.0,0.0,Matches
82,Cesare Casadei,it ITA,MF,Torino,22-347,2003,12.6,0,19,7,36.8,1.51,0.56,0.00,0.00,16.0,0,0,0,2.0,1.8,0.10,-2.0,-1.8,Matches
83,Nicolò Casale,it ITA,DF,Bologna,27-312,1998,2.6,0,2,0,0.0,0.77,0.00,0.00,,7.7,0,0,0,0.2,0.2,0.08,-0.2,-0.2,Matches
84,Valentín Castellanos,ar ARG,FW,Lazio,27-081,1998,7.5,2,20,8,40.0,2.67,1.07,0.10,0.25,17.3,0,0,0,2.0,2.0,0.10,0.0,0.0,Matches
85,Santiago Castro,ar ARG,FW,Bologna,21-085,2004,9.8,4,23,10,43.5,2.36,1.03,0.17,0.40,14.7,0,0,0,2.8,2.8,0.13,+1.2,+1.2,Matches
86,Danilo Cataldi,it ITA,MF,Lazio,31-139,1994,11.8,1,12,1,8.3,1.02,0.08,0.00,0.00,26.1,2,1,1,1.4,0.6,0.05,-0.4,-0.6,Matches
87,Nicolò Cavuoti,it ITA,"MF,DF",Cagliari,22-263,2003,0.2,0,0,0,,0.00,0.00,,,,0,0,0,0.0,0.0,,0.0,0.0,Matches
88,Federico Ceccherini,it ITA,DF,Cremonese,33-226,1992,2.5,0,4,2,50.0,1.63,0.81,0.00,0.00,21.5,0,0,0,0.1,0.1,0.02,-0.1,-0.1,Matches
89,Zeki Çelik,tr TUR,DF,Roma,28-309,1997,11.6,1,13,2,15.4,1.12,0.17,0.08,0.50,18.0,0,0,0,0.8,0.8,0.06,+0.2,+0.2,Matches
90,Fallou Cham,gm GAM,DF,Hellas Verona,19-312,2006,2.4,0,5,2,40.0,2.10,0.84,0.00,0.00,14.2,0,0,0,0.4,0.4,0.07,-0.4,-0.4,Matches
91,Walid Cheddira,ma MAR,FW,Sassuolo,27-335,1998,2.0,1,8,2,25.0,3.96,0.99,0.13,0.50,16.1,0,0,0,0.9,0.9,0.11,+0.1,+0.1,Matches
92,Samuel Chukwueze,ng NGA,FW,Milan,26-215,1999,0.3,0,0,0,,0.00,0.00,,,,0,0,0,0.0,0.0,,0.0,0.0,Matches
93,Alessandro Circati,au AUS,DF,Parma,22-074,2003,9.4,1,1,1,100.0,0.11,0.11,1.00,1.00,7.7,0,0,0,0.5,0.5,0.50,+0.5,+0.5,Matches
94,Saúl Coco,gq EQG,DF,Torino,26-317,1999,14.0,1,9,3,33.3,0.64,0.21,0.11,0.33,12.0,1,0,0,0.6,0.6,0.07,+0.4,+0.4,Matches
95,Michele Collocolo,it ITA,MF,Cremonese,26-045,1999,3.2,0,1,1,100.0,0.32,0.32,0.00,0.00,32.7,0,0,0,0.0,0.0,0.02,0.0,0.0,Matches
96,Lorenzo Colombo,it ITA,"FW,MF",Genoa,23-290,2002,9.6,2,24,9,37.5,2.50,0.94,0.08,0.22,15.0,0,0,1,4.5,3.7,0.15,-2.5,-1.7,Matches
97,Pietro Comuzzo,it ITA,DF,Fiorentina,20-306,2005,7.2,0,3,0,0.0,0.42,0.00,0.00,,17.0,0,0,0,0.3,0.3,0.10,-0.3,-0.3,Matches
98,Francisco Conceição,pt POR,"MF,FW",Juventus,23-009,2002,9.9,2,28,9,32.1,2.83,0.91,0.07,0.22,17.0,0,0,0,2.8,2.8,0.10,-0.8,-0.8,Matches
99,Maxwel Cornet,ci CIV,"FW,DF",Genoa,29-087,1996,0.9,0,2,1,50.0,2.34,1.17,0.00,0.00,15.0,0,0,1,1.5,0.7,0.36,-1.5,-0.7,Matches
100,Edoardo Corvi,it ITA,GK,Parma,24-275,2001,4.0,0,0,0,,0.00,0.00,,,,0,0,0,0.0,0.0,,0.0,0.0,Matches
101,Lassana Coulibaly,ml MLI,MF,Lecce,29-257,1996,13.1,2,9,4,44.4,0.69,0.31,0.22,0.50,12.0,0,0,0,1.4,1.4,0.15,+0.6,+0.6,Matches
102,Woyo Coulibaly,ml MLI,DF,Sassuolo,26-217,1999,3.4,0,2,1,50.0,0.59,0.29,0.00,0.00,20.7,0,0,0,0.1,0.1,0.04,-0.1,-0.1,Matches
103,Ben Cremaschi,us USA,MF,Parma,20-296,2005,0.2,0,0,0,,0.00,0.00,,,,0,0,0,0.0,0.0,,0.0,0.0,Matches
104,Bryan Cristante,it ITA,MF,Roma,30-295,1995,14.7,1,21,5,23.8,1.43,0.34,0.05,0.20,13.9,0,0,0,1.0,1.0,0.05,0.0,0.0,Matches
105,Juan Cuadrado,co COL,"DF,MF",Pisa,37-211,1988,3.6,1,5,1,20.0,1.38,0.28,0.00,0.00,26.8,0,1,1,0.9,0.1,0.02,+0.1,-0.1,Matches
106,Patrick Cutrone,it ITA,FW,Parma,27-354,1998,9.0,1,23,7,30.4,2.54,0.77,0.04,0.14,15.5,0,0,0,2.4,2.4,0.11,-1.4,-1.4,Matches
107,Lucas Da Cunha,fr FRA,MF,Como,24-197,2001,10.7,0,12,5,41.7,1.12,0.47,0.00,0.00,23.1,0,0,0,1.2,1.2,0.10,-1.2,-1.2,Matches
108,Thijs Dallinga,nl NED,"FW,MF",Bologna,25-142,2000,5.1,1,13,2,15.4,2.53,0.39,0.08,0.50,14.3,0,0,0,1.3,1.3,0.10,-0.3,-0.3,Matches
109,Matteo Darmian,it ITA,DF,Inter,36-021,1989,0.2,0,0,0,,0.00,0.00,,,,0,0,0,0.0,0.0,,0.0,0.0,Matches
110,Juan David Cabal,co COL,DF,Juventus,24-349,2001,1.5,2,4,2,50.0,2.61,1.30,0.50,1.00,17.5,0,0,0,0.8,0.8,0.20,+1.2,+1.2,Matches
111,Jonathan David,ca CAN,FW,Juventus,25-343,2000,6.9,1,11,4,36.4,1.60,0.58,0.09,0.25,10.3,0,0,0,1.3,1.3,0.12,-0.3,-0.3,Matches
112,Keinan Davis,eng ENG,FW,Udinese,27-313,1998,10.1,4,23,8,34.8,2.29,0.80,0.09,0.25,14.8,0,2,2,4.8,3.2,0.14,-0.8,-1.2,Matches
113,Kevin De Bruyne,be BEL,MF,Napoli,34-178,1991,6.3,4,13,4,30.8,2.07,0.64,0.08,0.25,25.6,3,3,3,3.3,0.9,0.07,+0.7,+0.1,Matches
114,Charles De Ketelaere,be BEL,"MF,FW",Atalanta,24-288,2001,10.9,2,25,10,40.0,2.30,0.92,0.08,0.20,16.0,0,0,0,2.2,2.2,0.09,-0.2,-0.2,Matches
115,Manuel De Luca,it ITA,FW,Cremonese,27-159,1998,0.2,1,1,1,100.0,5.63,5.63,0.00,0.00,31.6,0,1,1,1.1,0.3,0.26,-0.1,-0.3,Matches
116,Lorenzo De Silvestri,it ITA,DF,Bologna,37-214,1988,3.0,0,0,0,,0.00,0.00,,,,0,0,0,0.0,0.0,,0.0,0.0,Matches
117,Koni De Winter,be BEL,DF,Milan,23-194,2002,4.2,0,2,0,0.0,0.48,0.00,0.00,,19.1,0,0,0,0.1,0.1,0.03,-0.1,-0.1,Matches
118,Alessandro Deiola,it ITA,"MF,DF",Cagliari,30-144,1995,9.6,0,6,3,50.0,0.62,0.31,0.00,0.00,20.2,1,0,0,0.3,0.3,0.05,-0.3,-0.3,Matches
119,Enrico Del Prato,it ITA,DF,Parma,26-043,1999,14.5,1,13,7,53.8,0.90,0.48,0.08,0.14,9.9,0,0,0,1.7,1.7,0.13,-0.7,-0.7,Matches
120,Fisayo Dele-Bashiru,ng NGA,MF,Lazio,24-320,2001,3.0,0,1,0,0.0,0.33,0.00,0.00,,16.7,0,0,0,0.0,0.0,0.04,0.0,0.0,Matches
121,Ali Dembélé,fr FRA,DF,Torino,21-352,2004,0.1,0,1,0,0.0,6.92,0.00,0.00,,12.4,0,0,0,0.1,0.1,0.06,-0.1,-0.1,Matches
122,Daniel Denoon,ch SUI,DF,Pisa,21-329,2004,1.4,0,0,0,,0.00,0.00,,,,0,0,0,0.0,0.0,,0.0,0.0,Matches
123,Michele Di Gregorio,it ITA,GK,Juventus,28-149,1997,14.0,0,0,0,,0.00,0.00,,,,0,0,0,0.0,0.0,,0.0,0.0,Matches
124,Giovanni Di Lorenzo,it ITA,"DF,MF",Napoli,32-141,1993,15.0,0,14,7,50.0,0.93,0.47,0.00,0.00,10.8,0,0,0,1.2,1.2,0.08,-1.2,-1.2,Matches
125,Alessandro Di Pardo,it ITA,DF,Cagliari,26-158,1999,0.6,0,1,0,0.0,1.67,0.00,0.00,,8.4,0,0,0,0.2,0.2,0.16,-0.2,-0.2,Matches
126,Boulaye Dia,sn SEN,"FW,MF",Lazio,29-037,1996,8.9,1,8,4,50.0,0.90,0.45,0.13,0.25,11.0,0,0,0,1.9,1.9,0.24,-0.9,-0.9,Matches
127,Assane Diao,sn SEN,FW,Como,20-107,2005,3.5,0,5,1,20.0,1.43,0.29,0.00,0.00,24.7,0,0,0,0.3,0.3,0.05,-0.3,-0.3,Matches
128,Federico Dimarco,it ITA,DF,Inter,28-043,1997,11.6,2,21,7,33.3,1.81,0.60,0.10,0.29,19.1,2,0,0,1.1,1.1,0.05,+0.9,+0.9,Matches
129,Andy Diouf,fr FRA,"MF,FW",Inter,22-220,2003,0.8,0,1,1,100.0,1.27,1.27,0.00,0.00,28.4,0,0,0,0.0,0.0,0.02,0.0,0.0,Matches
130,Berat Djimsiti,al ALB,DF,Atalanta,32-307,1993,12.3,0,7,0,0.0,0.57,0.00,0.00,,8.9,0,0,0,0.9,0.9,0.13,-0.9,-0.9,Matches
131,Dodô,br BRA,DF,Fiorentina,27-036,1998,15.0,0,15,1,6.7,1.00,0.07,0.00,0.00,18.2,0,0,0,1.0,1.0,0.07,-1.0,-1.0,Matches
132,Josh Doig,sct SCO,DF,Sassuolo,23-219,2002,11.7,0,5,2,40.0,0.43,0.17,0.00,0.00,22.6,0,0,0,0.2,0.2,0.04,-0.2,-0.2,Matches
133,Benjamín Domínguez,ar ARG,FW,Bologna,22-095,2003,2.7,0,5,1,20.0,1.87,0.37,0.00,0.00,18.4,0,0,0,0.4,0.4,0.09,-0.4,-0.4,Matches
134,Anastasios Douvikas,gr GRE,FW,Como,26-143,1999,7.5,3,18,8,44.4,2.39,1.06,0.17,0.38,12.4,0,0,0,2.2,2.2,0.12,+0.8,+0.8,Matches
135,Artem Dovbyk,ua UKR,FW,Roma,28-185,1997,3.6,2,9,4,44.4,2.48,1.10,0.22,0.50,9.5,0,0,0,2.0,2.0,0.23,0.0,0.0,Matches
136,Denzel Dumfries,nl NED,DF,Inter,29-249,1996,8.0,1,9,3,33.3,1.13,0.38,0.11,0.33,11.8,0,0,0,1.5,1.5,0.16,-0.5,-0.5,Matches
137,Paulo Dybala,ar ARG,"FW,MF",Roma,32-038,1993,6.2,1,19,8,42.1,3.04,1.28,0.05,0.13,20.0,4,0,1,2.5,1.8,0.09,-1.5,-0.8,Matches
138,Edin Džeko,ba BIH,FW,Fiorentina,39-281,1986,2.7,0,4,1,25.0,1.48,0.37,0.00,0.00,11.3,0,0,0,0.3,0.3,0.07,-0.3,-0.3,Matches
139,Enzo Ebosse,cm CMR,DF,Hellas Verona,26-287,1999,0.6,0,0,0,,0.00,0.00,,,,0,0,0,0.0,0.0,,0.0,0.0,Matches
140,Éderson,br BRA,MF,Atalanta,26-169,1999,9.6,0,13,4,30.8,1.36,0.42,0.00,0.00,19.4,0,0,0,0.9,0.9,0.07,-0.9,-0.9,Matches
141,Kingsley Ehizibue,nl NED,DF,Udinese,30-212,1995,6.2,0,1,0,0.0,0.16,0.00,0.00,,13.7,0,0,0,0.1,0.1,0.12,-0.1,-0.1,Matches
142,Jeff Ekhator,it ITA,FW,Genoa,19-042,2006,3.7,1,9,2,22.2,2.43,0.54,0.11,0.50,14.4,0,0,0,1.5,1.5,0.16,-0.5,-0.5,Matches
143,Jurgen Ekkelenkamp,nl NED,MF,Udinese,25-262,2000,8.0,1,11,6,54.5,1.37,0.75,0.09,0.17,23.1,2,0,0,1.3,1.3,0.11,-0.3,-0.3,Matches
144,Caleb Ekuban,gh GHA,FW,Genoa,31-275,1994,4.9,1,13,4,30.8,2.65,0.81,0.08,0.25,14.4,0,0,0,1.4,1.4,0.10,-0.4,-0.4,Matches
145,Mikael Ellertsson,is ISL,"DF,FW",Genoa,23-287,2002,12.0,1,12,5,41.7,1.00,0.42,0.08,0.20,16.8,0,0,0,1.6,1.6,0.13,-0.6,-0.6,Matches
146,Elif Elmas,mk MKD,"MF,FW",Napoli,26-090,1999,5.8,0,8,3,37.5,1.37,0.52,0.00,0.00,17.8,0,0,0,0.8,0.8,0.10,-0.8,-0.8,Matches
147,Francesco Esposito,it ITA,FW,Inter,20-178,2005,5.0,1,16,6,37.5,3.17,1.19,0.06,0.17,11.6,0,0,0,1.9,1.9,0.12,-0.9,-0.9,Matches
148,Sebastiano Esposito,it ITA,"FW,MF",Cagliari,23-174,2002,12.6,3,23,5,21.7,1.83,0.40,0.13,0.60,20.4,3,0,0,1.8,1.8,0.08,+1.2,+1.2,Matches
149,Nahuel Estévez,ar ARG,MF,Parma,30-039,1995,6.0,0,7,1,14.3,1.17,0.17,0.00,0.00,19.6,0,0,0,0.5,0.5,0.08,-0.5,-0.5,Matches
150,Pervis Estupiñán,ec ECU,DF,Milan,27-336,1998,4.9,0,5,0,0.0,1.01,0.00,0.00,,23.4,0,0,0,0.1,0.1,0.02,-0.1,-0.1,Matches
151,Giovanni Fabbian,it ITA,MF,Bologna,22-343,2003,4.8,0,8,0,0.0,1.68,0.00,0.00,,13.4,0,0,0,1.1,1.1,0.13,-1.1,-1.1,Matches
152,Alieu Fadera,gm GAM,FW,Sassuolo,24-050,2001,5.9,1,7,2,28.6,1.20,0.34,0.14,0.50,17.7,1,0,0,1.0,1.0,0.14,0.0,0.0,Matches
153,Nicolò Fagioli,it ITA,MF,Fiorentina,24-314,2001,9.2,0,7,1,14.3,0.76,0.11,0.00,0.00,26.4,1,0,0,0.3,0.3,0.04,-0.3,-0.3,Matches
154,Wladimiro Falcone,it ITA,GK,Lecce,30-255,1995,15.0,0,0,0,,0.00,0.00,,,,0,0,0,0.0,0.0,,0.0,0.0,Matches
155,Jacopo Fazzini,it ITA,"MF,FW",Fiorentina,22-282,2003,4.3,0,7,1,14.3,1.64,0.23,0.00,0.00,23.0,0,0,0,0.3,0.3,0.04,-0.3,-0.3,Matches
156,Mattia Felici,it ITA,"FW,DF",Cagliari,24-250,2001,4.6,2,9,6,66.7,1.97,1.31,0.22,0.33,16.3,0,0,0,0.7,0.7,0.08,+1.3,+1.3,Matches
157,Evan Ferguson,ie IRL,FW,Roma,21-065,2004,5.9,1,17,8,47.1,2.87,1.35,0.06,0.13,16.3,0,0,0,1.4,1.4,0.08,-0.4,-0.4,Matches
158,Lewis Ferguson,sct SCO,MF,Bologna,26-121,1999,7.0,0,6,1,16.7,0.86,0.14,0.00,0.00,20.1,0,0,0,0.3,0.3,0.05,-0.3,-0.3,Matches
159,Romano Floriani,it ITA,"DF,FW",Cremonese,22-330,2003,6.6,0,2,0,0.0,0.30,0.00,0.00,,21.5,0,0,0,0.1,0.1,0.04,-0.1,-0.1,Matches
160,Youssouf Fofana,fr FRA,MF,Milan,26-347,1999,11.6,1,22,8,36.4,1.90,0.69,0.05,0.13,19.2,0,0,0,2.1,2.1,0.09,-1.1,-1.1,Matches
161,Francesco Folino,it ITA,DF,Cremonese,23-334,2002,1.2,1,1,1,100.0,0.83,0.83,1.00,1.00,8.0,0,0,0,0.1,0.1,0.12,+0.9,+0.9,Matches
162,Michael Folorunsho,it ITA,"MF,FW",Cagliari,27-319,1998,14.5,1,19,5,26.3,1.31,0.34,0.05,0.20,17.0,0,0,0,2.4,2.4,0.13,-1.4,-1.4,Matches
163,Niccolò Fortini,it ITA,"DF,MF",Fiorentina,19-313,2006,5.0,0,5,1,20.0,0.99,0.20,0.00,0.00,25.4,0,0,0,0.1,0.1,0.03,-0.1,-0.1,Matches
164,Davide Frattesi,it ITA,"MF,FW",Inter,26-062,1999,2.3,0,7,3,42.9,3.07,1.32,0.00,0.00,14.9,0,0,0,0.9,0.9,0.13,-0.9,-0.9,Matches
165,Morten Frendrup,dk DEN,MF,Genoa,24-260,2001,13.6,0,3,1,33.3,0.22,0.07,0.00,0.00,17.2,0,0,0,0.2,0.2,0.07,-0.2,-0.2,Matches
166,Martin Frese,dk DEN,DF,Hellas Verona,27-353,1998,11.9,0,12,5,41.7,1.01,0.42,0.00,0.00,18.5,3,0,0,0.8,0.8,0.07,-0.8,-0.8,Matches
167,Remo Freuler,ch SUI,MF,Bologna,33-252,1992,7.6,0,2,0,0.0,0.26,0.00,0.00,,25.7,0,0,0,0.0,0.0,0.02,0.0,0.0,Matches
168,Matteo Gabbia,it ITA,DF,Milan,26-063,1999,14.7,0,9,1,11.1,0.61,0.07,0.00,0.00,9.3,0,0,0,0.4,0.4,0.05,-0.4,-0.4,Matches
169,Tiago Gabriel,pt POR,DF,Lecce,20-362,2004,14.1,1,11,2,18.2,0.78,0.14,0.09,0.50,10.1,0,0,0,1.8,1.8,0.16,-0.8,-0.8,Matches
170,Gianluca Gaetano,it ITA,"MF,FW",Cagliari,25-232,2000,6.1,2,18,7,38.9,2.96,1.15,0.11,0.29,21.5,5,0,0,1.3,1.3,0.07,+0.7,+0.7,Matches
171,Roberto Gagliardini,it ITA,MF,Hellas Verona,31-260,1994,8.9,1,4,2,50.0,0.45,0.23,0.25,0.50,13.4,0,0,0,0.4,0.4,0.09,+0.6,+0.6,Matches
172,Antonino Gallo,it ITA,DF,Lecce,25-352,2000,13.4,0,2,1,50.0,0.15,0.07,0.00,0.00,12.2,0,0,0,0.4,0.4,0.19,-0.4,-0.4,Matches
173,Federico Gatti,it ITA,DF,Juventus,27-182,1998,8.6,1,10,4,40.0,1.16,0.46,0.10,0.25,12.9,0,0,0,1.2,1.2,0.12,-0.2,-0.2,Matches
174,David de Gea,es ESP,GK,Fiorentina,35-046,1990,16.0,0,0,0,,0.00,0.00,,,,0,0,0,0.0,0.0,,0.0,0.0,Matches
175,Daniele Ghilardi,it ITA,DF,Roma,22-351,2003,0.3,0,0,0,,0.00,0.00,,,,0,0,0,0.0,0.0,,0.0,0.0,Matches
176,Andrea Ghion,it ITA,"FW,MF",Sassuolo,25-303,2000,0.1,0,0,0,,0.00,0.00,,,,0,0,0,0.0,0.0,,0.0,0.0,Matches
177,Mario Gila,es ESP,DF,Lazio,25-116,2000,14.4,0,8,2,25.0,0.56,0.14,0.00,0.00,12.7,0,0,0,0.5,0.5,0.07,-0.5,-0.5,Matches
178,Billy Gilmour,sct SCO,MF,Napoli,24-195,2001,4.6,1,5,1,20.0,1.09,0.22,0.20,1.00,20.1,0,0,0,0.3,0.3,0.06,+0.7,+0.7,Matches
179,Santiago Giménez,mx MEX,FW,Milan,24-249,2001,6.9,0,21,6,28.6,3.04,0.87,0.00,0.00,11.8,1,0,0,2.8,2.8,0.13,-2.8,-2.8,Matches
180,Gvidas Gineitis,lt LTU,MF,Torino,21-252,2004,4.5,0,3,0,0.0,0.67,0.00,0.00,,40.8,0,0,0,0.1,0.1,0.03,-0.1,-0.1,Matches
181,Giovane,br BRA,FW,Hellas Verona,22-029,2003,13.1,3,35,20,57.1,2.68,1.53,0.09,0.15,20.1,1,0,0,2.6,2.6,0.07,+0.4,+0.4,Matches
182,Saba Goglichidze,ge GEO,DF,Udinese,21-181,2004,4.7,0,3,1,33.3,0.64,0.21,0.00,0.00,7.7,0,0,0,0.2,0.2,0.08,-0.2,-0.2,Matches
183,Edoardo Goldaniga,it ITA,DF,Como,32-051,1993,0.0,0,0,0,,0.00,0.00,,,,0,0,0,0.0,0.0,,0.0,0.0,Matches
184,Nicolás González,ar ARG,"MF,DF",Juventus,27-261,1998,0.2,0,2,0,0.0,9.47,0.00,0.00,,17.9,0,0,0,0.1,0.1,0.07,-0.1,-0.1,Matches
185,Robin Gosens,de GER,DF,Fiorentina,31-171,1994,8.0,1,6,1,16.7,0.75,0.12,0.17,1.00,7.8,0,0,0,1.7,1.7,0.29,-0.7,-0.7,Matches
186,Alberto Grassi,it ITA,MF,Cremonese,30-291,1995,5.6,0,1,1,100.0,0.18,0.18,0.00,0.00,21.6,0,0,0,0.1,0.1,0.07,-0.1,-0.1,Matches
187,Albert Grønbaek,dk DEN,"FW,MF",Genoa,24-214,2001,1.1,0,1,1,100.0,0.87,0.87,0.00,0.00,34.2,1,0,0,0.0,0.0,0.03,0.0,0.0,Matches
188,Mattéo Guendouzi,fr FRA,MF,Lazio,26-253,1999,13.9,2,15,8,53.3,1.08,0.58,0.13,0.25,21.9,0,0,0,1.2,1.2,0.08,+0.8,+0.8,Matches
189,Idrissa Guèye,sn SEN,"MF,FW",Udinese,19-098,2006,0.5,0,0,0,,0.00,0.00,,,,0,0,0,0.0,0.0,,0.0,0.0,Matches
190,Miguel Gutiérrez,es ESP,"DF,MF",Napoli,24-149,2001,3.4,0,3,1,33.3,0.89,0.30,0.00,0.00,21.4,0,0,0,0.1,0.1,0.03,-0.1,-0.1,Matches
191,Albert Guðmundsson,is ISL,"FW,MF",Fiorentina,28-191,1997,9.9,3,8,1,12.5,0.81,0.10,0.13,1.00,22.0,1,2,2,2.2,0.6,0.08,+0.8,+0.4,Matches
192,Abdou Harroui,nl NED,"MF,FW",Hellas Verona,27-344,1998,1.6,0,4,1,25.0,2.47,0.62,0.00,0.00,25.3,0,0,0,0.2,0.2,0.05,-0.2,-0.2,Matches
193,Torbjørn Heggem,no NOR,DF,Bologna,26-345,1999,12.2,0,4,1,25.0,0.33,0.08,0.00,0.00,10.3,0,0,0,0.6,0.6,0.15,-0.6,-0.6,Matches
194,Luis Henrique,br BRA,DF,Inter,24-009,2001,5.0,0,5,1,20.0,1.01,0.20,0.00,0.00,20.9,0,0,0,0.2,0.2,0.04,-0.2,-0.2,Matches
195,Mario Hermoso,es ESP,DF,Roma,30-188,1995,10.3,1,6,3,50.0,0.58,0.29,0.17,0.33,12.5,0,0,0,0.4,0.4,0.06,+0.6,+0.6,Matches
196,Hernani,br BRA,"MF,DF",Parma,31-271,1994,0.8,0,1,0,0.0,1.23,0.00,0.00,,21.9,0,0,0,0.0,0.0,0.02,0.0,0.0,Matches
197,Isak Hien,se SWE,DF,Atalanta,26-344,1999,13.2,1,6,2,33.3,0.45,0.15,0.17,0.50,8.8,0,0,0,0.7,0.7,0.11,+0.3,+0.3,Matches
198,Malthe Hojholt,dk DEN,MF,Pisa,24-251,2001,2.0,0,1,0,0.0,0.50,0.00,0.00,,15.9,0,0,0,0.2,0.2,0.19,-0.2,-0.2,Matches
199,Emil Holm,se SWE,DF,Bologna,25-224,2000,5.1,1,4,1,25.0,0.78,0.20,0.25,1.00,14.0,0,0,0,0.7,0.7,0.17,+0.3,+0.3,Matches
200,Elseid Hysaj,al ALB,DF,Lazio,31-306,1994,1.7,0,0,0,,0.00,0.00,,,,0,0,0,0.0,0.0,,0.0,0.0,Matches
201,Rasmus Højlund,dk DEN,FW,Napoli,22-322,2003,9.3,4,12,7,58.3,1.29,0.75,0.33,0.57,12.2,0,0,0,3.2,3.2,0.26,+0.8,+0.8,Matches
202,Edoardo Iannoni,it ITA,MF,Sassuolo,24-256,2001,0.9,1,2,1,50.0,2.25,1.13,0.50,1.00,7.8,0,0,0,0.4,0.4,0.20,+0.6,+0.6,Matches
203,Riyad Idrissi,it ITA,DF,Cagliari,20-193,2005,4.4,1,2,2,100.0,0.45,0.45,0.50,0.50,9.9,0,0,0,0.3,0.3,0.13,+0.7,+0.7,Matches
204,Jay Idzes,id IDN,DF,Sassuolo,25-204,2000,15.0,0,2,0,0.0,0.13,0.00,0.00,,19.8,0,0,0,0.0,0.0,0.02,0.0,0.0,Matches
205,Ivan Ilić,rs SRB,MF,Torino,24-281,2001,4.4,0,0,0,,0.00,0.00,,,,0,0,0,0.0,0.0,,0.0,0.0,Matches
206,Emirhan İlkhan,tr TUR,MF,Torino,21-205,2004,0.6,0,0,0,,0.00,0.00,,,,0,0,0,0.0,0.0,,0.0,0.0,Matches
207,Ciro Immobile,it ITA,FW,Bologna,35-306,1990,0.3,0,0,0,,0.00,0.00,,,,0,0,0,0.0,0.0,,0.0,0.0,Matches
208,Gustav Isaksen,dk DEN,FW,Lazio,24-248,2001,6.8,2,18,8,44.4,2.66,1.18,0.11,0.25,17.0,0,0,0,1.6,1.6,0.09,+0.4,+0.4,Matches
209,Ardian Ismajli,al ALB,DF,Torino,29-084,1996,7.6,0,4,2,50.0,0.53,0.26,0.00,0.00,9.3,0,0,0,0.2,0.2,0.05,-0.2,-0.2,Matches
210,Franco Israel,uy URU,GK,Torino,25-245,2000,9.0,0,0,0,,0.00,0.00,,,,0,0,0,0.0,0.0,,0.0,0.0,Matches
211,Ardon Jashari,ch SUI,MF,Milan,23-146,2002,0.2,0,1,0,0.0,5.29,0.00,0.00,,27.8,0,0,0,0.0,0.0,0.02,0.0,0.0,Matches
212,Oliver Jensen,dk DEN,MF,Parma,23-288,2002,9.1,0,8,2,25.0,0.88,0.22,0.00,0.00,18.3,0,0,0,0.9,0.9,0.12,-0.9,-0.9,Matches
213,Juan Jesus,br BRA,DF,Napoli,34-196,1991,7.0,0,2,0,0.0,0.29,0.00,0.00,,7.3,0,0,0,0.1,0.1,0.06,-0.1,-0.1,Matches
214,Álex Jiménez,es ESP,DF,Milan,20-229,2005,0.5,0,0,0,,0.00,0.00,,,,0,0,0,0.0,0.0,,0.0,0.0,Matches
215,Þórir Jóhann Helgason,is ISL,MF,Lecce,25-086,2000,0.9,0,1,1,100.0,1.10,1.10,0.00,0.00,21.6,0,0,0,0.1,0.1,0.08,-0.1,-0.1,Matches
216,Dennis Johnsen,no NOR,"MF,FW",Cremonese,27-309,1998,2.3,0,2,0,0.0,0.86,0.00,0.00,,30.9,0,0,0,0.1,0.1,0.03,-0.1,-0.1,Matches
217,Mohamed Kaba,fr FRA,"MF,FW",Lecce,24-057,2001,3.0,0,5,2,40.0,1.69,0.67,0.00,0.00,18.2,0,0,0,0.2,0.2,0.05,-0.2,-0.2,Matches
218,Christian Kabasele,be BEL,DF,Udinese,34-302,1991,9.4,1,4,3,75.0,0.42,0.32,0.25,0.33,12.2,0,0,0,0.4,0.4,0.09,+0.6,+0.6,Matches
219,Pierre Kalulu,fr FRA,DF,Juventus,25-201,2000,16.0,0,7,1,14.3,0.44,0.06,0.00,0.00,13.1,0,0,0,0.5,0.5,0.07,-0.5,-0.5,Matches
220,Hassane Kamara,ci CIV,DF,Udinese,31-293,1994,8.1,0,12,4,33.3,1.48,0.49,0.00,0.00,23.1,0,0,0,0.4,0.4,0.03,-0.4,-0.4,Matches
221,Jesper Karlström,se SWE,MF,Udinese,30-185,1995,15.8,1,10,2,20.0,0.63,0.13,0.10,0.50,18.0,0,0,0,0.4,0.4,0.04,+0.6,+0.6,Matches
222,Grigoris Kastanos,cy CYP,"MF,FW",Hellas Verona,27-327,1998,0.2,0,1,0,0.0,4.29,0.00,0.00,,16.5,0,0,0,0.0,0.0,0.02,0.0,0.0,Matches
223,Moise Kean,it ITA,FW,Fiorentina,25-298,2000,14.6,4,64,15,23.4,4.38,1.03,0.05,0.20,15.2,0,1,1,9.6,8.8,0.14,-5.6,-5.8,Matches
224,Mandela Keita,be BEL,MF,Parma,23-227,2002,12.4,0,5,1,20.0,0.40,0.08,0.00,0.00,28.7,0,0,0,0.1,0.1,0.02,-0.1,-0.1,Matches
225,Lloyd Kelly,eng ENG,DF,Juventus,27-078,1998,14.0,1,7,2,28.6,0.50,0.14,0.14,0.50,18.1,0,0,0,0.4,0.4,0.06,+0.6,+0.6,Matches
226,Marc-Oliver Kempf,de GER,DF,Como,30-329,1995,7.9,2,6,3,50.0,0.76,0.38,0.33,0.67,11.6,0,0,0,1.0,1.0,0.16,+1.0,+1.0,Matches
227,Kialonda,ao ANG,DF,Lecce,28-087,1997,15.0,0,9,1,11.1,0.60,0.07,0.00,0.00,8.7,0,0,0,0.9,0.9,0.10,-0.9,-0.9,Matches
228,Semih Kılıçsoy,tr TUR,FW,Cagliari,20-130,2005,1.7,1,3,2,66.7,1.74,1.16,0.33,0.50,20.0,0,0,0,0.3,0.3,0.09,+0.7,+0.7,Matches
229,Sead Kolašinac,ba BIH,DF,Atalanta,32-186,1993,2.4,0,1,0,0.0,0.41,0.00,0.00,,6.0,0,0,0,0.1,0.1,0.07,-0.1,-0.1,Matches
230,Ismaël Koné,ca CAN,MF,Sassuolo,23-200,2002,12.6,3,9,3,33.3,0.72,0.24,0.33,1.00,18.0,0,0,0,1.1,1.1,0.12,+1.9,+1.9,Matches
231,Manu Koné,fr FRA,MF,Roma,24-220,2001,16.0,0,9,1,11.1,0.56,0.06,0.00,0.00,21.4,0,0,0,1.0,1.0,0.11,-1.0,-1.0,Matches
232,Teun Koopmeiners,nl NED,"DF,MF",Juventus,27-298,1998,10.4,0,14,3,21.4,1.34,0.29,0.00,0.00,21.5,4,0,0,0.8,0.8,0.06,-0.8,-0.8,Matches
233,Odilon Kossounou,ci CIV,DF,Atalanta,24-353,2001,8.3,1,4,1,25.0,0.48,0.12,0.25,1.00,22.0,0,0,0,0.2,0.2,0.05,+0.8,+0.8,Matches
234,Filip Kostić,rs SRB,"DF,FW",Juventus,33-052,1992,4.1,2,4,3,75.0,0.99,0.74,0.50,0.67,22.1,0,0,0,0.4,0.4,0.10,+1.6,+1.6,Matches
235,Eddy Kouadio,ci CIV,DF,Fiorentina,19-207,2006,0.7,0,0,0,,0.00,0.00,,,,0,0,0,0.0,0.0,,0.0,0.0,Matches
236,Christian Kouamé,ci CIV,"MF,DF",Fiorentina,28-017,1997,0.3,0,0,0,,0.00,0.00,,,,0,0,0,0.0,0.0,,0.0,0.0,Matches
237,Christ-Owen Kouassi,fr FRA,DF,Lecce,22-252,2003,2.5,0,0,0,,0.00,0.00,,,,0,0,0,0.0,0.0,,0.0,0.0,Matches
238,Thomas Kristensen,dk DEN,DF,Udinese,23-340,2002,7.0,1,4,2,50.0,0.57,0.29,0.25,0.50,14.0,0,0,0,0.3,0.3,0.08,+0.7,+0.7,Matches
239,Nikola Krstović,me MNE,FW,Atalanta,25-262,2000,6.2,2,31,9,29.0,5.00,1.45,0.06,0.22,14.4,0,0,0,3.8,3.8,0.12,-1.8,-1.8,Matches
240,Nicolas-Gerrit Kühn,de GER,FW,Como,25-356,2000,4.2,0,4,2,50.0,0.94,0.47,0.00,0.00,13.6,0,0,0,0.8,0.8,0.19,-0.8,-0.8,Matches
241,Tariq Lamptey,gh GHA,"MF,DF",Fiorentina,25-084,2000,0.3,0,0,0,,0.00,0.00,,,,0,0,0,0.0,0.0,,0.0,0.0,Matches
242,Noa Lang,nl NED,"FW,MF",Napoli,26-189,1999,4.9,1,5,3,60.0,1.02,0.61,0.20,0.33,15.9,0,0,0,0.7,0.7,0.14,+0.3,+0.3,Matches
243,Armand Lauriente,fr FRA,FW,Sassuolo,27-019,1998,9.9,3,28,8,28.6,2.84,0.81,0.11,0.38,20.1,5,0,0,1.3,1.3,0.05,+1.7,+1.7,Matches
244,Valentino Lazaro,at AUT,"DF,MF",Torino,29-274,1996,12.0,0,1,0,0.0,0.08,0.00,0.00,,17.3,0,0,0,0.1,0.1,0.06,-0.1,-0.1,Matches
245,Manuel Lazzari,it ITA,DF,Lazio,32-024,1993,4.0,0,0,0,,0.00,0.00,,,,0,0,0,0.0,0.0,,0.0,0.0,Matches
246,Nicola Leali,it ITA,GK,Genoa,32-309,1993,15.0,0,0,0,,0.00,0.00,,,,0,0,0,0.0,0.0,,0.0,0.0,Matches
247,Rafael Leão,pt POR,FW,Milan,26-196,1999,7.3,5,19,8,42.1,2.60,1.09,0.16,0.38,20.7,0,2,2,4.1,2.5,0.13,+0.9,+0.5,Matches
248,Mehdi Léris,dz ALG,"DF,MF",Pisa,27-214,1998,7.9,0,11,1,9.1,1.39,0.13,0.00,0.00,16.3,0,0,0,0.8,0.8,0.07,-0.8,-0.8,Matches
249,Luca Lipani,it ITA,MF,Sassuolo,20-219,2005,1.6,0,1,0,0.0,0.64,0.00,0.00,,8.8,0,0,0,0.2,0.2,0.20,-0.2,-0.2,Matches
250,Joseph Liteta,zm ZAM,MF,Cagliari,19-304,2006,1.1,0,0,0,,0.00,0.00,,,,0,0,0,0.0,0.0,,0.0,0.0,Matches
251,Stanislav Lobotka,sk SVK,MF,Napoli,31-028,1994,8.1,0,0,0,,0.00,0.00,,,,0,0,0,0.0,0.0,,0.0,0.0,Matches
252,Manuel Locatelli,it ITA,MF,Juventus,27-349,1998,13.4,0,17,5,29.4,1.27,0.37,0.00,0.00,23.6,1,0,0,0.8,0.8,0.05,-0.8,-0.8,Matches
253,Ruben Loftus-Cheek,eng ENG,"MF,FW",Milan,29-334,1996,6.4,1,18,2,11.1,2.82,0.31,0.06,0.50,11.6,0,0,0,1.6,1.6,0.09,-0.6,-0.6,Matches
254,Ademola Lookman,ng NGA,"FW,MF",Atalanta,28-064,1997,8.7,2,25,7,28.0,2.87,0.80,0.08,0.29,15.7,0,0,0,2.6,2.6,0.11,-0.6,-0.6,Matches
255,Dachi Lordkipanidze,ge GEO,MF,Cremonese,20-290,2005,0.3,0,0,0,,0.00,0.00,,,,0,0,0,0.0,0.0,,0.0,0.0,Matches
256,Lorran,br BRA,"MF,FW",Pisa,19-172,2006,0.7,1,3,1,33.3,4.29,1.43,0.33,1.00,11.9,0,0,0,1.0,1.0,0.34,0.0,0.0,Matches
257,Sandi Lovrić,si SVN,MF,Udinese,27-270,1998,1.7,0,2,1,50.0,1.17,0.58,0.00,0.00,14.5,0,0,0,0.1,0.1,0.07,-0.1,-0.1,Matches
258,Lorenzo Lucca,it ITA,FW,Napoli,25-104,2000,4.3,1,13,5,38.5,3.00,1.15,0.08,0.20,13.5,0,0,0,1.5,1.5,0.12,-0.5,-0.5,Matches
259,Jhon Lucumí,co COL,DF,Bologna,27-180,1998,10.5,1,5,2,40.0,0.48,0.19,0.20,0.50,9.7,0,0,0,0.8,0.8,0.17,+0.2,+0.2,Matches
260,Sebastiano Luperto,it ITA,DF,Cagliari,29-108,1996,12.0,1,3,2,66.7,0.25,0.17,0.33,0.50,11.8,0,0,0,0.3,0.3,0.09,+0.7,+0.7,Matches
261,Mateus Lusuardi,br BRA,DF,Pisa,21-349,2004,2.2,0,4,0,0.0,1.82,0.00,0.00,,13.6,0,0,0,0.1,0.1,0.02,-0.1,-0.1,Matches
262,Zito Luvumbo,ao ANG,"FW,MF",Cagliari,23-289,2002,2.4,0,7,4,57.1,2.96,1.69,0.00,0.00,18.5,0,0,0,0.5,0.5,0.07,-0.5,-0.5,Matches
263,Charalampos Lykogiannis,gr GRE,DF,Bologna,32-062,1993,3.9,0,4,1,25.0,1.02,0.25,0.00,0.00,21.9,0,0,0,0.1,0.1,0.03,-0.1,-0.1,Matches
264,Mathias Løvik,no NOR,DF,Parma,22-017,2003,5.2,0,3,0,0.0,0.57,0.00,0.00,,17.8,0,0,0,0.1,0.1,0.05,-0.1,-0.1,Matches
265,Mike Maignan,fr FRA,GK,Milan,30-173,1995,13.6,0,0,0,,0.00,0.00,,,,0,0,0,0.0,0.0,,0.0,0.0,Matches
266,Daniel Maldini,it ITA,MF,Atalanta,24-073,2001,2.7,0,8,2,25.0,2.94,0.73,0.00,0.00,22.7,1,0,0,0.6,0.6,0.07,-0.6,-0.6,Matches
267,Youssef Maleh,ma MAR,MF,Lecce,27-123,1998,0.5,0,0,0,,0.00,0.00,,,,0,0,0,0.0,0.0,,0.0,0.0,Matches
268,Ruslan Malinovskyi,ua UKR,MF,Genoa,32-233,1993,11.2,2,21,4,19.0,1.88,0.36,0.05,0.25,27.7,4,1,1,1.5,0.7,0.03,+0.5,+0.3,Matches
269,Gianluca Mancini,it ITA,DF,Roma,29-250,1996,15.9,0,9,3,33.3,0.56,0.19,0.00,0.00,12.5,0,0,0,0.8,0.8,0.09,-0.8,-0.8,Matches
270,Rolando Mandragora,it ITA,MF,Fiorentina,28-177,1997,12.9,5,26,8,30.8,2.02,0.62,0.15,0.50,22.4,9,1,1,2.4,1.6,0.06,+2.6,+2.4,Matches
271,Alessandro Marcandalli,it ITA,DF,Genoa,23-059,2002,8.6,0,3,2,66.7,0.35,0.23,0.00,0.00,11.7,0,0,0,0.2,0.2,0.05,-0.2,-0.2,Matches
272,Pablo Marí,es ESP,DF,Fiorentina,32-114,1993,9.0,0,2,0,0.0,0.22,0.00,0.00,,27.7,0,0,0,0.0,0.0,0.02,0.0,0.0,Matches
273,Luca Marianucci,it ITA,DF,Napoli,21-153,2004,1.0,0,1,0,0.0,1.00,0.00,0.00,,30.8,0,0,0,0.0,0.0,0.02,0.0,0.0,Matches
274,Marius Marin,ro ROU,MF,Pisa,27-115,1998,7.7,0,0,0,,0.00,0.00,,,,0,0,0,0.0,0.0,,0.0,0.0,Matches
275,João Mário Lopes,pt POR,DF,Juventus,25-354,2000,2.7,0,2,0,0.0,0.75,0.00,0.00,,17.3,0,0,0,0.1,0.1,0.04,-0.1,-0.1,Matches
276,Guillermo Maripán,cl CHI,DF,Torino,31-231,1994,14.2,1,12,6,50.0,0.84,0.42,0.08,0.17,12.7,0,0,0,1.0,1.0,0.08,0.0,0.0,Matches
277,Aarón Martín,es ESP,DF,Genoa,28-245,1997,11.5,1,4,3,75.0,0.35,0.26,0.25,0.33,26.5,2,0,0,0.3,0.3,0.07,+0.7,+0.7,Matches
278,Josep Martinez,es ESP,GK,Inter,27-210,1998,2.0,0,0,0,,0.00,0.00,,,,0,0,0,0.0,0.0,,0.0,0.0,Matches
279,Lautaro Martínez,ar ARG,FW,Inter,28-123,1997,12.6,8,51,16,31.4,4.04,1.27,0.16,0.50,13.0,0,0,0,7.2,7.2,0.14,+0.8,+0.8,Matches
280,Adam Marušić,me MNE,DF,Lazio,33-067,1992,13.6,0,7,3,42.9,0.52,0.22,0.00,0.00,16.7,0,0,0,0.5,0.5,0.08,-0.5,-0.5,Matches
281,Adam Masina,ma MAR,DF,Torino,31-355,1994,2.6,0,0,0,,0.00,0.00,,,,0,0,0,0.0,0.0,,0.0,0.0,Matches
282,Patrizio Masini,it ITA,MF,Genoa,24-330,2001,10.6,0,12,2,16.7,1.13,0.19,0.00,0.00,18.2,0,0,0,1.3,1.3,0.11,-1.3,-1.3,Matches
283,Nemanja Matić,rs SRB,MF,Sassuolo,37-144,1988,14.9,1,5,4,80.0,0.34,0.27,0.20,0.25,20.1,0,0,0,0.2,0.2,0.04,+0.8,+0.8,Matches
284,Luca Mazzitelli,it ITA,MF,Cagliari,30-038,1995,1.0,0,1,1,100.0,1.03,1.03,0.00,0.00,28.9,0,0,0,0.0,0.0,0.02,0.0,0.0,Matches
285,Pasquale Mazzocchi,it ITA,MF,Napoli,30-149,1995,0.2,0,0,0,,0.00,0.00,,,,0,0,0,0.0,0.0,,0.0,0.0,Matches
286,Weston McKennie,us USA,"DF,MF",Juventus,27-117,1998,11.2,0,16,4,25.0,1.43,0.36,0.00,0.00,11.9,0,0,0,2.1,2.1,0.13,-2.1,-2.1,Matches
287,Scott McTominay,sct SCO,MF,Napoli,29-015,1996,13.0,2,32,13,40.6,2.46,1.00,0.06,0.15,17.7,3,0,0,3.4,3.4,0.11,-1.4,-1.4,Matches
288,Henrik Meister,dk DEN,FW,Pisa,22-036,2003,9.8,1,11,3,27.3,1.13,0.31,0.09,0.33,11.4,0,0,0,1.8,1.8,0.17,-0.8,-0.8,Matches
289,Alex Meret,it ITA,GK,Napoli,28-276,1997,4.0,0,0,0,,0.00,0.00,,,,0,0,0,0.0,0.0,,0.0,0.0,Matches
290,Junior Messias,br BRA,"FW,MF",Genoa,34-224,1991,1.2,0,2,0,0.0,1.61,0.00,0.00,,13.1,0,0,0,0.1,0.1,0.07,-0.1,-0.1,Matches
291,Vanja Milinković-Savić,rs SRB,GK,Napoli,28-306,1997,11.0,0,0,0,,0.00,0.00,,,,0,0,0,0.0,0.0,,0.0,0.0,Matches
292,Lennon Miller,sct SCO,MF,Udinese,19-120,2006,0.9,0,2,1,50.0,2.34,1.17,0.00,0.00,20.0,0,0,0,0.1,0.1,0.03,-0.1,-0.1,Matches
293,Yerry Mina,co COL,DF,Cagliari,31-091,1994,10.0,1,4,2,50.0,0.40,0.20,0.25,0.50,14.4,0,0,0,0.6,0.6,0.16,+0.4,+0.4,Matches
294,Juan Miranda,es ESP,DF,Bologna,25-338,2000,11.1,1,6,2,33.3,0.54,0.18,0.17,0.50,17.0,0,0,0,0.3,0.3,0.05,+0.7,+0.7,Matches
295,Fabio Miretti,it ITA,MF,Juventus,22-142,2003,0.7,0,1,0,0.0,1.36,0.00,0.00,,16.0,0,0,0,0.0,0.0,0.02,0.0,0.0,Matches
296,Henrikh Mkhitaryan,am ARM,MF,Inter,36-336,1989,5.8,0,11,2,18.2,1.91,0.35,0.00,0.00,18.8,0,0,0,1.1,1.1,0.10,-1.1,-1.1,Matches
297,Rui Modesto,ao ANG,"DF,MF",Udinese,26-077,1999,1.3,0,1,1,100.0,0.76,0.76,0.00,0.00,34.1,0,0,0,0.0,0.0,0.02,0.0,0.0,Matches
298,Luka Modrić,hr CRO,MF,Milan,40-105,1985,14.7,1,8,4,50.0,0.54,0.27,0.13,0.25,24.8,0,0,0,0.4,0.4,0.05,+0.6,+0.6,Matches
299,Lorenzo Montipò,it ITA,GK,Hellas Verona,29-306,1996,15.0,0,0,0,,0.00,0.00,,,,0,0,0,0.0,0.0,,0.0,0.0,Matches
300,Álvaro Morata,es ESP,FW,Como,33-061,1992,7.1,0,14,4,28.6,1.98,0.57,0.00,0.00,13.9,0,0,1,3.5,2.7,0.19,-3.5,-2.7,Matches
301,Alberto Moreno,es ESP,DF,Como,33-171,1992,2.7,1,4,2,50.0,1.46,0.73,0.25,0.50,19.2,0,0,0,0.8,0.8,0.19,+0.2,+0.2,Matches
302,Tete Morente,es ESP,"FW,MF",Lecce,29-019,1996,9.0,0,14,2,14.3,1.55,0.22,0.00,0.00,18.7,1,0,0,0.7,0.7,0.05,-0.7,-0.7,Matches
303,Stefano Moreo,it ITA,"FW,MF",Pisa,32-176,1993,6.8,3,14,4,28.6,2.05,0.59,0.14,0.50,12.8,0,1,1,2.0,1.2,0.09,+1.0,+0.8,Matches
304,Luca Moro,it ITA,FW,Sassuolo,24-332,2001,0.9,0,2,0,0.0,2.34,0.00,0.00,,11.8,0,0,0,0.2,0.2,0.10,-0.2,-0.2,Matches
305,Nikola Moro,hr CRO,MF,Bologna,27-286,1998,8.3,1,4,1,25.0,0.48,0.12,0.25,1.00,27.6,1,0,0,0.2,0.2,0.05,+0.8,+0.8,Matches
306,Daniel Mosquera,co COL,FW,Hellas Verona,26-064,1999,3.7,0,10,4,40.0,2.73,1.09,0.00,0.00,13.4,0,0,0,0.5,0.5,0.05,-0.5,-0.5,Matches
307,Tarik Muharemovic,ba BIH,DF,Sassuolo,22-298,2003,13.0,1,9,3,33.3,0.69,0.23,0.11,0.33,19.0,0,0,0,0.6,0.6,0.06,+0.4,+0.4,Matches
308,Arijanet Muric,xk KVX,GK,Sassuolo,27-046,1998,15.0,0,0,0,,0.00,0.00,,,,0,0,0,0.0,0.0,,0.0,0.0,Matches
309,Yunus Musah,us USA,MF,Atalanta,23-024,2002,1.9,0,3,0,0.0,1.54,0.00,0.00,,15.9,0,0,0,0.2,0.2,0.08,-0.2,-0.2,Matches
310,Yunus Musah,us USA,DF,Milan,23-024,2002,1.0,0,0,0,,0.00,0.00,,,,0,0,0,0.0,0.0,,0.0,0.0,Matches
311,Almoatasem Al Musrati,ly LBY,MF,Hellas Verona,29-261,1996,3.1,0,2,1,50.0,0.65,0.33,0.00,0.00,20.8,0,0,0,0.1,0.1,0.06,-0.1,-0.1,Matches
312,Cheveyo Muy,nl NED,FW,Milan,,,0.1,0,1,0,0.0,18.00,0.00,0.00,,13.7,0,0,0,0.1,0.1,0.07,-0.1,-0.1,Matches
313,Obite N'Dicka,ci CIV,DF,Roma,26-125,1999,14.4,0,10,0,0.0,0.70,0.00,0.00,,11.3,0,0,0,1.0,1.0,0.10,-1.0,-1.0,Matches
314,Konan N'dri,ci CIV,"FW,MF",Lecce,25-057,2000,2.1,2,8,3,37.5,3.83,1.44,0.25,0.67,20.8,0,0,0,0.3,0.3,0.04,+1.7,+1.7,Matches
315,Corrie Ndaba,ie IRL,DF,Lecce,25-363,1999,1.6,0,2,0,0.0,1.25,0.00,0.00,,21.1,0,0,0,0.1,0.1,0.06,-0.1,-0.1,Matches
316,Michel Ndary Adopo,fr FRA,MF,Cagliari,25-157,2000,13.2,0,9,4,44.4,0.68,0.30,0.00,0.00,16.9,0,0,0,0.5,0.5,0.06,-0.5,-0.5,Matches
317,Cher Ndour,it ITA,MF,Fiorentina,21-149,2004,5.2,1,5,1,20.0,0.97,0.19,0.20,1.00,16.4,0,0,0,0.6,0.6,0.11,+0.4,+0.4,Matches
318,Victor Nelsson,dk DEN,DF,Hellas Verona,27-070,1998,14.7,0,1,0,0.0,0.07,0.00,0.00,,10.6,0,0,0,0.0,0.0,0.04,0.0,0.0,Matches
319,David Neres,br BRA,"FW,MF",Napoli,28-295,1997,8.3,3,13,4,30.8,1.56,0.48,0.23,0.75,22.1,1,0,0,1.4,1.4,0.10,+1.6,+1.6,Matches
320,Cyril Ngonge,be BEL,"FW,MF",Torino,25-211,2000,8.4,1,18,9,50.0,2.15,1.07,0.06,0.11,18.7,1,0,0,1.6,1.6,0.09,-0.6,-0.6,Matches
321,Mikayil Ngor Faye,sn SEN,"DF,FW",Cremonese,21-162,2004,2.3,0,2,0,0.0,0.89,0.00,0.00,,20.3,0,0,0,0.0,0.0,0.02,0.0,0.0,Matches
322,Abdoulaye Niakhate Ndiaye,sn SEN,DF,Parma,23-257,2002,5.5,0,4,0,0.0,0.73,0.00,0.00,,20.3,0,0,0,0.3,0.3,0.07,-0.3,-0.3,Matches
323,Cheikh Niasse,sn SEN,MF,Hellas Verona,25-338,2000,4.0,0,2,0,0.0,0.50,0.00,0.00,,18.4,0,0,0,0.1,0.1,0.03,-0.1,-0.1,Matches
324,Hans Nicolussi Caviglia,it ITA,MF,Fiorentina,25-188,2000,6.4,0,4,1,25.0,0.62,0.16,0.00,0.00,26.5,1,0,0,0.2,0.2,0.04,-0.2,-0.2,Matches
325,Oliver Nielsen,dk DEN,DF,Lazio,22-202,2003,3.4,0,0,0,,0.00,0.00,,,,0,0,0,0.0,0.0,,0.0,0.0,Matches
326,Alieu Njie,se SWE,FW,Torino,20-223,2005,0.2,0,1,1,100.0,5.29,5.29,0.00,0.00,11.7,0,0,0,0.3,0.3,0.27,-0.3,-0.3,Matches
327,Niels Nkounkou,fr FRA,"DF,MF",Torino,25-052,2000,3.1,0,2,0,0.0,0.65,0.00,0.00,,18.8,0,0,0,0.1,0.1,0.04,-0.1,-0.1,Matches
328,Christopher Nkunku,fr FRA,FW,Milan,28-039,1997,5.9,0,12,4,33.3,2.05,0.68,0.00,0.00,13.5,0,0,0,1.8,1.8,0.15,-1.8,-1.8,Matches
329,Brooke Norton-Cuffy,eng ENG,"DF,FW",Genoa,21-345,2004,15.0,1,7,1,14.3,0.47,0.07,0.14,1.00,14.9,0,0,0,1.1,1.1,0.16,-0.1,-0.1,Matches
330,Tijjani Noslin,nl NED,"FW,MF",Lazio,26-169,1999,1.8,2,7,5,71.4,3.87,2.76,0.29,0.40,12.2,0,0,0,1.3,1.3,0.21,+0.7,+0.7,Matches
331,Unai Núñez,es ESP,DF,Hellas Verona,28-327,1997,10.4,0,5,0,0.0,0.48,0.00,0.00,,12.2,0,0,0,0.4,0.4,0.07,-0.4,-0.4,Matches
332,M'Bala Nzola,ao ANG,FW,Pisa,29-127,1996,10.5,3,23,4,17.4,2.20,0.38,0.04,0.25,15.0,0,2,2,4.5,3.0,0.13,-1.5,-2.0,Matches
333,Adam Obert,sk SVK,DF,Cagliari,23-122,2002,12.4,0,3,1,33.3,0.24,0.08,0.00,0.00,11.0,0,0,0,0.7,0.7,0.24,-0.7,-0.7,Matches
334,Jens Odgaard,dk DEN,MF,Bologna,26-267,1999,7.4,3,16,6,37.5,2.17,0.81,0.19,0.50,19.1,0,0,0,1.5,1.5,0.10,+1.5,+1.5,Matches
335,David Okereke,ng NGA,FW,Cremonese,28-116,1997,0.9,0,0,0,,0.00,0.00,,,,0,0,0,0.0,0.0,,0.0,0.0,Matches
336,Maduka Okoye,ng NGA,GK,Udinese,26-117,1999,9.1,0,0,0,,0.00,0.00,,,,0,0,0,0.0,0.0,,0.0,0.0,Matches
337,Mathías Olivera,uy URU,"DF,MF",Napoli,28-053,1997,5.9,0,3,1,33.3,0.51,0.17,0.00,0.00,5.9,0,0,0,1.0,1.0,0.32,-1.0,-1.0,Matches
338,Jean Onana,cm CMR,MF,Genoa,25-349,2000,0.1,0,0,0,,0.00,0.00,,,,0,0,0,0.0,0.0,,0.0,0.0,Matches
339,Jacob Ondrejka,se SWE,"FW,MF",Parma,23-112,2002,1.4,0,3,1,33.3,2.20,0.73,0.00,0.00,15.1,0,0,0,0.2,0.2,0.08,-0.2,-0.2,Matches
340,Loïs Openda,be BEL,"FW,MF",Juventus,25-310,2000,4.8,1,17,4,23.5,3.55,0.84,0.06,0.25,15.9,0,0,0,2.2,2.2,0.13,-1.2,-1.2,Matches
341,Gift Orban,ng NGA,FW,Hellas Verona,23-159,2002,9.8,4,42,14,33.3,4.29,1.43,0.07,0.21,19.7,2,1,1,6.7,6.0,0.14,-2.7,-3.0,Matches
342,Christian Ordoñez,ar ARG,"MF,DF",Parma,21-152,2004,4.2,0,2,1,50.0,0.48,0.24,0.00,0.00,12.7,0,0,0,0.3,0.3,0.13,-0.3,-0.3,Matches
343,Gaetano Oristanio,it ITA,"MF,FW",Parma,23-086,2002,2.7,0,7,1,14.3,2.58,0.37,0.00,0.00,15.6,0,0,0,0.7,0.7,0.09,-0.7,-0.7,Matches
344,Riccardo Orsolini,it ITA,FW,Bologna,28-333,1997,11.7,6,38,14,36.8,3.26,1.20,0.08,0.21,19.4,2,3,4,5.4,2.3,0.06,+0.6,+0.7,Matches
345,Sebastian Otoa,dk DEN,DF,Genoa,21-224,2004,3.5,0,0,0,,0.00,0.00,,,,0,0,0,0.0,0.0,,0.0,0.0,Matches
346,Daniel Oyegoke,eng ENG,"DF,MF",Hellas Verona,22-354,2003,0.2,0,1,0,0.0,4.09,0.00,0.00,,18.9,0,0,0,0.0,0.0,0.02,0.0,0.0,Matches
347,Alberto Paleari,it ITA,GK,Torino,33-116,1992,7.0,0,0,0,,0.00,0.00,,,,0,0,0,0.0,0.0,,0.0,0.0,Matches
348,Marco Palestra,it ITA,"DF,FW",Cagliari,20-295,2005,14.0,0,9,2,22.2,0.64,0.14,0.00,0.00,18.6,0,0,0,0.5,0.5,0.05,-0.5,-0.5,Matches
349,Matteo Palma,de GER,DF,Udinese,17-285,2008,1.1,0,0,0,,0.00,0.00,,,,0,0,0,0.0,0.0,,0.0,0.0,Matches
350,Fabiano Parisi,it ITA,"DF,FW",Fiorentina,25-044,2000,4.9,0,5,0,0.0,1.02,0.00,0.00,,17.6,0,0,0,0.2,0.2,0.05,-0.2,-0.2,Matches
351,Mario Pašalić,hr CRO,MF,Atalanta,30-317,1995,11.2,1,9,4,44.4,0.80,0.36,0.11,0.25,14.2,0,0,0,0.9,0.9,0.11,+0.1,+0.1,Matches
352,Patric,es ESP,"DF,MF",Lazio,32-250,1993,1.0,0,0,0,,0.00,0.00,,,,0,0,0,0.0,0.0,,0.0,0.0,Matches
353,Benjamin Pavard,fr FRA,DF,Inter,29-270,1996,1.0,0,1,1,100.0,1.00,1.00,0.00,0.00,14.0,0,0,0,0.0,0.0,0.05,0.0,0.0,Matches
354,Strahinja Pavlović,rs SRB,DF,Milan,24-213,2001,14.2,2,9,3,33.3,0.63,0.21,0.22,0.67,12.5,0,0,0,1.8,1.8,0.20,+0.2,+0.2,Matches
355,Leonardo Pavoletti,it ITA,"FW,MF",Cagliari,37-027,1988,1.0,0,2,0,0.0,2.05,0.00,0.00,,9.9,0,0,0,0.7,0.7,0.33,-0.7,-0.7,Matches
356,Martín Payero,ar ARG,MF,Cremonese,27-103,1998,8.9,1,11,4,36.4,1.23,0.45,0.09,0.25,21.4,0,0,0,1.0,1.0,0.09,0.0,0.0,Matches
357,Nicolás Paz,ar ARG,MF,Como,21-106,2004,14.8,5,53,20,37.7,3.59,1.35,0.09,0.25,24.2,7,0,0,2.9,2.9,0.05,+2.1,+2.1,Matches
358,Marcus Pedersen,no NOR,DF,Torino,25-160,2000,11.3,0,6,2,33.3,0.53,0.18,0.00,0.00,13.6,0,0,0,1.0,1.0,0.17,-1.0,-1.0,Matches
359,Pedro,es ESP,FW,Lazio,38-148,1987,4.8,0,9,1,11.1,1.88,0.21,0.00,0.00,22.9,0,0,0,0.3,0.3,0.04,-0.3,-0.3,Matches
360,Zé Pedro Figueiredo,pt POR,DF,Cagliari,28-200,1997,3.9,0,0,0,,0.00,0.00,,,,0,0,0,0.0,0.0,,0.0,0.0,Matches
361,Lorenzo Pellegrini,it ITA,MF,Roma,29-187,1996,7.9,2,21,8,38.1,2.67,1.02,0.05,0.13,17.8,1,1,1,3.1,2.3,0.11,-1.1,-1.3,Matches
362,Luca Pellegrini,it ITA,DF,Lazio,26-291,1999,7.0,0,4,2,50.0,0.58,0.29,0.00,0.00,18.6,1,0,0,0.5,0.5,0.12,-0.5,-0.5,Matches
363,Mateo Pellegrino,ar ARG,FW,Parma,24-297,2001,14.2,4,27,9,33.3,1.90,0.63,0.11,0.33,16.4,0,1,1,3.2,2.4,0.09,+0.8,+0.6,Matches
364,Faris Pemi Moumbagna,cm CMR,"MF,FW",Cremonese,25-175,2000,0.3,0,2,0,0.0,6.21,0.00,0.00,,8.9,0,0,0,0.4,0.4,0.18,-0.4,-0.4,Matches
365,Mattia Perin,it ITA,GK,Juventus,33-043,1992,2.0,0,0,0,,0.00,0.00,,,,0,0,0,0.0,0.0,,0.0,0.0,Matches
366,Máximo Perrone,ar ARG,MF,Como,22-350,2003,11.5,1,5,3,60.0,0.44,0.26,0.20,0.33,15.6,0,0,0,0.6,0.6,0.12,+0.4,+0.4,Matches
367,Massimo Pessina,it ITA,GK,Bologna,17-363,2007,0.9,0,0,0,,0.00,0.00,,,,0,0,0,0.0,0.0,,0.0,0.0,Matches
368,Giuseppe Pezzella,it ITA,DF,Cremonese,28-024,1997,10.0,0,3,0,0.0,0.30,0.00,0.00,,15.9,0,0,0,0.1,0.1,0.03,-0.1,-0.1,Matches
369,Gabriele Piccinini,it ITA,MF,Pisa,24-261,2001,4.2,0,5,1,20.0,1.20,0.24,0.00,0.00,14.9,0,0,0,0.3,0.3,0.07,-0.3,-0.3,Matches
370,Roberto Piccoli,it ITA,"FW,MF",Fiorentina,24-330,2001,6.4,1,17,7,41.2,2.64,1.09,0.06,0.14,13.7,0,0,0,2.7,2.7,0.16,-1.7,-1.7,Matches
371,Nicholas Pierini,it ITA,FW,Sassuolo,27-139,1998,1.0,0,2,0,0.0,1.91,0.00,0.00,,21.5,1,0,0,0.2,0.2,0.12,-0.2,-0.2,Matches
372,Santiago Pierotti,ar ARG,"FW,MF",Lecce,24-264,2001,9.1,0,13,4,30.8,1.42,0.44,0.00,0.00,15.1,0,0,0,0.8,0.8,0.06,-0.8,-0.8,Matches
373,Balthazar Pierret,fr FRA,MF,Lecce,25-222,2000,0.3,0,0,0,,0.00,0.00,,,,0,0,0,0.0,0.0,,0.0,0.0,Matches
374,Andrea Pinamonti,it ITA,FW,Sassuolo,26-218,1999,13.5,4,35,16,45.7,2.59,1.19,0.11,0.25,14.0,0,0,1,3.8,2.9,0.08,+0.2,+1.1,Matches
375,Jakub Piotrowski,pl POL,MF,Udinese,28-080,1997,8.8,1,20,4,20.0,2.28,0.46,0.05,0.25,17.5,1,0,0,1.4,1.4,0.07,-0.4,-0.4,Matches
376,Niccolò Pisilli,it ITA,MF,Roma,21-091,2004,0.6,0,1,1,100.0,1.80,1.80,0.00,0.00,7.0,0,0,0,0.1,0.1,0.09,-0.1,-0.1,Matches
377,Tommaso Pobega,it ITA,MF,Bologna,26-161,1999,7.7,2,16,7,43.8,2.08,0.91,0.13,0.29,18.6,0,0,0,1.3,1.3,0.08,+0.7,+0.7,Matches
378,Matteo Politano,it ITA,"MF,FW",Napoli,32-142,1993,9.4,0,26,4,15.4,2.78,0.43,0.00,0.00,19.7,0,0,0,1.2,1.2,0.05,-1.2,-1.2,Matches
379,Marin Pongračić,hr CRO,DF,Fiorentina,28-103,1997,14.0,0,5,0,0.0,0.36,0.00,0.00,,15.2,0,0,0,0.2,0.2,0.05,-0.2,-0.2,Matches
380,Stefan Posch,at AUT,"DF,MF",Como,28-223,1997,3.5,1,6,3,50.0,1.71,0.86,0.17,0.33,16.0,0,0,0,0.4,0.4,0.07,+0.6,+0.6,Matches
381,Matteo Prati,it ITA,MF,Cagliari,21-360,2003,10.8,0,14,0,0.0,1.30,0.00,0.00,,23.0,0,0,0,0.6,0.6,0.04,-0.6,-0.6,Matches
382,Ivan Provedel,it ITA,GK,Lazio,31-281,1994,16.0,0,0,0,,0.00,0.00,,,,0,0,0,0.0,0.0,,0.0,0.0,Matches
383,Christian Pulisic,us USA,FW,Milan,27-096,1998,5.8,7,14,10,71.4,2.43,1.74,0.50,0.70,15.0,0,0,1,3.5,2.7,0.19,+3.5,+4.3,Matches
384,Adrien Rabiot,fr FRA,MF,Milan,30-264,1995,8.0,1,9,2,22.2,1.13,0.25,0.11,0.50,20.0,0,0,0,0.9,0.9,0.10,+0.1,+0.1,Matches
385,Ylber Ramadani,al ALB,MF,Lecce,29-255,1996,14.5,0,9,1,11.1,0.62,0.07,0.00,0.00,25.9,0,0,0,0.3,0.3,0.04,-0.3,-0.3,Matches
386,Jacobo Ramón,es ESP,DF,Como,20-351,2005,12.0,1,15,2,13.3,1.25,0.17,0.07,0.50,14.7,0,0,0,0.7,0.7,0.05,+0.3,+0.3,Matches
387,Luca Ranieri,it ITA,DF,Fiorentina,26-244,1999,13.3,1,9,2,22.2,0.68,0.15,0.11,0.50,12.0,0,0,0,1.3,1.3,0.14,-0.3,-0.3,Matches
388,Federico Ravaglia,it ITA,GK,Bologna,26-042,1999,5.0,0,0,0,,0.00,0.00,,,,0,0,0,0.0,0.0,,0.0,0.0,Matches
389,Devyne Rensch,nl NED,DF,Roma,22-339,2003,3.9,0,2,1,50.0,0.51,0.26,0.00,0.00,10.1,0,0,0,0.2,0.2,0.09,-0.2,-0.2,Matches
390,Samuele Ricci,it ITA,MF,Milan,24-124,2001,6.6,1,10,5,50.0,1.52,0.76,0.10,0.20,20.1,0,0,0,1.5,1.5,0.15,-0.5,-0.5,Matches
391,Amir Richardson,ma MAR,MF,Fiorentina,23-333,2002,0.5,0,1,0,0.0,2.14,0.00,0.00,,17.5,0,0,0,0.0,0.0,0.02,0.0,0.0,Matches
392,Sergi Roberto,es ESP,MF,Como,33-319,1992,2.0,0,5,1,20.0,2.45,0.49,0.00,0.00,19.3,0,0,0,0.4,0.4,0.07,-0.4,-0.4,Matches
393,Jesus Rodríguez,es ESP,FW,Como,20-032,2005,8.0,0,17,5,29.4,2.13,0.63,0.00,0.00,18.3,0,0,0,1.4,1.4,0.08,-1.4,-1.4,Matches
394,Juan Rodríguez,uy URU,DF,Cagliari,20-207,2005,2.7,0,0,0,,0.00,0.00,,,,0,0,0,0.0,0.0,,0.0,0.0,Matches
395,Filippo Romagna,it ITA,DF,Sassuolo,28-211,1997,2.2,0,1,0,0.0,0.45,0.00,0.00,,24.9,0,0,0,0.0,0.0,0.03,0.0,0.0,Matches
396,Alessio Romagnoli,it ITA,DF,Lazio,30-345,1995,13.3,0,2,0,0.0,0.15,0.00,0.00,,12.0,0,0,0,0.1,0.1,0.04,-0.1,-0.1,Matches
397,Marten de Roon,nl NED,"MF,DF",Atalanta,34-269,1991,11.0,0,10,3,30.0,0.91,0.27,0.00,0.00,20.7,0,0,0,0.6,0.6,0.06,-0.6,-0.6,Matches
398,Nicolò Rovella,it ITA,MF,Lazio,24-019,2001,2.2,0,1,0,0.0,0.45,0.00,0.00,,30.2,0,0,0,0.0,0.0,0.03,0.0,0.0,Matches
399,Jonathan Rowe,eng ENG,FW,Bologna,22-237,2003,3.3,0,9,2,22.2,2.76,0.61,0.00,0.00,20.7,0,0,0,1.5,1.5,0.17,-1.5,-1.5,Matches
400,Amir Rrahmani,xk KVX,DF,Napoli,31-302,1994,7.7,0,4,0,0.0,0.52,0.00,0.00,,10.2,0,0,0,0.3,0.3,0.07,-0.3,-0.3,Matches
401,Daniele Rugani,it ITA,DF,Juventus,31-147,1994,2.8,0,0,0,,0.00,0.00,,,,0,0,0,0.0,0.0,,0.0,0.0,Matches
402,Stefano Sabelli,it ITA,DF,Genoa,32-344,1993,2.9,0,0,0,,0.00,0.00,,,,0,0,0,0.0,0.0,,0.0,0.0,Matches
403,Abdelhamid Sabiri,ma MAR,MF,Fiorentina,29-025,1996,0.3,0,1,0,0.0,3.33,0.00,0.00,,32.8,0,0,0,0.0,0.0,0.01,0.0,0.0,Matches
404,Alexis Saelemaekers,be BEL,"DF,FW",Milan,26-179,1999,14.5,2,22,6,27.3,1.52,0.41,0.09,0.33,18.8,0,0,0,2.0,2.0,0.09,0.0,0.0,Matches
405,Álex Sala,es ESP,MF,Lecce,24-258,2001,1.4,0,3,1,33.3,2.20,0.73,0.00,0.00,23.2,0,0,0,0.1,0.1,0.05,-0.1,-0.1,Matches
406,Lazar Samardzic,rs SRB,MF,Atalanta,23-302,2002,6.0,1,9,3,33.3,1.50,0.50,0.11,0.33,20.4,0,0,0,0.8,0.8,0.09,+0.2,+0.2,Matches
407,Antonio Sanabria,py PAR,FW,Cremonese,29-294,1996,5.1,1,6,3,50.0,1.17,0.59,0.17,0.33,9.1,0,0,0,1.7,1.7,0.28,-0.7,-0.7,Matches
408,Yellu Santiago,es ESP,MF,Hellas Verona,21-212,2004,0.1,0,2,1,50.0,30.00,15.00,0.00,0.00,32.7,0,0,0,0.0,0.0,0.01,0.0,0.0,Matches
409,Jeremy Sarmiento,ec ECU,"MF,FW",Cremonese,23-190,2002,1.6,0,2,2,100.0,1.27,1.27,0.00,0.00,31.3,0,0,0,0.1,0.1,0.04,-0.1,-0.1,Matches
410,Amin Sarr,se SWE,FW,Hellas Verona,24-287,2001,4.3,0,6,2,33.3,1.39,0.46,0.00,0.00,16.8,0,0,0,0.5,0.5,0.08,-0.5,-0.5,Matches
411,Razvan Sava,ro ROU,GK,Udinese,23-185,2002,6.9,0,0,0,,0.00,0.00,,,,0,0,0,0.0,0.0,,0.0,0.0,Matches
412,Giorgio Scalvini,it ITA,DF,Atalanta,22-012,2003,3.2,1,2,1,50.0,0.62,0.31,0.50,1.00,12.4,0,0,0,0.3,0.3,0.14,+0.7,+0.7,Matches
413,Gianluca Scamacca,it ITA,FW,Atalanta,26-356,1999,6.7,5,30,11,36.7,4.47,1.64,0.13,0.36,17.2,3,1,1,3.6,2.9,0.10,+1.4,+1.1,Matches
414,Simone Scuffet,it ITA,GK,Pisa,29-206,1996,2.0,0,0,0,,0.00,0.00,,,,0,0,0,0.0,0.0,,0.0,0.0,Matches
415,Adrian Šemper,hr CRO,GK,Pisa,27-345,1998,14.0,0,0,0,,0.00,0.00,,,,0,0,0,0.0,0.0,,0.0,0.0,Matches
416,Suat Serdar,de GER,MF,Hellas Verona,28-256,1997,8.6,2,17,5,29.4,1.98,0.58,0.12,0.40,18.3,0,0,0,2.1,2.1,0.12,-0.1,-0.1,Matches
417,Stephan El Shaarawy,it ITA,"MF,FW",Roma,33-057,1992,2.4,0,6,3,50.0,2.47,1.23,0.00,0.00,20.7,0,0,0,0.3,0.3,0.05,-0.3,-0.3,Matches
418,Jamil Siebert,de GER,DF,Lecce,23-265,2002,0.9,0,0,0,,0.00,0.00,,,,0,0,0,0.0,0.0,,0.0,0.0,Matches
419,Marco Silvestri,it ITA,GK,Cremonese,34-296,1991,4.0,0,0,0,,0.00,0.00,,,,0,0,0,0.0,0.0,,0.0,0.0,Matches
420,Giovanni Simeone,ar ARG,FW,Torino,30-171,1995,9.0,4,30,11,36.7,3.33,1.22,0.13,0.36,17.6,0,0,0,3.3,3.3,0.11,+0.7,+0.7,Matches
421,Leo Skiri Østigård,no NOR,DF,Genoa,26-025,1999,10.5,3,11,6,54.5,1.05,0.57,0.27,0.50,9.1,0,0,0,2.1,2.1,0.20,+0.9,+0.9,Matches
422,Łukasz Skorupski,pl POL,GK,Bologna,34-232,1991,9.1,0,0,0,,0.00,0.00,,,,0,0,0,0.0,0.0,,0.0,0.0,Matches
423,Ivan Smolčić,hr CRO,DF,Como,25-128,2000,8.1,0,4,0,0.0,0.49,0.00,0.00,,11.7,0,0,0,0.4,0.4,0.10,-0.4,-0.4,Matches
424,Simon Sohm,ch SUI,MF,Fiorentina,24-256,2001,7.5,0,5,0,0.0,0.67,0.00,0.00,,18.5,0,0,0,0.2,0.2,0.05,-0.2,-0.2,Matches
425,Oumar Solet,fr FRA,DF,Udinese,25-319,2000,15.7,1,18,2,11.1,1.15,0.13,0.06,0.50,20.7,0,0,0,1.0,1.0,0.06,0.0,0.0,Matches
426,Daniele Sommariva,it ITA,GK,Genoa,28-158,1997,1.0,0,0,0,,0.00,0.00,,,,0,0,0,0.0,0.0,,0.0,0.0,Matches
427,Yann Sommer,ch SUI,GK,Inter,37-006,1988,13.0,0,0,0,,0.00,0.00,,,,0,0,0,0.0,0.0,,0.0,0.0,Matches
428,Riccardo Sottil,it ITA,"FW,MF",Lecce,26-203,1999,5.2,1,7,2,28.6,1.35,0.39,0.14,0.50,25.4,1,0,0,0.2,0.2,0.02,+0.8,+0.8,Matches
429,Matìas Soulé,ar ARG,"MF,FW",Roma,22-252,2003,12.5,4,29,10,34.5,2.32,0.80,0.14,0.40,20.6,3,0,0,2.2,2.2,0.07,+1.8,+1.8,Matches
430,Leonardo Spinazzola,it ITA,"DF,MF",Napoli,32-273,1993,7.1,1,7,4,57.1,0.99,0.57,0.14,0.25,24.3,0,0,0,0.2,0.2,0.03,+0.8,+0.8,Matches
431,Nicolae Stanciu,ro ROU,"MF,FW",Genoa,32-230,1993,1.9,0,4,0,0.0,2.09,0.00,0.00,,18.1,1,0,0,0.4,0.4,0.11,-0.4,-0.4,Matches
432,Calvin Stengs,nl NED,MF,Pisa,27-005,1998,0.1,0,2,1,50.0,13.85,6.92,0.00,0.00,23.7,0,0,0,0.1,0.1,0.04,-0.1,-0.1,Matches
433,Nikola Štulić,rs SRB,FW,Lecce,24-106,2001,9.7,1,15,4,26.7,1.55,0.41,0.07,0.25,15.8,0,0,0,1.7,1.7,0.11,-0.7,-0.7,Matches
434,Petar Sucic,hr CRO,MF,Inter,22-059,2003,8.4,1,9,3,33.3,1.08,0.36,0.11,0.33,20.4,0,0,0,0.6,0.6,0.06,+0.4,+0.4,Matches
435,Ibrahim Sulemana,gh GHA,MF,Bologna,22-215,2003,0.4,0,0,0,,0.00,0.00,,,,0,0,0,0.0,0.0,,0.0,0.0,Matches
436,Kamaldeen Sulemana,gh GHA,MF,Atalanta,23-311,2002,5.8,2,8,3,37.5,1.38,0.52,0.25,0.67,15.0,0,0,0,0.9,0.9,0.11,+1.1,+1.1,Matches
437,Zion Suzuki,jp JPN,GK,Parma,23-124,2002,11.0,0,0,0,,0.00,0.00,,,,0,0,0,0.0,0.0,,0.0,0.0,Matches
438,Mile Svilar,rs SRB,GK,Roma,26-118,1999,16.0,0,0,0,,0.00,0.00,,,,0,0,0,0.0,0.0,,0.0,0.0,Matches
439,Adrien Tameze,cm CMR,"DF,MF",Torino,31-322,1994,8.5,0,3,0,0.0,0.35,0.00,0.00,,18.0,0,0,0,0.2,0.2,0.05,-0.2,-0.2,Matches
440,Nuno Tavares,pt POR,DF,Lazio,25-331,2000,5.7,0,7,0,0.0,1.23,0.00,0.00,,23.0,1,0,0,0.2,0.2,0.03,-0.2,-0.2,Matches
441,Filippo Terracciano,it ITA,DF,Cremonese,22-318,2003,14.9,2,12,3,25.0,0.81,0.20,0.17,0.67,11.9,0,0,0,1.9,1.9,0.16,+0.1,+0.1,Matches
442,Pietro Terracciano,it ITA,GK,Milan,35-290,1990,1.4,0,0,0,,0.00,0.00,,,,0,0,0,0.0,0.0,,0.0,0.0,Matches
443,Morten Thorsby,no NOR,MF,Genoa,29-232,1996,6.5,2,9,3,33.3,1.38,0.46,0.22,0.67,11.5,0,0,0,1.4,1.4,0.16,+0.6,+0.6,Matches
444,Kristian Thorstvedt,no NOR,MF,Sassuolo,26-285,1999,9.6,1,16,4,25.0,1.67,0.42,0.06,0.25,13.3,0,0,0,2.1,2.1,0.13,-1.1,-1.1,Matches
445,Khéphren Thuram,fr FRA,MF,Juventus,24-272,2001,12.0,1,21,8,38.1,1.75,0.66,0.05,0.13,18.9,0,0,0,1.1,1.1,0.05,-0.1,-0.1,Matches
446,Marcus Thuram,fr FRA,FW,Inter,28-139,1997,7.1,4,27,10,37.0,3.79,1.40,0.15,0.40,11.6,0,0,0,3.1,3.1,0.12,+0.9,+0.9,Matches
447,Fikayo Tomori,eng ENG,DF,Milan,28-004,1997,11.6,0,6,1,16.7,0.52,0.09,0.00,0.00,15.5,0,0,0,0.4,0.4,0.07,-0.4,-0.4,Matches
448,Idrissa Touré,de GER,DF,Pisa,27-238,1998,13.0,1,16,4,25.0,1.23,0.31,0.06,0.25,11.0,0,0,0,1.5,1.5,0.09,-0.5,-0.5,Matches
449,Mattéo Tramoni,fr FRA,"MF,FW",Pisa,25-337,2000,8.0,1,15,4,26.7,1.87,0.50,0.00,0.00,20.1,0,1,1,2.4,1.6,0.11,-1.4,-1.6,Matches
450,Mariano Troilo,ar ARG,DF,Parma,22-184,2003,2.7,0,2,0,0.0,0.73,0.00,0.00,,23.8,0,0,0,0.1,0.1,0.03,-0.1,-0.1,Matches
451,Kostas Tsimikas,gr GRE,DF,Roma,29-225,1996,2.7,0,1,0,0.0,0.37,0.00,0.00,,21.2,0,0,0,0.0,0.0,0.04,0.0,0.0,Matches
452,Stefano Turati,it ITA,GK,Sassuolo,24-109,2001,1.0,0,0,0,,0.00,0.00,,,,0,0,0,0.0,0.0,,0.0,0.0,Matches
453,Lautaro Valenti,ar ARG,DF,Parma,26-343,1999,10.5,0,7,2,28.6,0.66,0.19,0.00,0.00,27.9,1,0,0,0.1,0.1,0.02,-0.1,-0.1,Matches
454,Nicolás Valentini,ar ARG,DF,Hellas Verona,24-261,2001,4.9,0,4,2,50.0,0.81,0.41,0.00,0.00,19.9,0,0,0,0.1,0.1,0.02,-0.1,-0.1,Matches
455,Emanuele Valeri,it ITA,DF,Parma,27-016,1998,8.6,0,9,1,11.1,1.05,0.12,0.00,0.00,28.7,2,0,0,0.3,0.3,0.03,-0.3,-0.3,Matches
456,Álex Valle,es ESP,DF,Como,21-242,2004,11.4,0,6,0,0.0,0.53,0.00,0.00,,15.9,0,0,0,0.6,0.6,0.11,-0.6,-0.6,Matches
457,Ignace Van Der Brempt,be BEL,DF,Como,23-266,2002,1.2,0,0,0,,0.00,0.00,,,,0,0,0,0.0,0.0,,0.0,0.0,Matches
458,Jari Vandeputte,be BEL,MF,Cremonese,29-312,1996,11.8,0,10,4,40.0,0.85,0.34,0.00,0.00,21.6,3,0,0,0.7,0.7,0.08,-0.7,-0.7,Matches
459,Jamie Vardy,eng ENG,FW,Cremonese,38-346,1987,10.7,4,11,6,54.5,1.03,0.56,0.36,0.67,12.2,0,0,0,2.5,2.5,0.23,+1.5,+1.5,Matches
460,Johan Vásquez,mx MEX,DF,Genoa,27-062,1998,16.0,0,16,4,25.0,1.00,0.25,0.00,0.00,17.5,0,0,0,0.6,0.5,0.03,-0.6,-0.5,Matches
461,Franco Vázquez,ar ARG,"FW,MF",Cremonese,36-304,1989,5.1,1,12,4,33.3,2.35,0.78,0.08,0.25,21.0,1,0,0,1.4,1.4,0.12,-0.4,-0.4,Matches
462,Matías Vecino,uy URU,MF,Lazio,34-121,1991,3.3,0,2,0,0.0,0.60,0.00,0.00,,23.7,0,0,0,0.1,0.1,0.06,-0.1,-0.1,Matches
463,Danilo Veiga,pt POR,DF,Lecce,23-089,2002,12.5,0,2,1,50.0,0.16,0.08,0.00,0.00,9.6,0,0,0,0.1,0.1,0.05,-0.1,-0.1,Matches
464,Lorenzo Venturino,it ITA,"FW,MF",Genoa,19-184,2006,0.4,0,1,1,100.0,2.25,2.25,0.00,0.00,31.2,0,0,0,0.0,0.0,0.01,0.0,0.0,Matches
465,Antonio Vergara,it ITA,"FW,MF",Napoli,22-341,2003,0.1,0,0,0,,0.00,0.00,,,,0,0,0,0.0,0.0,,0.0,0.0,Matches
466,Mattia Viti,it ITA,DF,Fiorentina,23-333,2002,2.4,0,0,0,,0.00,0.00,,,,0,0,0,0.0,0.0,,0.0,0.0,Matches
467,Martin Vitík,cz CZE,DF,Bologna,22-336,2003,4.0,0,2,0,0.0,0.50,0.00,0.00,,7.1,0,0,0,0.1,0.1,0.06,-0.1,-0.1,Matches
468,Vitinha,pt POR,"FW,MF",Genoa,25-283,2000,9.2,2,21,7,33.3,2.28,0.76,0.10,0.29,17.2,0,0,0,2.1,2.1,0.10,-0.1,-0.1,Matches
469,Dušan Vlahović,rs SRB,FW,Juventus,25-329,2000,7.6,3,29,10,34.5,3.84,1.32,0.07,0.20,16.3,2,1,1,4.0,3.3,0.11,-1.0,-1.3,Matches
470,Nikola Vlašić,hr CRO,"MF,FW",Torino,28-080,1997,13.0,4,13,4,30.8,1.00,0.31,0.08,0.25,21.3,0,3,3,3.3,0.9,0.07,+0.7,+0.1,Matches
471,Mërgim Vojvoda,xk KVX,"FW,DF",Como,30-325,1995,7.0,1,10,5,50.0,1.42,0.71,0.10,0.20,17.8,0,0,0,0.8,0.8,0.08,+0.2,+0.2,Matches
472,Cristian Volpato,it ITA,"FW,MF",Sassuolo,22-038,2003,6.1,1,9,3,33.3,1.47,0.49,0.11,0.33,18.1,0,0,0,0.9,0.9,0.10,+0.1,+0.1,Matches
473,Aster Vranckx,be BEL,MF,Sassuolo,23-080,2002,5.6,0,2,0,0.0,0.36,0.00,0.00,,27.0,0,0,0,0.0,0.0,0.02,0.0,0.0,Matches
474,Stefan de Vrij,nl NED,DF,Inter,33-321,1992,2.0,0,1,0,0.0,0.50,0.00,0.00,,9.5,0,0,0,0.1,0.1,0.10,-0.1,-0.1,Matches
475,İsak Vural,tr TUR,MF,Pisa,19-209,2006,4.1,0,2,0,0.0,0.49,0.00,0.00,,11.2,0,0,0,0.1,0.1,0.05,-0.1,-0.1,Matches
476,Sebastian Walukiewicz,pl POL,DF,Sassuolo,25-262,2000,13.7,0,3,0,0.0,0.22,0.00,0.00,,25.8,0,0,0,0.1,0.1,0.02,-0.1,-0.1,Matches
477,Wesley,br BRA,DF,Roma,22-108,2003,13.2,3,16,8,50.0,1.21,0.61,0.19,0.38,17.6,0,0,0,1.2,1.2,0.08,+1.8,+1.8,Matches
478,Kenan Yıldız,tr TUR,"MF,FW",Juventus,20-233,2005,13.9,5,35,14,40.0,2.53,1.01,0.11,0.29,19.1,0,1,1,3.4,2.7,0.08,+1.6,+1.3,Matches
479,Mattia Zaccagni,it ITA,FW,Lazio,30-190,1995,13.0,3,21,8,38.1,1.61,0.61,0.14,0.38,13.2,0,0,0,2.4,2.4,0.11,+0.6,+0.6,Matches
480,Nicola Zalewski,pl POL,DF,Atalanta,23-334,2002,6.1,1,10,4,40.0,1.63,0.65,0.10,0.25,21.1,1,0,0,0.7,0.7,0.07,+0.3,+0.3,Matches
481,Andre-Frank Zambo Anguissa,cm CMR,MF,Napoli,30-037,1995,10.4,4,19,8,42.1,1.83,0.77,0.21,0.50,13.5,0,0,0,2.3,2.3,0.12,+1.7,+1.7,Matches
482,Nicolò Zaniolo,it ITA,FW,Udinese,26-174,1999,10.2,4,33,10,30.3,3.22,0.98,0.12,0.40,21.2,2,0,0,2.8,2.8,0.08,+1.2,+1.2,Matches
483,Alessandro Zanoli,it ITA,DF,Udinese,25-081,2000,9.4,0,0,0,,0.00,0.00,,,,0,0,0,0.0,0.0,,0.0,0.0,Matches
484,Duván Zapata,co COL,FW,Torino,34-266,1991,4.5,1,9,3,33.3,1.99,0.66,0.11,0.33,17.2,0,0,1,1.4,0.6,0.07,-0.4,+0.4,Matches
485,Gabriele Zappa,it ITA,DF,Cagliari,26-001,1999,10.5,0,3,0,0.0,0.29,0.00,0.00,,15.5,0,0,0,0.1,0.1,0.04,-0.1,-0.1,Matches
486,Davide Zappacosta,it ITA,DF,Atalanta,33-195,1992,10.9,0,17,3,17.6,1.56,0.28,0.00,0.00,19.6,0,0,0,0.7,0.7,0.04,-0.7,-0.7,Matches
487,Oier Zarraga,es ESP,MF,Udinese,26-353,1999,2.1,0,2,0,0.0,0.94,0.00,0.00,,19.6,0,0,0,0.1,0.1,0.06,-0.1,-0.1,Matches
488,Jordan Zemura,zw ZIM,DF,Udinese,26-039,1999,5.5,0,2,0,0.0,0.36,0.00,0.00,,24.0,1,0,0,0.1,0.1,0.07,-0.1,-0.1,Matches
489,Alessio Zerbin,it ITA,"DF,MF",Cremonese,26-295,1999,6.8,0,7,2,28.6,1.03,0.29,0.00,0.00,17.4,0,0,0,0.5,0.5,0.07,-0.5,-0.5,Matches
490,Edon Zhegrova,xk KVX,MF,Juventus,26-267,1999,1.1,0,5,2,40.0,4.50,1.80,0.00,0.00,21.8,0,0,0,0.2,0.2,0.04,-0.2,-0.2,Matches
491,Piotr Zieliński,pl POL,MF,Inter,31-217,1994,4.7,1,8,2,25.0,1.69,0.42,0.13,0.50,24.3,0,0,0,0.3,0.3,0.04,+0.7,+0.7,Matches
492,Jan Ziółkowski,pl POL,DF,Roma,20-201,2005,2.2,0,0,0,,0.00,0.00,,,,0,0,0,0.0,0.0,,0.0,0.0,Matches
493,Nadir Zortea,it ITA,DF,Bologna,26-187,1999,7.5,0,7,1,14.3,0.93,0.13,0.00,0.00,22.8,1,0,0,0.3,0.3,0.04,-0.3,-0.3,Matches
494,Milan Đurić,ba BIH,FW,Parma,35-215,1990,0.6,0,4,0,0.0,6.21,0.00,0.00,,9.9,0,0,0,0.2,0.2,0.05,-0.2,-0.2,Matches
