Player,Nation,Pos,Squad,Age,Born,90s,Tackles_Tkl,Tackles_TklW,Tackles_Def 3rd,Tackles_Mid 3rd,Tackles_Att 3rd,Challenges_Tkl,Challenges_Att,Challenges_Tkl%,Challenges_Lost,Blocks_Blocks,Blocks_Sh,Blocks_Pass,Int,Tkl+Int,Clr,Err
Keyliane Abdallah,FRA,FW,Marseille,18.0,2006.0,0.0,1,1,1,0,0,1,1,100.0,0,0,0,0,0,1,0,0
Yunis Abdelhamid,MAR,DF,Saint-Étienne,36.0,1987.0,11.5,17,11,15,2,0,10,16,62.5,6,26,18,8,14,31,57,1
Himad Abdelli,ALG,"MF,FW",Angers,24.0,1999.0,31.6,48,32,13,20,15,15,48,31.3,33,24,1,23,26,74,28,2
Mohamed Abdelmoneim,EGY,DF,Nice,25.0,1999.0,9.5,21,14,12,6,3,13,22,59.1,9,11,5,6,15,36,56,1
Ali Abdi,TUN,"DF,MF",Nice,30.0,1993.0,15.5,43,25,18,14,11,28,43,65.1,15,20,6,14,20,63,37,0
Matthis Abline,FRA,FW,Nantes,21.0,2003.0,30.8,11,5,2,4,5,3,9,33.3,6,15,1,14,4,15,36,1
Abner,BRA,DF,Lyon,24.0,2000.0,12.1,29,20,12,10,7,21,32,65.6,11,15,2,13,5,34,41,0
Zakaria Aboukhlal,MAR,"MF,FW",Toulouse,24.0,2000.0,21.1,22,13,7,8,7,4,23,17.4,19,16,1,15,6,28,9,0
Martin Adeline,FRA,MF,Reims,20.0,2003.0,0.3,1,1,0,1,0,1,2,50.0,1,0,0,0,0,1,2,0
Adryelson,BRA,DF,Lyon,26.0,1998.0,0.0,0,0,0,0,0,0,0,,0,0,0,0,1,1,1,0
Emmanuel Agbadou,CIV,DF,Reims,27.0,1997.0,14.0,25,17,19,3,3,19,26,73.1,7,22,13,9,19,44,64,1
Jeremy Agbonifo,SWE,"FW,MF",Lens,18.0,2005.0,3.3,7,6,6,0,1,3,7,42.9,4,2,1,1,1,8,0,1
Ruben Aguilar,FRA,"DF,MF",Lens,31.0,1993.0,12.5,34,18,17,12,5,24,39,61.5,15,25,3,22,13,47,23,0
Naouirou Ahamada,FRA,"MF,FW",Rennes,22.0,2002.0,0.6,0,0,0,0,0,0,0,,0,0,0,0,2,2,2,0
Jean-Eudes Aholou,CIV,MF,Angers,30.0,1994.0,21.8,56,36,26,20,10,22,48,45.8,26,34,14,20,33,89,32,0
Ayman Aiki,FRA,"FW,MF",Saint-Étienne,19.0,2005.0,1.4,3,3,1,2,0,1,1,100.0,0,1,0,1,1,4,0,0
Ludovic Ajorque,FRA,FW,Brest,30.0,1994.0,27.7,26,19,3,12,11,10,32,31.3,22,20,5,15,6,32,26,0
Ümit Akdag,ROU,DF,Toulouse,20.0,2003.0,5.6,8,4,3,4,1,5,12,41.7,7,10,8,2,11,19,19,0
Sergio Akieme,ESP,DF,Reims,26.0,1997.0,28.0,34,23,30,3,1,22,36,61.1,14,26,9,17,17,51,97,4
Maghnes Akliouche,FRA,"FW,MF",Monaco,22.0,2002.0,26.7,51,31,12,24,15,19,41,46.3,22,21,0,21,15,66,13,0
Adams Akor,NGA,FW,Montpellier,24.0,2000.0,11.9,4,3,1,2,1,3,4,75.0,1,2,1,1,1,5,5,1
Paul Akouokou,CIV,MF,Lyon,26.0,1997.0,0.2,1,0,0,1,0,0,0,,0,0,0,0,1,2,0,1
Clément Akpa,CIV,DF,Auxerre,22.0,2001.0,27.6,55,34,36,12,7,31,46,67.4,15,38,14,24,42,97,141,2
Chuba Akpom,ENG,FW,Lille,28.0,1995.0,7.1,8,5,0,4,4,2,6,33.3,4,9,0,9,0,8,3,0
Mohamed Ali Cho,FRA,"FW,MF",Nice,20.0,2004.0,18.0,13,9,4,5,4,4,12,33.3,8,17,1,16,5,18,8,0
Jim Allevinah,GAB,FW,Angers,29.0,1995.0,19.4,19,11,6,9,4,5,28,17.9,23,10,0,10,12,31,17,0
Thiago Almada,ARG,"MF,FW",Lyon,23.0,2001.0,10.6,14,8,7,5,2,7,21,33.3,14,2,0,2,7,21,6,3
Jordan Amavi,FRA,DF,Brest,30.0,1994.0,8.8,24,17,10,11,3,15,21,71.4,6,10,2,8,7,31,18,0
Kelvin Amian,FRA,DF,Nantes,26.0,1998.0,24.1,55,31,40,14,1,29,35,82.9,6,18,11,7,13,68,85,0
Michael Amir Murillo,PAN,DF,Marseille,28.0,1996.0,27.1,49,31,30,13,6,32,46,69.6,14,21,8,13,18,67,70,4
Samuel Amo-Ameyaw,ENG,"DF,MF",Strasbourg,18.0,2006.0,3.6,5,3,3,2,0,2,9,22.2,7,3,0,3,3,8,2,0
Mathis Amougou,FRA,MF,Saint-Étienne,18.0,2006.0,9.5,21,15,15,5,1,10,19,52.6,9,10,0,10,12,33,4,0
Benjamin André,FRA,MF,Lille,33.0,1990.0,29.9,103,57,31,60,12,54,96,56.3,42,42,6,36,48,151,56,0
Kyllian Antonio,FRA,"DF,MF",Lens,16.0,2008.0,1.5,3,2,2,0,1,1,3,33.3,2,3,0,3,3,6,3,1
Dennis Appiah,FRA,DF,Saint-Étienne,32.0,1992.0,23.6,71,43,42,22,7,41,71,57.7,30,36,8,28,29,100,89,2
Carlens Arcus,HAI,DF,Angers,28.0,1996.0,22.7,52,35,32,15,5,34,56,60.7,22,24,4,20,27,79,83,3
Hákon Arnar Haraldsson,ISL,"MF,FW",Lille,21.0,2003.0,19.5,36,16,9,17,10,16,33,48.5,17,10,2,8,8,44,6,0
Marco Asensio,ESP,"FW,MF",Paris S-G,28.0,1996.0,6.9,4,3,1,3,0,0,6,0.0,6,1,0,1,0,4,1,0
Lorenz Assignon,TOG,"DF,MF",Rennes,24.0,2000.0,26.2,49,27,25,22,2,19,43,44.2,24,20,3,17,25,74,74,0
Dehmaine Assoumani,FRA,"MF,FW",Nantes,19.0,2005.0,1.1,6,3,0,4,2,4,5,80.0,1,1,0,1,1,7,4,0
Valentin Atangana Edoa,FRA,MF,Reims,18.0,2005.0,31.7,69,50,32,30,7,28,38,73.7,10,31,15,16,37,106,64,0
Florian Ayé,FRA,FW,Auxerre,27.0,1997.0,6.4,2,2,0,0,2,0,2,0.0,2,7,0,7,7,9,6,0
André Ayew,GHA,FW,Le Havre,34.0,1989.0,16.1,18,10,3,7,8,7,13,53.8,6,9,2,7,3,21,21,1
Neil El Aynaoui,MAR,MF,Lens,23.0,2001.0,17.6,39,21,18,15,6,12,34,35.3,22,34,8,26,30,69,29,0
Shavy Babicka,GAB,"MF,FW",Toulouse,24.0,2000.0,13.2,21,12,6,11,4,10,21,47.6,11,14,0,14,3,24,4,3
Theo Bair,CAN,FW,Auxerre,24.0,1999.0,10.4,4,3,1,2,1,0,2,0.0,2,6,2,4,3,7,10,0
Mitchel Bakker,NED,"FW,DF",Lille,24.0,2000.0,12.7,23,13,6,11,6,10,19,52.6,9,10,1,9,12,35,15,0
Darryl Bakola,FRA,"DF,MF",Marseille,16.0,2007.0,0.2,1,1,0,1,0,0,0,,0,0,0,0,0,1,0,0
Dilane Bakwa,FRA,"MF,DF",Strasbourg,21.0,2002.0,27.7,26,14,11,8,7,12,24,50.0,12,21,1,20,15,41,27,0
Leonardo Balerdi,ARG,DF,Marseille,25.0,1999.0,25.3,54,39,32,17,5,27,47,57.4,20,25,14,11,38,92,72,4
Fodé Ballo-Touré,SEN,"DF,MF",Le Havre,27.0,1997.0,6.5,8,7,3,4,1,5,9,55.6,4,8,3,5,4,12,27,0
Folarin Balogun,USA,FW,Monaco,23.0,2001.0,6.8,1,1,0,0,1,0,4,0.0,4,0,0,0,1,2,0,0
Abdoulaye Bamba,CIV,DF,Angers,34.0,1990.0,16.8,22,12,17,4,1,14,19,73.7,5,14,8,6,19,41,79,0
Mohamed Bamba,CIV,MF,Reims,19.0,2004.0,0.1,0,0,0,0,0,0,1,0.0,1,2,1,1,0,0,1,0
Valentín Barco,ARG,"MF,DF",Strasbourg,20.0,2004.0,12.9,36,22,24,10,2,22,30,73.3,8,8,3,5,13,49,28,1
Bradley Barcola,FRA,FW,Paris S-G,21.0,2002.0,24.2,27,17,10,8,9,8,31,25.8,23,25,2,23,19,46,12,0
Melvin Bard,FRA,"DF,MF",Nice,23.0,2000.0,21.5,53,36,35,13,5,24,42,57.1,18,38,13,25,29,82,60,3
Gabriel Bares,SUI,"MF,DF",Montpellier,23.0,2000.0,0.6,2,2,2,0,0,1,2,50.0,1,0,0,0,1,3,3,0
Téo Barisic,CRO,DF,Lyon,19.0,2004.0,0.0,0,0,0,0,0,0,0,,0,0,0,0,0,0,1,0
Dylan Batubinsika,COD,DF,Saint-Étienne,28.0,1996.0,22.4,26,13,19,6,1,13,22,59.1,9,23,14,9,39,65,140,3
Haris Belkebla,ALG,MF,Angers,30.0,1994.0,19.9,56,38,38,15,3,26,45,57.8,19,30,9,21,35,91,46,1
Yassin Belkhdim,FRA,MF,Angers,22.0,2002.0,16.9,53,27,26,21,6,27,58,46.6,31,23,6,17,21,74,41,1
Eliesse Ben Seghir,MAR,"MF,FW",Monaco,19.0,2005.0,19.4,31,22,12,12,7,18,32,56.3,14,20,0,20,13,44,4,0
Ismaël Bennacer,ALG,MF,Marseille,26.0,1997.0,7.2,21,10,8,12,1,12,18,66.7,6,6,0,6,10,31,2,1
Saïd Benrahma,ALG,"FW,MF",Lyon,28.0,1995.0,8.2,9,5,4,4,1,3,10,30.0,7,6,0,6,3,12,2,0
Nabil Bentaleb,ALG,MF,Lille,29.0,1994.0,3.7,4,3,2,0,2,3,7,42.9,4,5,0,5,5,9,7,2
Lucas Beraldo,BRA,DF,Paris S-G,20.0,2003.0,22.3,38,31,30,8,0,23,37,62.2,14,16,8,8,21,59,63,3
Maxime Bernauer,FRA,DF,Saint-Étienne,26.0,1998.0,8.5,9,9,5,2,2,5,8,62.5,3,7,3,4,5,14,44,1
Dimitry Bertaud,COD,GK,Montpellier,26.0,1998.0,4.0,0,0,0,0,0,0,0,,0,0,0,0,0,0,2,0
Mika Biereth,DEN,FW,Monaco,21.0,2003.0,13.6,5,5,0,3,2,3,7,42.9,4,11,0,11,4,9,7,0
Emmanuel Biumla,FRA,DF,Angers,19.0,2005.0,14.8,19,12,14,5,0,12,18,66.7,6,18,8,10,8,27,84,1
Marco Bizot,NED,GK,Brest,33.0,1991.0,32.0,2,1,2,0,0,1,2,50.0,1,0,0,0,0,2,33,0
Ludovic Blas,FRA,"MF,FW",Rennes,26.0,1997.0,25.5,38,25,9,12,17,23,42,54.8,19,16,2,14,13,51,11,0
Augustine Boakye,GHA,"FW,MF",Saint-Étienne,23.0,2000.0,8.1,7,3,3,4,0,3,11,27.3,8,5,0,5,6,13,4,0
Mathéo Bodmer,FRA,MF,Le Havre,20.0,2004.0,0.1,0,0,0,0,0,0,0,,0,0,0,0,0,0,1,0
Jeremie Boga,CIV,"MF,FW",Nice,27.0,1997.0,11.7,10,5,2,5,3,4,8,50.0,4,13,0,13,3,13,2,1
Moïse Bombito,CAN,DF,Nice,24.0,2000.0,24.4,37,25,22,12,3,24,35,68.6,11,35,19,16,18,55,121,7
Saïmon Bouabré,FRA,"MF,FW",Monaco,18.0,2006.0,1.1,1,0,0,1,0,0,3,0.0,3,1,0,1,0,1,0,0
Ayyoub Bouaddi,FRA,MF,Lille,16.0,2007.0,12.8,50,31,21,21,8,19,32,59.4,13,12,3,9,10,60,12,1
Badredine Bouanani,ALG,"MF,FW",Nice,19.0,2004.0,12.2,11,4,4,4,3,6,18,33.3,12,16,3,13,11,22,4,0
Benjamin Bouchouari,MAR,MF,Saint-Étienne,22.0,2001.0,19.7,33,27,15,13,5,16,46,34.8,30,21,1,20,17,50,15,2
Hicham Boudaoui,ALG,MF,Nice,24.0,1999.0,27.1,76,52,28,37,11,31,53,58.5,22,40,11,29,22,98,45,1
Justin Bourgault,FRA,DF,Brest,18.0,2005.0,1.4,2,1,1,1,0,0,0,,0,0,0,0,0,2,1,0
Benjamin Bourigeaud,FRA,MF,Rennes,30.0,1994.0,0.9,1,0,0,1,0,0,2,0.0,2,2,1,1,2,3,1,0
Bilal Brahimi,ALG,MF,Nice,24.0,2000.0,0.8,0,0,0,0,0,0,0,,0,1,0,1,0,0,2,0
Lilian Brassier,FRA,DF,Marseille,24.0,1999.0,8.7,8,6,8,0,0,5,6,83.3,1,8,3,5,9,17,28,2
Lilian Brassier,FRA,DF,Rennes,24.0,1999.0,13.7,15,12,11,4,0,9,11,81.8,2,17,10,7,22,37,62,1
Anthony Briançon,FRA,DF,Saint-Étienne,29.0,1994.0,0.0,0,0,0,0,0,0,0,,0,0,0,0,0,0,0,0
Aurélio Buta,POR,DF,Reims,27.0,1997.0,21.9,37,24,22,11,4,21,42,50.0,21,19,5,14,22,59,59,0
Marcin Bułka,POL,GK,Nice,24.0,1999.0,34.0,0,0,0,0,0,0,1,0.0,1,0,0,0,0,0,16,6
Rémy Cabella,FRA,"FW,MF",Lille,34.0,1990.0,11.2,39,19,16,13,10,19,33,57.6,14,10,1,9,8,47,5,0
Mathieu Cafaro,FRA,"MF,FW",Saint-Étienne,27.0,1997.0,8.1,10,7,4,4,2,4,15,26.7,11,7,1,6,7,17,3,0
Duje Ćaleta-Car,CRO,DF,Lyon,27.0,1996.0,17.6,20,12,11,9,0,10,19,52.6,9,33,25,8,17,37,97,2
Issiaga Camara,GUI,MF,Nice,19.0,2005.0,0.2,2,1,0,2,0,0,1,0.0,1,0,0,0,3,5,0,0
Lamine Camara,SEN,MF,Monaco,20.0,2004.0,22.8,66,41,22,34,10,26,48,54.2,22,30,4,26,31,97,32,1
Mahdi Camara,FRA,"MF,FW",Brest,26.0,1998.0,29.5,71,40,16,38,17,24,46,52.2,22,40,5,35,33,104,29,0
Ousmane Camara,MLI,DF,Angers,21.0,2003.0,2.8,4,3,3,1,0,1,2,50.0,1,1,1,0,0,4,18,0
Axel Camblan,FRA,"MF,FW",Brest,20.0,2003.0,0.3,1,1,0,0,1,1,2,50.0,1,1,0,1,0,1,0,0
Jaydee Canvot,FRA,"DF,MF",Toulouse,18.0,2006.0,12.3,23,11,16,5,2,12,18,66.7,6,10,2,8,11,34,54,1
Pierrick Capelle,FRA,MF,Angers,37.0,1987.0,5.4,24,17,10,9,5,9,18,50.0,9,4,1,3,11,35,5,1
Gabin Capuano,FRA,FW,Lens,18.0,2006.0,0.1,0,0,0,0,0,0,0,,0,0,0,0,0,0,0,0
Maxence Caqueret,FRA,MF,Lyon,24.0,2000.0,6.4,21,11,5,11,5,4,22,18.2,18,12,2,10,7,28,2,0
Simon Cara,FRA,"MF,FW",Montpellier,19.0,2005.0,0.1,0,0,0,0,0,0,0,,0,0,0,0,0,0,0,0
Valentin Carboni,ARG,"MF,FW",Marseille,19.0,2005.0,1.1,2,2,0,1,1,0,1,0.0,1,1,0,1,1,3,1,0
Irvin Cardona,MLT,FW,Saint-Étienne,26.0,1997.0,11.8,6,5,3,3,0,2,14,14.3,12,16,3,13,4,10,6,2
Patrik Carlgren,SWE,GK,Nantes,32.0,1992.0,4.6,0,0,0,0,0,0,0,,0,0,0,0,0,0,0,0
Josué Casimir,HAI,"FW,MF",Le Havre,22.0,2001.0,22.2,37,26,15,15,7,9,18,50.0,9,19,0,19,7,44,35,1
Cristian Cásseres Jr.,VEN,MF,Toulouse,24.0,2000.0,30.0,96,61,41,43,12,46,88,52.3,42,35,9,26,42,138,36,1
Jean-Charles Castelletto,CMR,"DF,MF",Nantes,29.0,1995.0,29.1,34,17,17,15,2,17,27,63.0,10,27,18,9,25,59,151,0
Enzo Caumont,FRA,MF,Angers,20.0,2004.0,0.4,1,1,0,1,0,1,2,50.0,1,1,1,0,1,2,1,0
Fabien Centonze,FRA,DF,Nantes,28.0,1996.0,2.9,8,4,5,2,1,4,6,66.7,2,4,1,3,2,10,17,0
Brendan Chardonnet,FRA,DF,Brest,29.0,1994.0,26.8,45,33,28,14,3,25,40,62.5,15,45,28,17,29,74,169,2
Jhoanner Chávez,ECU,"DF,MF",Lens,22.0,2002.0,6.6,9,5,4,4,1,2,7,28.6,5,10,1,9,6,15,13,0
Théo Chennahi,FRA,DF,Montpellier,19.0,2005.0,2.0,6,3,3,3,0,4,7,57.1,3,3,0,3,2,8,6,0
Sidiki Cherif,FRA,FW,Angers,17.0,2006.0,3.6,5,5,1,3,1,3,4,75.0,1,4,1,3,0,5,0,1
Rayan Cherki,FRA,"FW,MF",Lyon,20.0,2003.0,22.7,15,12,3,8,4,6,28,21.4,22,6,0,6,7,22,6,0
Lucas Chevalier,FRA,GK,Lille,22.0,2001.0,34.0,3,2,3,0,0,3,4,75.0,1,0,0,0,0,3,13,4
Pedro Chirivella,ESP,MF,Nantes,27.0,1997.0,26.1,44,29,23,16,5,19,42,45.2,23,25,4,21,19,63,45,0
Joris Chotard,FRA,MF,Montpellier,22.0,2001.0,21.0,39,27,17,20,2,20,46,43.5,26,28,10,18,19,58,52,1
Djaoui Cissé,FRA,MF,Rennes,20.0,2004.0,12.5,33,18,12,15,6,16,26,61.5,10,29,4,25,13,46,11,1
Yoann Cissé,FRA,MF,Auxerre,19.0,2004.0,0.1,0,0,0,0,0,0,0,,0,0,0,0,1,1,0,0
Jonathan Clauss,FRA,"DF,MF",Nice,31.0,1992.0,25.6,52,35,27,19,6,28,56,50.0,28,25,2,23,48,100,68,3
Marcus Coco,FRA,DF,Nantes,28.0,1996.0,10.6,27,21,15,9,3,16,31,51.6,15,16,5,11,11,38,46,0
Alois Confais,FRA,MF,Le Havre,27.0,1996.0,0.0,0,0,0,0,0,0,0,,0,0,0,0,0,0,0,0
Francis Coquelin,FRA,MF,Nantes,33.0,1991.0,2.5,9,5,5,3,1,3,4,75.0,1,3,1,2,6,15,3,0
Derek Cornelius,CAN,DF,Marseille,26.0,1997.0,15.8,24,17,15,8,1,17,22,77.3,5,16,10,6,14,38,51,0
Pierre Cornud,FRA,DF,Saint-Étienne,27.0,1996.0,6.4,12,10,6,4,2,8,17,47.1,9,9,4,5,9,21,28,1
David Costa,POR,"MF,FW",Lens,23.0,2001.0,3.9,2,0,1,1,0,1,4,25.0,3,5,1,4,1,3,0,0
Logan Costa,CPV,DF,Toulouse,23.0,2001.0,1.0,2,1,0,2,0,1,1,100.0,0,2,2,0,2,4,4,0
Grégoire Coudert,FRA,GK,Brest,25.0,1999.0,2.0,0,0,0,0,0,0,0,,0,0,0,0,0,0,1,0
Lasso Coulibaly,CIV,"FW,MF",Auxerre,21.0,2002.0,0.5,1,1,0,0,1,0,0,,0,0,0,0,0,1,0,0
Mamadou Coulibaly,FRA,MF,Monaco,20.0,2004.0,0.1,1,0,0,1,0,0,0,,0,0,0,0,0,1,0,0
Soumaïla Coulibaly,FRA,DF,Brest,20.0,2003.0,4.9,4,2,2,2,0,1,1,100.0,0,7,2,5,5,9,26,0
Tanguy Coulibaly,FRA,"FW,MF",Montpellier,23.0,2001.0,16.5,32,24,13,15,4,14,33,42.4,19,18,2,16,11,43,3,1
Marius Courcoul,FRA,"MF,DF",Angers,17.0,2007.0,3.4,5,2,3,2,0,2,5,40.0,3,4,0,4,5,10,9,0
Nicolas Cozza,FRA,"DF,MF",Nantes,25.0,1999.0,22.8,59,41,35,18,6,31,47,66.0,16,25,10,15,25,84,69,0
Charlie Cresswell,ENG,DF,Toulouse,21.0,2002.0,28.8,35,23,19,15,1,28,46,60.9,18,44,28,16,28,63,191,3
Kévin Danois,FRA,MF,Auxerre,20.0,2004.0,16.2,49,30,20,22,7,20,46,43.5,26,17,3,14,20,69,20,0
Kevin Danso,AUT,DF,Lens,25.0,1998.0,12.0,19,7,12,5,2,12,16,75.0,4,25,19,6,20,39,62,1
Dante,BRA,DF,Nice,40.0,1983.0,21.8,32,15,17,13,2,15,29,51.7,14,29,14,15,34,66,74,1
Pape Daouda Diongue,SEN,"MF,FW",Strasbourg,,,0.9,2,0,1,1,0,1,2,50.0,1,0,0,0,3,5,2,0
Mohamed Daramy,DEN,FW,Reims,22.0,2002.0,0.2,0,0,0,0,0,0,0,,0,0,0,0,0,0,1,0
Jonathan David,CAN,FW,Lille,24.0,2000.0,28.4,24,8,3,12,9,9,21,42.9,12,13,2,11,7,31,10,1
Zuriko Davitashvili,GEO,"FW,MF",Saint-Étienne,23.0,2001.0,30.9,22,14,9,7,6,15,49,30.6,34,20,0,20,14,36,14,0
Théo De Percin,MTQ,GK,Auxerre,23.0,2001.0,2.0,0,0,0,0,0,0,1,0.0,1,0,0,0,0,0,3,0
Thibault De Smet,BEL,DF,Reims,26.0,1998.0,2.1,6,4,5,1,0,4,4,100.0,0,5,3,2,4,10,12,0
Amar Dedić,BIH,DF,Marseille,21.0,2002.0,3.5,5,4,2,2,1,3,10,30.0,7,0,0,0,3,8,12,1
Romain Del Castillo,FRA,FW,Brest,28.0,1996.0,14.0,31,22,9,13,9,19,32,59.4,13,16,0,16,6,37,5,0
Thomas Delaine,FRA,DF,Strasbourg,32.0,1992.0,0.1,1,1,1,0,0,1,1,100.0,0,0,0,0,1,2,1,0
Andy Delort,ALG,FW,Montpellier,32.0,1991.0,6.7,4,3,1,2,1,1,2,50.0,1,3,1,2,0,4,3,0
Ousmane Dembélé,FRA,FW,Paris S-G,27.0,1997.0,19.2,11,5,0,7,4,4,12,33.3,8,3,0,3,9,20,2,1
Rémy Descamps,FRA,GK,Lyon,28.0,1996.0,1.0,0,0,0,0,0,0,0,,0,0,0,0,0,0,0,0
Arthur Desmas,FRA,GK,Le Havre,30.0,1994.0,18.0,0,0,0,0,0,0,1,0.0,1,0,0,0,0,0,9,1
Mamadou Diakhon,FRA,"FW,MF",Reims,18.0,2005.0,9.5,12,8,4,3,5,9,18,50.0,9,5,1,4,4,16,5,0
Bafodé Diakité,FRA,DF,Lille,23.0,2001.0,30.7,31,18,17,11,3,18,26,69.2,8,30,17,13,27,58,99,5
Oumar Diakité,CIV,FW,Reims,20.0,2003.0,18.1,20,13,7,8,5,9,19,47.4,10,13,2,11,3,23,9,0
Habib Diarra,SEN,"MF,FW",Strasbourg,20.0,2004.0,26.1,22,13,6,13,3,8,20,40.0,12,22,6,16,13,35,46,3
Krépin Diatta,SEN,"DF,FW",Monaco,25.0,1999.0,5.6,18,12,13,2,3,14,24,58.3,10,5,1,4,9,27,12,2
Kandet Diawara,GUI,FW,Le Havre,24.0,2000.0,0.0,0,0,0,0,0,0,0,,0,1,0,1,0,0,1,0
Mahamadou Diawara,FRA,MF,Le Havre,19.0,2005.0,6.5,20,12,10,8,2,8,13,61.5,5,13,6,7,13,33,11,1
Mahamadou Diawara,FRA,MF,Lyon,19.0,2005.0,0.2,1,0,0,1,0,1,3,33.3,2,2,0,2,0,1,0,0
Bamba Dieng,SEN,FW,Angers,24.0,2000.0,5.9,4,1,1,2,1,0,2,0.0,2,2,0,2,0,4,3,0
Kembo Diliwidi,FRA,DF,Lens,18.0,2006.0,0.0,0,0,0,0,0,0,0,,0,0,0,0,0,0,0,0
Sinaly Diomande,CIV,DF,Auxerre,23.0,2001.0,21.6,39,19,20,18,1,28,40,70.0,12,37,18,19,30,69,100,2
Lois Diony,FRA,FW,Angers,31.0,1992.0,0.2,0,0,0,0,0,0,0,,0,0,0,0,0,0,0,0
Sérigné Diop,SEN,FW,Brest,19.0,2005.0,0.0,1,0,0,1,0,0,0,,0,1,0,1,0,1,0,0
Sofiane Diop,MAR,"MF,FW",Nice,24.0,2000.0,11.8,23,16,16,3,4,9,22,40.9,13,19,2,17,17,40,7,1
Andy Diouf,FRA,MF,Lens,21.0,2003.0,24.7,37,26,10,22,5,16,40,40.0,24,24,1,23,15,52,18,2
Yehvann Diouf,SEN,GK,Reims,24.0,1999.0,34.0,2,1,2,0,0,1,3,33.3,2,0,0,0,1,3,22,4
Assane Dioussé,SEN,MF,Auxerre,26.0,1997.0,7.4,15,7,9,5,1,5,14,35.7,9,6,2,4,12,27,15,0
Álex Domínguez,ESP,GK,Toulouse,26.0,1998.0,0.2,0,0,0,0,0,0,0,,0,0,0,0,0,0,0,0
Gianluigi Donnarumma,ITA,GK,Paris S-G,25.0,1999.0,23.2,1,1,1,0,0,1,2,50.0,1,0,0,0,0,1,14,0
Sékou Doucoure,FRA,DF,Nantes,19.0,2005.0,0.1,0,0,0,0,0,0,0,,0,0,0,0,0,0,3,0
Désiré Doué,FRA,"FW,MF",Paris S-G,19.0,2005.0,19.2,48,30,15,19,14,24,51,47.1,27,26,0,26,13,61,7,0
Guela Doué,CIV,DF,Strasbourg,21.0,2002.0,30.2,65,45,40,15,10,37,54,68.5,17,38,6,32,34,99,154,1
Douglas,BRA,MF,Nantes,27.0,1997.0,25.6,69,42,29,31,9,26,44,59.1,18,51,11,40,32,101,47,0
Ismaël Doukouré,FRA,"DF,MF",Strasbourg,21.0,2003.0,29.3,40,22,19,18,3,17,25,68.0,8,31,14,17,25,65,102,3
Kamory Doumbia,MLI,"MF,FW",Brest,21.0,2003.0,14.7,41,29,17,17,7,14,31,45.2,17,17,1,16,28,69,13,1
Amidou Doumbouya,FRA,DF,Nice,16.0,2007.0,0.5,1,1,0,0,1,1,1,100.0,0,3,1,2,1,2,1,0
Jean-Kevin Duverne,HAI,DF,Nantes,27.0,1997.0,6.0,21,12,13,4,4,15,27,55.6,12,10,3,7,8,29,23,0
Stefan Džodić,SRB,"DF,MF",Montpellier,19.0,2005.0,2.7,8,5,3,5,0,5,8,62.5,3,5,4,1,5,13,10,1
Aron Dønnum,NOR,"DF,MF",Toulouse,26.0,1998.0,29.9,56,35,25,24,7,31,55,56.4,24,29,4,25,28,84,37,1
Noah Edjouma,FRA,"MF,FW",Toulouse,18.0,2005.0,1.9,2,2,0,1,1,1,2,50.0,1,1,1,0,2,4,2,0
Jacques Ekomie,GAB,"DF,FW",Angers,20.0,2003.0,7.7,22,14,9,10,3,8,12,66.7,4,16,5,11,4,26,14,0
Pierre Ekwah Elimby,FRA,MF,Saint-Étienne,22.0,2002.0,28.6,54,33,18,30,6,34,56,60.7,22,26,12,14,47,101,72,1
Meschak Elia,COD,FW,Nantes,26.0,1997.0,1.9,7,5,3,2,2,1,1,100.0,0,3,0,3,0,7,2,0
Breel Embolo,SUI,"FW,MF",Monaco,27.0,1997.0,20.5,22,17,7,7,8,5,16,31.3,11,11,0,11,3,25,10,1
Emanuel Emegha,NED,FW,Strasbourg,21.0,2003.0,25.5,6,6,1,2,3,2,6,33.3,4,18,5,13,1,7,30,0
Romain Faivre,FRA,"MF,FW",Brest,26.0,1998.0,10.0,13,10,4,5,4,5,10,50.0,5,8,0,8,4,17,3,1
Khalil Fayad,FRA,"MF,FW",Montpellier,20.0,2004.0,11.4,31,16,12,17,2,15,28,53.6,13,18,1,17,10,41,15,1
Luiz Felipe,ITA,DF,Marseille,27.0,1997.0,1.4,4,3,3,1,0,1,2,50.0,1,3,2,1,3,7,5,0
Zinedine Ferhat,ALG,"FW,MF",Angers,31.0,1993.0,9.4,9,7,1,5,3,4,13,30.8,9,9,0,9,10,19,12,0
Edimilson Fernandes,SUI,"MF,DF",Brest,28.0,1996.0,12.3,9,7,3,6,0,7,13,53.8,6,14,6,8,20,29,38,1
Matias Fernandez-Pardo,BEL,"FW,MF",Lille,19.0,2005.0,11.8,12,9,3,6,3,6,12,50.0,6,9,0,9,3,15,6,0
Jordan Ferri,FRA,MF,Montpellier,32.0,1992.0,19.7,42,23,18,22,2,18,44,40.9,26,20,3,17,9,51,20,0
Karol Fila,POL,MF,Strasbourg,26.0,1998.0,0.1,0,0,0,0,0,0,0,,0,0,0,0,0,0,0,0
Malick Fofana,BEL,FW,Lyon,19.0,2005.0,17.7,22,11,8,11,3,8,17,47.1,9,12,0,12,8,30,6,0
Rayan Fofana,FRA,"FW,MF",Lens,18.0,2006.0,0.3,2,2,1,1,0,0,0,,0,0,0,0,0,2,0,0
Seko Fofana,CIV,MF,Rennes,29.0,1995.0,9.4,11,7,4,6,1,2,7,28.6,5,7,1,6,7,18,7,0
Yahia Fofana,CIV,GK,Angers,23.0,2000.0,33.0,0,0,0,0,0,0,2,0.0,2,0,0,0,1,1,25,2
Lamine Fomba,FRA,MF,Saint-Étienne,26.0,1998.0,2.4,8,6,2,5,1,2,7,28.6,5,7,1,6,4,12,5,1
Przemysław Frankowski,POL,DF,Lens,29.0,1995.0,15.4,32,21,17,10,5,19,30,63.3,11,10,2,8,19,51,28,0
Angelo Fulgini,FRA,"MF,FW",Lens,27.0,1996.0,11.6,14,10,6,4,4,6,16,37.5,10,11,1,10,2,16,3,0
Kyogo Furuhashi,JPN,FW,Rennes,29.0,1995.0,1.4,2,2,1,1,0,1,1,100.0,0,0,0,0,0,2,0,0
Gauthier Gallon,FRA,GK,Rennes,31.0,1993.0,0.5,0,0,0,0,0,0,0,,0,0,0,0,0,0,0,0
Ignatius Ganago,CMR,"FW,MF",Nantes,25.0,1999.0,2.7,1,1,0,1,0,1,2,50.0,1,3,1,2,4,5,2,0
Ulisses Garcia,SUI,DF,Marseille,28.0,1996.0,10.3,14,11,7,5,2,4,14,28.6,10,5,1,4,8,22,18,0
Jean-Philippe Gbamin,CIV,MF,Nantes,28.0,1995.0,2.4,2,1,0,2,0,1,4,25.0,3,5,2,3,3,5,2,0
Mory Gbane,CIV,"DF,MF",Reims,23.0,2000.0,12.5,20,11,16,4,0,13,24,54.2,11,12,10,2,18,38,90,1
Yann Gboho,FRA,"MF,FW",Toulouse,23.0,2001.0,25.9,31,18,7,15,9,14,35,40.0,21,20,0,20,6,37,4,1
Denis Genreau,AUS,MF,Toulouse,25.0,1999.0,2.5,7,5,4,1,2,4,8,50.0,4,3,0,3,3,10,4,0
Aleksandr Golovin,RUS,"MF,FW",Monaco,28.0,1996.0,12.8,38,24,9,20,9,17,39,43.6,22,16,4,12,12,50,7,0
André Gomes,POR,MF,Lille,31.0,1993.0,14.2,27,13,9,11,7,11,31,35.5,20,7,1,6,6,33,11,2
Angel Gomes,ENG,MF,Lille,23.0,2000.0,8.2,10,6,4,4,2,2,12,16.7,10,0,0,0,0,10,2,0
Carlos Gómez,COL,"MF,DF",Rennes,21.0,2002.0,4.2,8,6,3,4,1,3,9,33.3,6,6,0,6,2,10,2,0
Mathieu Gorgelin,FRA,GK,Le Havre,33.0,1990.0,16.0,2,2,2,0,0,2,3,66.7,1,0,0,0,0,2,8,2
Amine Gouiri,ALG,"FW,MF",Marseille,24.0,2000.0,11.6,5,5,0,1,4,2,3,66.7,1,9,0,9,1,6,1,0
Amine Gouiri,ALG,"MF,FW",Rennes,24.0,2000.0,11.5,9,6,4,4,1,2,8,25.0,6,8,0,8,2,11,5,0
Jonathan Gradit,FRA,DF,Lens,31.0,1992.0,23.5,44,23,22,19,3,23,40,57.5,17,27,12,15,25,69,122,2
Samuel Grandsir,FRA,"MF,FW",Le Havre,27.0,1996.0,0.9,5,5,0,3,2,2,3,66.7,1,2,0,2,0,5,0,0
Mason Greenwood,ENG,"FW,MF",Marseille,22.0,2001.0,31.2,35,18,10,14,11,16,39,41.0,23,7,0,7,12,47,5,2
Albert Grønbaek,DEN,"MF,FW",Rennes,23.0,2001.0,9.0,21,11,10,7,4,10,28,35.7,18,9,1,8,4,25,6,0
Gabriel Gudmundsson,SWE,DF,Lille,25.0,1999.0,19.8,36,25,15,15,6,23,36,63.9,13,19,7,12,17,53,41,3
Axel Gueguin,FRA,FW,Montpellier,19.0,2005.0,0.3,1,1,0,1,0,1,1,100.0,0,0,0,0,0,1,0,0
Evann Guessand,CIV,"FW,MF",Nice,23.0,2001.0,28.5,44,29,12,15,17,6,14,42.9,8,27,3,24,15,59,16,0
Bahereba Guirassy,FRA,"FW,MF",Nantes,17.0,2006.0,3.9,12,8,6,3,3,7,13,53.8,6,10,0,10,1,13,4,0
Massadio Haïdara,MLI,DF,Brest,31.0,1992.0,18.6,27,16,16,9,2,13,29,44.8,16,18,2,16,26,53,73,0
Achraf Hakimi,MAR,DF,Paris S-G,25.0,1998.0,23.0,48,36,18,20,10,27,55,49.1,28,25,2,23,31,79,18,3
Florent Hanin,ALG,DF,Angers,34.0,1990.0,29.7,69,48,45,17,7,39,71,54.9,32,31,10,21,47,116,99,2
Amine Harit,MAR,MF,Marseille,27.0,1997.0,5.8,8,7,0,6,2,1,2,50.0,1,6,0,6,3,11,1,1
Hans Hateboer,NED,DF,Rennes,30.0,1994.0,18.7,31,16,14,12,5,18,36,50.0,18,19,6,13,29,60,64,2
Kjetil Haug,NOR,GK,Toulouse,26.0,1998.0,5.5,0,0,0,0,0,0,0,,0,0,0,0,0,0,3,0
Luis Henrique,BRA,"DF,FW",Marseille,22.0,2001.0,29.0,16,9,7,6,3,9,10,90.0,1,15,2,13,10,26,30,0
Lucas Hernández,FRA,DF,Paris S-G,28.0,1996.0,9.7,24,18,13,9,2,14,23,60.9,9,12,5,7,7,31,37,2
Ki-Jana Hoever,NED,DF,Auxerre,22.0,2002.0,23.6,51,38,26,16,9,30,54,55.6,24,33,3,30,21,72,70,1
Cédric Hountondji,BEN,DF,Angers,30.0,1994.0,3.0,6,4,4,2,0,3,7,42.9,4,3,3,0,4,10,14,0
Ilyes Housni,FRA,"FW,MF",Le Havre,19.0,2005.0,2.6,7,5,2,3,2,2,4,50.0,2,2,0,2,1,8,2,0
Pierre Højbjerg,DEN,MF,Marseille,28.0,1995.0,29.6,64,45,25,32,7,37,69,53.6,32,28,4,24,42,106,33,2
Hafiz Ibrahim,NGA,FW,Reims,18.0,2005.0,4.3,3,2,0,1,2,0,5,0.0,5,4,2,2,2,5,6,0
George Ilenikhena,NGA,FW,Monaco,17.0,2006.0,8.0,4,2,0,3,1,1,2,50.0,1,0,0,0,2,6,0,0
Rareş Ilie,ROU,MF,Nice,21.0,2003.0,0.1,1,1,1,0,0,1,1,100.0,0,0,0,0,0,1,0,0
Ismaily,BRA,DF,Lille,34.0,1990.0,10.0,33,17,17,12,4,17,26,65.4,9,15,1,14,13,46,49,0
Yanis Issoufou,FRA,"MF,FW",Montpellier,17.0,2006.0,0.9,6,4,4,1,1,3,5,60.0,2,1,0,1,0,6,1,0
Junya Ito,JPN,"FW,MF",Reims,31.0,1993.0,29.9,45,30,19,16,10,17,60,28.3,43,33,3,30,13,58,15,2
Jérémy Jacquet,FRA,DF,Rennes,19.0,2005.0,10.3,26,17,11,8,7,14,22,63.6,8,9,3,6,27,53,45,1
Ismail Jakobs,SEN,DF,Monaco,24.0,1999.0,2.0,5,5,3,0,2,3,5,60.0,2,0,0,0,2,7,6,0
Jordan James,WAL,MF,Rennes,20.0,2004.0,13.1,30,19,8,18,4,16,30,53.3,14,14,1,13,14,44,17,1
Malcolm Jeng,SWE,DF,Reims,19.0,2005.0,1.2,0,0,0,0,0,0,0,,0,1,0,1,3,3,10,0
John Joe,IRL,MF,Reims,20.0,2003.0,6.1,24,15,11,10,3,7,19,36.8,12,11,2,9,6,30,9,0
Karl-Johan Johnsson,SWE,GK,Strasbourg,34.0,1990.0,3.0,0,0,0,0,0,0,1,0.0,1,0,0,0,0,0,3,0
Paul Joly,FRA,DF,Auxerre,24.0,2000.0,11.2,49,32,30,17,2,27,45,60.0,18,19,1,18,25,74,32,5
Jota,POR,"FW,MF",Rennes,25.0,1999.0,3.7,5,2,2,3,0,4,7,57.1,3,1,0,1,3,8,2,0
Antoine Joujou,FRA,"MF,FW",Le Havre,21.0,2003.0,10.5,16,11,10,4,2,9,15,60.0,6,15,3,12,9,25,19,0
Jubal,BRA,DF,Auxerre,30.0,1993.0,29.3,60,39,46,13,1,28,40,70.0,12,61,36,25,25,85,201,1
Abdulai Juma Bah,SLE,DF,Lens,18.0,2006.0,7.6,16,10,6,10,0,5,7,71.4,2,10,7,3,17,33,47,1
Hamed Junior Traorè,CIV,MF,Auxerre,24.0,2000.0,23.3,41,20,11,17,13,16,54,29.6,38,14,0,14,8,49,11,0
Yaya Kader Fofana,MLI,"MF,FW",Reims,20.0,2004.0,7.0,17,11,8,5,4,4,12,33.3,8,11,2,9,3,20,2,0
Tino Kadewere,ZIM,"MF,FW",Nantes,28.0,1996.0,5.7,14,8,5,3,6,6,13,46.2,7,3,0,3,6,20,8,0
Arnaud Kalimuendo,FRA,"FW,MF",Rennes,22.0,2002.0,28.6,19,12,6,9,4,7,15,46.7,8,9,2,7,4,23,16,1
Justin-Noël Kalumba,FRA,"FW,MF",Angers,19.0,2004.0,0.3,0,0,0,0,0,0,0,,0,0,0,0,1,1,1,0
Warren Kamanzi,NOR,"DF,MF",Toulouse,23.0,2000.0,11.4,29,13,12,12,5,14,28,50.0,14,7,3,4,9,38,25,0
Glen Kamara,FIN,MF,Rennes,28.0,1995.0,7.4,23,11,10,11,2,11,17,64.7,6,7,0,7,7,30,7,0
Noham Kamara,FRA,DF,Paris S-G,17.0,2007.0,0.8,1,1,0,1,0,0,0,,0,1,1,0,1,2,1,0
Nordine Kandil,FRA,MF,Strasbourg,22.0,2001.0,0.1,0,0,0,0,0,0,0,,0,0,0,0,0,0,1,0
Lee Kang-in,KOR,"FW,MF",Paris S-G,23.0,2001.0,18.5,25,17,7,11,7,19,35,54.3,16,11,1,10,3,28,3,1
Yassine Kechta,MAR,"MF,FW",Le Havre,22.0,2002.0,23.3,60,36,32,21,7,33,78,42.3,45,25,2,23,26,86,32,2
Thilo Kehrer,GER,DF,Monaco,27.0,1996.0,26.5,37,23,26,11,0,22,38,57.9,16,18,10,8,36,73,113,1
Reda Khadra,GER,"MF,FW",Reims,23.0,2001.0,0.9,1,1,1,0,0,0,1,0.0,1,0,0,0,0,1,1,0
Wahbi Khazri,TUN,"FW,MF",Montpellier,33.0,1991.0,12.4,25,18,5,16,4,8,21,38.1,13,13,1,12,5,30,7,0
Abdukodir Khusanov,UZB,DF,Lens,20.0,2004.0,10.8,15,11,9,5,1,7,11,63.6,4,17,11,6,26,41,57,0
Presnel Kimpembe,FRA,DF,Paris S-G,28.0,1995.0,0.3,1,0,1,0,0,0,0,,0,2,2,0,0,1,1,0
Joshua King,NOR,"FW,MF",Toulouse,32.0,1992.0,18.6,11,11,4,4,3,5,12,41.7,7,10,3,7,6,17,19,0
Cédric Kipré,CIV,DF,Reims,27.0,1996.0,24.3,42,30,30,11,1,29,39,74.4,10,42,27,15,32,74,162,2
Hervé Koffi,BFA,GK,Lens,27.0,1996.0,5.0,1,1,1,0,0,1,1,100.0,0,0,0,0,0,1,5,0
Philipp Köhn,SUI,GK,Monaco,26.0,1998.0,19.0,0,0,0,0,0,0,1,0.0,1,0,0,0,0,0,11,2
Koka,EGY,FW,Le Havre,31.0,1993.0,9.5,4,1,1,3,0,0,4,0.0,4,3,0,3,4,8,6,1
Randal Kolo Muani,FRA,FW,Paris S-G,25.0,1998.0,4.0,4,4,1,1,2,0,2,0.0,2,1,0,1,0,4,5,0
Geoffrey Kondogbia,CTA,"DF,MF",Marseille,31.0,1993.0,22.4,60,38,31,26,3,27,34,79.4,7,23,6,17,22,82,64,4
Abdoul Koné,FRA,DF,Reims,19.0,2005.0,1.5,5,3,4,1,0,3,5,60.0,2,2,1,1,1,6,5,0
Amadou Koné,MLI,MF,Reims,19.0,2005.0,14.4,49,32,32,16,1,22,35,62.9,13,18,4,14,19,68,38,2
Ismaël Koné,CAN,"MF,FW",Marseille,22.0,2002.0,4.0,8,4,3,3,2,3,4,75.0,1,4,1,3,4,12,2,1
Ismaël Koné,CAN,MF,Rennes,22.0,2002.0,5.2,9,6,4,4,1,5,7,71.4,2,9,2,7,4,13,5,0
Emmanuel Koum Mbondo,FRA,DF,Marseille,18.0,2006.0,0.1,0,0,0,0,0,0,0,,0,0,0,0,0,0,0,0
Boubakar Kouyaté,MLI,DF,Montpellier,27.0,1997.0,8.4,22,17,16,6,0,11,19,57.9,8,17,11,6,12,34,54,0
Goduine Koyalipou,CTA,FW,Lens,24.0,2000.0,9.8,3,2,0,3,0,1,1,100.0,0,4,0,4,1,4,8,0
Sael Kumbedi,FRA,DF,Lyon,19.0,2005.0,10.6,28,14,11,13,4,14,20,70.0,6,11,3,8,8,36,32,1
Daler Kuzyaev,RUS,MF,Le Havre,31.0,1993.0,6.3,13,8,7,4,2,2,9,22.2,7,7,4,3,9,22,8,0
Khvicha Kvaratskhelia,GEO,FW,Paris S-G,23.0,2001.0,10.2,19,13,4,12,3,13,23,56.5,10,7,0,7,2,21,4,0
Rémy Labeau Lascary,GLP,"FW,MF",Lens,21.0,2003.0,7.1,16,10,7,6,3,5,11,45.5,6,5,0,5,1,17,7,0
Gaëtan Laborde,FRA,FW,Nice,30.0,1994.0,20.3,19,13,9,8,2,9,22,40.9,13,16,4,12,6,25,20,0
Alexandre Lacazette,FRA,FW,Lyon,33.0,1991.0,22.8,13,6,3,7,3,5,16,31.3,11,13,3,10,8,21,7,0
Younes Lachaab,FRA,"MF,FW",Lille,19.0,2005.0,0.1,1,1,0,0,1,1,1,100.0,0,0,0,0,1,2,0,0
Alban Lafont,CIV,GK,Nantes,25.0,1999.0,12.0,1,1,1,0,0,1,1,100.0,0,2,0,2,0,1,8,1
Kenny Lala,MAD,DF,Brest,32.0,1991.0,29.8,66,42,36,23,7,38,57,66.7,19,25,9,16,25,91,75,2
Mohamed Lamine Bayo,GUI,FW,Lille,26.0,1998.0,3.4,1,1,0,0,1,1,1,100.0,0,0,0,0,0,1,4,0
Gautier Larsonneur,FRA,GK,Saint-Étienne,27.0,1997.0,34.0,1,0,1,0,0,0,2,0.0,2,1,0,1,0,1,25,1
Julien Le Cardinal,FRA,DF,Brest,26.0,1997.0,15.3,27,15,16,8,3,11,16,68.8,5,18,14,4,33,60,75,0
Jérémy Le Douaron,FRA,FW,Brest,26.0,1998.0,1.1,1,0,0,0,1,0,1,0.0,1,1,0,1,0,1,0,0
Benjamin Lecomte,FRA,GK,Montpellier,33.0,1991.0,30.0,0,0,0,0,0,0,0,,0,0,0,0,0,0,18,2
Pierre Lees-Melou,FRA,MF,Brest,31.0,1993.0,17.0,48,33,20,19,9,25,54,46.3,29,19,3,16,12,60,23,0
Jordan Lefort,FRA,DF,Angers,30.0,1993.0,34.0,52,30,42,9,1,30,44,68.2,14,56,37,19,32,84,206,3
Félix Lemaréchal,FRA,"MF,FW",Strasbourg,20.0,2003.0,19.8,35,24,13,17,5,14,29,48.3,15,35,4,31,14,49,19,0
Donovan Léon,GUF,GK,Auxerre,31.0,1992.0,32.0,0,0,0,0,0,0,3,0.0,3,2,0,2,0,0,26,1
Esteban Lepaul,FRA,FW,Angers,24.0,2000.0,18.1,11,6,2,6,3,4,16,25.0,12,15,2,13,4,15,10,0
Johann Lepenant,FRA,MF,Nantes,21.0,2002.0,22.8,68,33,30,27,11,32,71,45.1,39,35,3,32,18,86,25,0
Louis Leroux,FRA,"MF,DF",Nantes,18.0,2006.0,9.1,25,18,10,12,3,16,22,72.7,6,22,2,20,8,33,19,1
Pol Lirola,ESP,DF,Marseille,26.0,1997.0,7.6,13,9,5,8,0,5,13,38.5,8,7,2,5,4,17,12,0
Gautier Lloris,FRA,DF,Le Havre,29.0,1995.0,30.8,68,43,52,16,0,38,53,71.7,15,33,21,12,34,102,192,0
Bradley Locko,FRA,DF,Brest,22.0,2002.0,1.1,2,2,1,1,0,1,1,100.0,0,3,2,1,1,3,3,0
Elysée Logbo,FRA,FW,Le Havre,20.0,2004.0,0.3,0,0,0,0,0,0,0,,0,0,0,0,0,0,0,0
Anthony Lopes,POR,GK,Nantes,33.0,1990.0,17.4,1,0,1,0,0,1,1,100.0,0,0,0,0,1,2,7,1
Jordan Lotomba,SUI,"MF,DF",Nice,25.0,1998.0,0.4,0,0,0,0,0,0,0,,0,0,0,0,0,0,1,0
Tom Louchet,FRA,"DF,MF",Nice,21.0,2003.0,8.6,27,17,17,5,5,17,23,73.9,6,12,4,8,18,45,20,0
Milos Lukovic,SRB,"FW,MF",Strasbourg,18.0,2005.0,0.1,0,0,0,0,0,0,0,,0,0,0,0,0,0,0,0
Othmane Maamma,MAR,"FW,MF",Montpellier,18.0,2005.0,4.0,3,1,2,1,0,1,4,25.0,3,4,0,4,1,4,2,1
Deiver Machado,COL,"DF,MF",Lens,30.0,1993.0,20.1,36,26,14,14,8,17,30,56.7,13,20,4,16,16,52,34,2
Lanroy Machine,FRA,FW,Angers,18.0,2005.0,0.1,0,0,0,0,0,0,0,,0,0,0,0,0,0,0,0
Yvann Macon,FRA,DF,Saint-Étienne,25.0,1998.0,8.8,19,11,9,7,3,10,21,47.6,11,14,4,10,2,21,10,1
Eros Maddy,NED,DF,Auxerre,23.0,2001.0,0.2,0,0,0,0,0,0,0,,0,0,0,0,0,0,0,0
Soungoutou Magassa,FRA,MF,Monaco,20.0,2003.0,11.4,47,25,14,27,6,25,46,54.3,21,16,3,13,21,68,19,1
Hugo Magnetti,FRA,MF,Brest,26.0,1998.0,25.8,52,32,21,27,4,23,51,45.1,28,20,3,17,18,70,37,0
Frank Magri,CMR,"FW,MF",Toulouse,24.0,1999.0,16.8,8,2,1,6,1,3,8,37.5,5,16,2,14,4,12,11,0
Ainsley Maitland-Niles,ENG,DF,Lyon,26.0,1997.0,22.1,71,44,30,26,15,48,76,63.2,28,28,4,24,25,96,61,6
Radosław Majecki,POL,GK,Monaco,24.0,1999.0,15.0,0,0,0,0,0,0,2,0.0,2,0,0,0,0,0,8,1
Hamidou Makalou,MLI,"FW,MF",Brest,18.0,2006.0,0.4,0,0,0,0,0,0,0,,0,0,0,0,0,0,0,0
Nikola Maksimović,SRB,DF,Montpellier,32.0,1991.0,6.5,9,5,6,3,0,6,7,85.7,1,5,4,1,6,15,30,1
Aaron Malouda,FRA,FW,Lille,18.0,2005.0,0.0,0,0,0,0,0,0,0,,0,0,0,0,0,0,0,0
Hianga Mananga Mbock,FRA,MF,Brest,24.0,1999.0,0.2,0,0,0,0,0,0,0,,0,0,0,0,1,1,0,0
Steve Mandanda,FRA,GK,Rennes,39.0,1985.0,16.5,0,0,0,0,0,0,1,0.0,1,0,0,0,0,0,6,2
Aïssa Mandi,ALG,DF,Lille,32.0,1991.0,19.3,31,17,12,15,4,16,22,72.7,6,23,11,12,15,46,54,0
Orel Mangala,BEL,MF,Lyon,26.0,1998.0,0.7,1,0,0,0,1,0,1,0.0,1,2,0,2,0,1,1,0
Sekou Mara,FRA,"FW,MF",Strasbourg,22.0,2002.0,8.5,9,6,0,5,4,3,9,33.3,6,11,0,11,3,12,3,0
Marquinhos,BRA,DF,Paris S-G,30.0,1994.0,19.2,30,19,8,16,6,25,33,75.8,8,27,15,12,11,41,64,0
Ange Martial Tia,MLI,"MF,DF",Reims,17.0,2006.0,1.9,4,3,1,2,1,2,6,33.3,4,3,0,3,2,6,4,0
Jonas Martin,FRA,MF,Brest,34.0,1990.0,5.5,13,7,10,2,1,6,11,54.5,5,4,1,3,8,21,12,1
Han-Noah Massengo,FRA,MF,Auxerre,23.0,2001.0,11.6,17,11,5,8,4,8,12,66.7,4,12,4,8,17,34,10,2
Clinton Mata,ANG,DF,Lyon,31.0,1992.0,26.3,41,29,23,14,4,28,36,77.8,8,26,17,9,46,87,72,3
Eliot Matazo,BEL,MF,Monaco,22.0,2002.0,0.8,3,2,0,3,0,0,0,,0,0,0,0,1,4,2,0
Nemanja Matić,SRB,MF,Lyon,35.0,1988.0,22.3,42,29,15,21,6,23,41,56.1,18,21,9,12,18,60,31,1
Rudy Matondo,FRA,MF,Auxerre,16.0,2008.0,0.7,1,1,1,0,0,0,1,0.0,1,0,0,0,0,1,2,0
Azor Matusiwa,NED,MF,Rennes,26.0,1998.0,23.1,64,39,32,30,2,32,43,74.4,11,29,10,19,34,98,52,0
Neal Maupay,FRA,FW,Marseille,27.0,1996.0,11.6,9,4,1,6,2,3,6,50.0,3,5,0,5,2,11,0,0
Christian Mawissa,FRA,DF,Monaco,19.0,2005.0,16.7,42,29,27,13,2,26,44,59.1,18,25,6,19,26,68,48,1
Senny Mayulu,FRA,MF,Paris S-G,18.0,2006.0,9.0,25,16,8,14,3,8,14,57.1,6,8,3,5,5,30,12,0
Ethan Mbappé,FRA,"MF,FW",Lille,17.0,2006.0,2.5,6,2,3,2,1,0,4,0.0,4,6,0,6,1,7,0,0
Ibrahim Mbaye,SEN,"FW,MF",Paris S-G,16.0,2008.0,3.8,4,2,1,2,1,3,8,37.5,5,2,0,2,2,6,2,0
Mark McKenzie,USA,DF,Toulouse,25.0,1999.0,27.7,52,31,31,20,1,33,45,73.3,12,31,18,13,22,74,141,1
Facundo Medina,ARG,DF,Lens,25.0,1999.0,28.3,44,29,22,18,4,24,42,57.1,18,30,10,20,32,76,70,0
Henrik Meister,DEN,FW,Rennes,20.0,2003.0,0.7,2,0,0,2,0,0,0,,0,4,0,4,1,3,0,0
Bamo Meïté,CIV,DF,Montpellier,22.0,2001.0,4.7,5,3,2,1,2,1,2,50.0,1,3,3,0,4,9,14,3
Bamo Meïté,CIV,DF,Marseille,22.0,2001.0,0.3,0,0,0,0,0,0,0,,0,0,0,0,0,0,1,0
Mohamed Meité,FRA,FW,Rennes,16.0,2007.0,6.0,2,0,0,2,0,1,1,100.0,0,1,0,1,0,2,5,0
Farid El Melali,ALG,FW,Angers,27.0,1997.0,21.0,28,16,15,6,7,13,35,37.1,22,19,1,18,16,44,12,1
Nuno Mendes,POR,DF,Paris S-G,22.0,2002.0,18.6,30,19,15,12,3,23,39,59.0,16,25,8,17,18,48,37,2
Antoine Mendy,SEN,DF,Nice,20.0,2004.0,9.2,30,21,16,14,0,19,29,65.5,10,9,5,4,8,38,29,1
Nampalys Mendy,SEN,MF,Lens,32.0,1992.0,6.5,15,8,4,7,4,6,14,42.9,8,8,2,6,9,24,8,0
Gideon Mensah,GHA,DF,Auxerre,26.0,1998.0,25.3,68,45,37,21,10,33,66,50.0,33,27,4,23,50,118,83,0
Quentin Merlin,FRA,DF,Marseille,22.0,2002.0,17.7,22,17,12,5,5,9,16,56.3,7,20,4,16,14,36,17,1
Rafik Messali,FRA,DF,Toulouse,21.0,2003.0,5.1,15,8,6,6,3,7,8,87.5,1,9,1,8,10,25,12,0
Thomas Meunier,BEL,DF,Lille,32.0,1991.0,21.4,53,38,32,15,6,33,49,67.3,16,21,8,13,34,87,64,0
Lucas Michal,FRA,"FW,MF",Monaco,19.0,2005.0,1.3,5,3,3,2,0,2,4,50.0,2,2,0,2,1,6,2,0
Georges Mikautadze,GEO,FW,Lyon,23.0,2000.0,16.1,7,6,1,3,3,3,9,33.3,6,11,0,11,4,11,6,0
Igor Miladinović,SRB,"FW,MF",Saint-Étienne,21.0,2003.0,0.3,0,0,0,0,0,0,0,,0,0,0,0,1,1,1,0
Takumi Minamino,JPN,"MF,FW",Monaco,29.0,1995.0,24.8,33,19,7,14,12,15,42,35.7,27,26,1,25,10,43,20,0
Lucas Mincarelli,FRA,DF,Montpellier,20.0,2004.0,7.9,17,10,6,9,2,6,13,46.2,7,8,5,3,9,26,27,0
Terem Moffi,NGA,FW,Nice,25.0,1999.0,0.6,0,0,0,0,0,0,0,,0,0,0,0,0,0,0,0
Mostafa Mohamed,EGY,FW,Nantes,26.0,1997.0,13.9,18,9,6,8,4,4,12,33.3,8,10,2,8,10,28,27,0
Florent Mollet,FRA,"MF,FW",Nantes,32.0,1991.0,2.7,2,2,1,1,0,1,1,100.0,0,2,0,2,1,3,4,0
Diego Moreira,BEL,"DF,MF",Strasbourg,19.0,2004.0,28.5,44,28,17,19,8,24,50,48.0,26,23,4,19,35,79,65,0
Gabriel Moscardo,BRA,"MF,DF",Reims,18.0,2005.0,0.9,3,1,2,1,0,1,3,33.3,2,3,1,2,0,3,1,0
Yael Mouanga,FRA,DF,Montpellier,19.0,2005.0,10.5,14,8,9,3,2,7,9,77.8,2,16,8,8,10,24,50,0
Aimen Moueffek,FRA,MF,Saint-Étienne,23.0,2001.0,11.5,20,12,3,11,6,10,23,43.5,13,20,7,13,5,25,26,1
Youssoufa Moukoko,GER,"FW,MF",Nice,19.0,2004.0,2.3,3,2,2,1,0,1,2,50.0,1,2,0,2,0,3,0,0
Louis Mouton,FRA,MF,Saint-Étienne,22.0,2002.0,11.6,49,25,14,25,10,22,37,59.5,15,17,3,14,10,59,19,0
Ngal'Ayel Mukau,COD,MF,Lille,19.0,2004.0,13.2,33,18,9,22,2,17,29,58.6,12,14,0,14,15,48,22,0
Marshall Munetsi,ZIM,MF,Reims,28.0,1996.0,18.8,36,18,22,9,5,22,38,57.9,16,27,3,24,17,53,35,0
Almoatasem Al Musrati,LBY,MF,Monaco,28.0,1996.0,4.3,14,11,5,8,1,7,11,63.6,4,3,1,2,5,19,9,0
Junior Mwanga,FRA,MF,Le Havre,21.0,2003.0,10.6,26,16,10,13,3,11,19,57.9,8,10,3,7,8,34,18,2
Junior Mwanga,FRA,MF,Strasbourg,21.0,2003.0,3.3,17,9,9,7,1,5,9,55.6,4,2,0,2,2,19,2,0
Loïc N'Gatta,FRA,DF,Auxerre,20.0,2003.0,0.1,1,1,0,1,0,1,2,50.0,1,1,0,1,0,1,1,0
Djylian N'Guessan,FRA,FW,Saint-Étienne,15.0,2008.0,2.0,6,4,5,1,0,2,5,40.0,3,1,0,1,0,6,1,0
Mickael Nade,FRA,DF,Saint-Étienne,25.0,1999.0,25.6,59,43,40,19,0,28,36,77.8,8,37,19,18,33,92,132,8
Bilal Nadir,MAR,MF,Marseille,20.0,2003.0,4.3,10,3,4,6,0,4,6,66.7,2,6,1,5,4,14,7,0
Mahamadou Nagida,CMR,DF,Rennes,19.0,2005.0,4.8,8,6,4,3,1,4,5,80.0,1,3,0,3,9,17,6,0
Keito Nakamura,JPN,"FW,MF",Reims,24.0,2000.0,29.4,24,16,7,10,7,11,31,35.5,20,21,1,20,13,37,19,0
Sebastian Nanasi,SWE,"MF,FW",Strasbourg,22.0,2002.0,23.4,20,13,6,12,2,8,22,36.4,14,24,3,21,7,27,18,0
Yael Nandjou,FRA,DF,Nice,19.0,2005.0,1.7,4,1,2,1,1,4,8,50.0,4,4,1,3,4,8,7,0
Youssouf Ndayishimiye,BDI,DF,Nice,25.0,1998.0,21.5,40,21,25,14,1,16,27,59.3,11,35,19,16,21,61,117,4
Junior Ndiaye,FRA,FW,Montpellier,19.0,2005.0,4.9,3,2,2,1,0,1,4,25.0,3,2,1,1,0,3,2,0
Rassoul Ndiaye,SEN,MF,Le Havre,22.0,2001.0,11.8,35,25,19,12,4,11,25,44.0,14,15,4,11,12,47,24,0
Wilfried Ndollo,CMR,DF,Montpellier,19.0,2005.0,4.5,6,5,4,1,1,4,8,50.0,4,9,1,8,7,13,11,0
Tanguy Ndombele,FRA,MF,Nice,27.0,1996.0,12.6,35,23,10,21,4,12,20,60.0,8,9,0,9,14,49,9,0
Loïc Nego,HUN,"DF,FW",Le Havre,33.0,1991.0,27.3,58,35,37,16,5,41,64,64.1,23,17,3,14,29,87,82,0
João Neves,POR,"MF,DF",Paris S-G,19.0,2004.0,20.5,63,31,20,26,17,27,45,60.0,18,29,9,20,23,86,22,1
Mikayil Ngor Faye,SEN,DF,Rennes,20.0,2004.0,7.6,15,12,10,3,2,7,9,77.8,2,9,4,5,12,27,30,0
Steve Ngoura,FRA,FW,Le Havre,19.0,2005.0,3.2,4,2,1,1,2,3,3,100.0,0,2,1,1,0,4,2,0
Bernard Nguene,CMR,FW,Nice,17.0,2006.0,0.1,0,0,0,0,0,0,0,,0,0,0,0,0,0,0,0
Moussa Niakhate,SEN,DF,Lyon,28.0,1996.0,30.3,47,27,37,8,2,24,32,75.0,8,26,17,9,25,72,143,3
Abdoulaye Niakhate Ndiaye,SEN,DF,Brest,22.0,2002.0,19.0,49,33,36,12,1,25,37,67.6,12,29,17,12,11,60,144,3
Ibrahima Niane,SEN,FW,Angers,25.0,1999.0,10.5,7,3,3,2,2,3,3,100.0,0,6,1,5,2,9,6,2
Rasmus Nicolaisen,DEN,DF,Toulouse,27.0,1997.0,6.9,6,3,4,2,0,3,5,60.0,2,10,5,5,10,16,25,0
Arnaud Nordin,FRA,FW,Montpellier,26.0,1998.0,13.0,24,15,6,16,2,11,21,52.4,10,12,0,12,5,29,7,0
Plamedi Nsingi,,MF,Nantes,23.0,2000.0,0.2,1,0,1,0,0,0,1,0.0,1,0,0,0,0,1,0,0
Ernest Nuamah,GHA,"FW,MF",Lyon,20.0,2003.0,11.7,21,11,15,4,2,12,27,44.4,15,9,1,8,8,29,8,1
Rabby Nzingoula,FRA,MF,Montpellier,18.0,2005.0,18.8,64,42,26,31,7,27,58,46.6,31,27,5,22,29,93,23,0
M'Bala Nzola,ANG,FW,Lens,27.0,1996.0,16.2,5,4,0,1,4,3,9,33.3,6,9,1,8,5,10,7,0
Marwann Nzuzi,FRA,DF,Saint-Étienne,20.0,2004.0,1.4,2,2,1,0,1,1,2,50.0,1,0,0,0,2,4,6,0
Hamzat Ojediran,NGA,"MF,FW",Lens,20.0,2003.0,4.6,28,15,12,13,3,7,19,36.8,12,10,2,8,10,38,7,0
Joseph Okumu,KEN,DF,Reims,27.0,1997.0,18.8,30,15,21,9,0,15,24,62.5,9,33,21,12,25,55,137,2
Kazeem Olaigbe,BEL,"MF,FW",Rennes,21.0,2003.0,3.3,6,4,3,3,0,3,6,50.0,3,3,1,2,0,6,0,0
Ben Old,NZL,"FW,MF",Saint-Étienne,21.0,2002.0,5.9,7,5,3,3,1,3,11,27.3,8,8,1,7,2,9,2,0
Warmed Omari,COM,DF,Lyon,24.0,2000.0,0.1,0,0,0,0,0,0,0,,0,0,0,0,0,0,1,0
Becir Omeragic,SUI,DF,Montpellier,22.0,2002.0,20.0,32,16,19,12,1,16,21,76.2,5,32,21,11,13,45,78,0
Andrew Omobamidele,IRL,DF,Strasbourg,22.0,2002.0,6.0,7,4,4,3,0,2,5,40.0,3,12,8,4,8,15,41,0
Ado Onaiwu,JPN,"MF,FW",Auxerre,28.0,1995.0,10.6,11,7,2,6,3,4,14,28.6,10,12,0,12,3,14,12,0
Christopher Operi,CIV,"DF,FW",Le Havre,27.0,1997.0,13.0,13,9,6,2,5,7,12,58.3,5,20,6,14,14,27,30,0
Fredrik Oppegard,NOR,DF,Auxerre,21.0,2002.0,3.0,6,4,4,1,1,3,7,42.9,4,2,1,1,2,8,12,1
Victor Orakpo,NGA,FW,Nice,18.0,2006.0,0.4,0,0,0,0,0,0,0,,0,0,0,0,0,0,0,0
Ike Orazi,IRL,MF,Reims,17.0,2007.0,0.0,0,0,0,0,0,0,0,,0,0,0,0,0,0,0,0
Gift Orban,NGA,"FW,DF",Lyon,22.0,2002.0,2.1,0,0,0,0,0,0,1,0.0,1,0,0,0,0,0,0,0
Gabriel Osho,NGA,DF,Auxerre,25.0,1998.0,18.4,23,15,17,3,3,13,20,65.0,7,32,19,13,12,35,87,0
Jibril Othman,TUN,FW,Saint-Étienne,20.0,2004.0,0.1,0,0,0,0,0,0,0,,0,0,0,0,0,0,0,0
Abdoul Ouattara,FRA,"DF,FW",Strasbourg,18.0,2005.0,5.2,6,4,3,1,2,3,5,60.0,2,10,0,10,9,15,12,2
Kassoum Ouattara,FRA,"DF,FW",Monaco,19.0,2004.0,4.3,9,7,5,4,0,4,14,28.6,10,6,0,6,5,14,2,1
Zinédine Ould Khaled,FRA,MF,Angers,24.0,2000.0,3.8,9,7,5,3,1,2,13,15.4,11,6,1,5,2,11,12,0
Beres Owusu,FRA,DF,Saint-Étienne,20.0,2003.0,1.0,2,2,1,1,0,2,2,100.0,0,2,2,0,0,2,5,0
Elisha Owusu,GHA,MF,Auxerre,26.0,1997.0,26.0,73,41,29,39,5,31,48,64.6,17,33,9,24,42,115,35,1
Willian Pacho,ECU,DF,Paris S-G,22.0,2001.0,23.7,56,32,34,22,0,23,32,71.9,9,35,22,13,40,96,91,1
Nicolas Pallois,FRA,DF,Nantes,36.0,1987.0,22.4,61,27,44,13,4,37,63,58.7,26,48,18,30,28,89,164,3
Nicolas Pays,FRA,"FW,MF",Montpellier,20.0,2003.0,5.0,13,6,3,4,6,4,8,50.0,4,1,0,1,4,17,2,0
Kévin Pedro,FRA,DF,Saint-Étienne,18.0,2006.0,0.1,3,0,2,1,0,3,3,100.0,0,1,0,1,2,5,1,0
Jordan Pefok,USA,FW,Reims,28.0,1996.0,4.2,3,2,0,3,0,2,3,66.7,1,3,1,2,2,5,5,0
Théo Pellenard,FRA,DF,Auxerre,30.0,1994.0,0.5,3,2,2,1,0,1,3,33.3,2,1,0,1,0,3,3,0
Timothee Pembele,FRA,DF,Le Havre,21.0,2002.0,12.4,30,22,17,9,4,14,23,60.9,9,16,5,11,11,41,42,0
Faris Pemi Moumbagna,CMR,FW,Marseille,24.0,2000.0,0.1,0,0,0,0,0,0,0,,0,0,0,0,0,0,0,0
Óscar Perea,COL,"MF,DF",Strasbourg,18.0,2005.0,0.2,0,0,0,0,0,0,0,,0,0,0,0,0,0,0,0
Mathias Pereira Lage,POR,"FW,MF",Brest,27.0,1996.0,17.5,37,24,16,13,8,18,39,46.2,21,17,2,15,20,57,20,2
Lucas Perri,BRA,GK,Lyon,26.0,1997.0,33.0,1,1,1,0,0,0,4,0.0,4,1,0,1,0,1,22,1
Gaëtan Perrin,FRA,"MF,FW",Auxerre,28.0,1996.0,29.9,49,26,22,12,15,21,48,43.8,27,10,0,10,12,61,4,1
Prosper Peter,NGA,"MF,FW",Angers,16.0,2007.0,0.3,2,1,0,2,0,0,0,,0,0,0,0,0,2,0,0
Léo Pétrot,FRA,DF,Saint-Étienne,27.0,1997.0,29.3,62,39,38,19,5,34,51,66.7,17,50,27,23,42,104,103,1
Đorđe Petrović,SRB,GK,Strasbourg,24.0,1999.0,31.0,1,1,1,0,0,0,0,,0,0,0,0,0,1,24,1
Tom Pouilly,FRA,"DF,MF",Lens,21.0,2003.0,3.0,9,6,5,1,3,5,10,50.0,5,5,1,4,4,13,11,0
Adrien Rabiot,FRA,MF,Marseille,29.0,1995.0,27.6,49,31,17,21,11,19,32,59.4,13,21,2,19,21,70,32,0
Gonçalo Ramos,POR,FW,Paris S-G,23.0,2001.0,11.8,11,6,5,5,1,3,6,50.0,3,5,1,4,0,11,5,0
Lilian Raolisoa,FRA,"DF,FW",Angers,24.0,2000.0,14.6,41,24,24,13,4,17,38,44.7,21,11,2,9,15,56,45,0
Rayan Raveloson,MAD,"MF,DF",Auxerre,27.0,1997.0,8.0,6,5,2,4,0,5,15,33.3,10,8,7,1,5,11,22,0
Guillaume Restes,FRA,GK,Toulouse,19.0,2005.0,28.3,2,1,2,0,0,2,3,66.7,1,0,0,0,1,3,16,1
Alexsandro Ribeiro,BRA,DF,Lille,24.0,1999.0,30.0,32,19,18,13,1,20,30,66.7,10,23,13,10,27,59,143,3
Alejandro Rodriguez,POR,MF,Lyon,16.0,2008.0,0.2,0,0,0,0,0,0,0,,0,0,0,0,0,0,0,0
Valentin Rongier,FRA,"MF,DF",Marseille,29.0,1994.0,17.4,50,28,14,31,5,27,43,62.8,16,30,9,21,33,83,28,5
Pablo Rosario,DOM,"MF,DF",Nice,27.0,1997.0,19.7,30,20,6,19,5,11,20,55.0,9,19,11,8,31,61,43,2
Anthony Rouault,FRA,DF,Rennes,23.0,2001.0,10.8,12,8,10,2,0,4,4,100.0,0,13,11,2,8,20,65,0
Jonathan Rowe,ENG,"FW,MF",Marseille,21.0,2003.0,9.0,15,11,5,4,6,6,14,42.9,8,4,1,3,2,17,4,0
Fabián Ruiz Peña,ESP,MF,Paris S-G,28.0,1996.0,21.4,37,24,13,15,9,21,47,44.7,26,25,3,22,16,53,27,1
Gerónimo Rulli,ARG,GK,Marseille,32.0,1992.0,34.0,4,3,4,0,0,4,8,50.0,4,1,0,1,1,5,25,3
Mathew Ryan,AUS,GK,Lens,32.0,1992.0,14.0,1,0,1,0,0,1,2,50.0,1,0,0,0,1,2,2,2
Emmanuel Sabbi,USA,"FW,MF",Le Havre,26.0,1997.0,7.3,14,7,7,4,3,5,8,62.5,3,2,0,2,3,17,4,0
Falaye Sacko,MLI,DF,Montpellier,29.0,1995.0,13.7,14,8,9,4,1,9,19,47.4,10,17,7,10,13,27,21,0
Matvei Safonov,RUS,GK,Paris S-G,25.0,1999.0,9.8,0,0,0,0,0,0,0,,0,1,0,1,1,1,3,0
Modibo Sagnan,MLI,DF,Montpellier,25.0,1999.0,23.8,57,35,38,16,3,26,44,59.1,18,24,13,11,29,86,110,5
Osame Sahraoui,MAR,"FW,MF",Lille,23.0,2001.0,14.4,13,9,4,4,5,3,8,37.5,5,14,1,13,7,20,8,1
Wesley Saïd,FRA,FW,Lens,29.0,1995.0,10.1,16,11,3,10,3,6,13,46.2,7,6,0,6,2,18,2,0
Théo Sainte-Luce,FRA,DF,Montpellier,25.0,1998.0,11.3,24,11,16,4,4,16,33,48.5,17,16,4,12,12,36,33,1
Ibrahim Salah,MAR,FW,Brest,22.0,2001.0,4.0,4,2,1,1,2,1,6,16.7,5,2,0,2,2,6,0,0
Amine Salama,FRA,FW,Reims,24.0,2000.0,4.1,3,2,0,2,1,0,3,0.0,3,2,1,1,1,4,0,0
Mohammed Salisu,GHA,DF,Monaco,25.0,1999.0,11.4,28,18,16,11,1,13,16,81.3,3,10,8,2,16,44,54,2
Yoann Salmier,GUF,DF,Le Havre,31.0,1992.0,8.9,14,7,9,4,1,10,13,76.9,3,12,8,4,10,24,59,0
Mama Samba Baldé,GNB,FW,Lyon,28.0,1995.0,0.4,2,2,0,2,0,0,0,,0,0,0,0,1,3,1,0
Mama Samba Baldé,GNB,FW,Brest,28.0,1995.0,12.8,13,9,4,4,5,3,14,21.4,11,8,0,8,6,19,14,0
Brice Samba,FRA,GK,Rennes,30.0,1994.0,17.0,2,1,2,0,0,1,2,50.0,1,0,0,0,0,2,12,3
Brice Samba,FRA,GK,Lens,30.0,1994.0,15.0,0,0,0,0,0,0,0,,0,0,0,0,1,1,6,2
Arouna Sangante,SEN,DF,Le Havre,22.0,2002.0,13.8,25,16,11,14,0,10,17,58.8,7,11,5,6,21,46,65,3
Nhoa Sangui,FRA,"DF,MF",Reims,18.0,2006.0,12.9,16,9,6,6,4,9,12,75.0,3,8,4,4,8,24,23,0
Morgan Sanson,FRA,MF,Nice,29.0,1994.0,2.6,6,3,2,4,0,1,3,33.3,2,3,0,3,4,10,2,0
Baptiste Santamaria,FRA,MF,Nice,29.0,1995.0,10.3,20,10,10,7,3,13,22,59.1,9,14,3,11,18,38,19,1
Baptiste Santamaria,FRA,MF,Rennes,29.0,1995.0,5.4,11,4,7,3,1,6,11,54.5,5,10,4,6,12,23,7,0
Andrey Santos,BRA,MF,Strasbourg,20.0,2004.0,31.7,110,74,47,51,12,51,87,58.6,36,46,14,32,32,142,67,1
Tiago Santos,POR,DF,Lille,22.0,2002.0,4.5,12,7,4,5,3,6,9,66.7,3,2,0,2,2,14,4,0
Malang Sarr,FRA,DF,Lens,25.0,1999.0,15.4,21,13,12,6,3,16,27,59.3,11,18,9,9,22,43,63,3
Mamadou Sarr,SEN,DF,Strasbourg,18.0,2005.0,26.3,37,21,24,11,2,16,24,66.7,8,26,20,6,25,62,117,3
Martin Satriano,URU,"FW,DF",Lens,23.0,2001.0,1.0,3,1,1,1,1,3,3,100.0,0,0,0,0,0,3,2,0
Téji Savanier,FRA,MF,Montpellier,32.0,1991.0,26.3,29,25,7,16,6,18,43,41.9,25,16,1,15,15,44,21,4
Niklas Schmidt,GER,MF,Toulouse,26.0,1998.0,2.3,6,4,1,5,0,4,7,57.1,3,0,0,0,1,7,4,0
Jérémy Sebas,MTQ,"FW,MF",Strasbourg,21.0,2003.0,2.1,3,2,1,1,1,2,3,66.7,1,2,0,2,0,3,4,0
Alidu Seidu,GHA,DF,Rennes,24.0,2000.0,8.9,22,18,14,6,2,12,15,80.0,3,13,6,7,14,36,17,0
Hiroki Sekine,JPN,DF,Reims,21.0,2002.0,9.9,9,7,6,2,1,7,17,41.2,10,22,11,11,5,14,51,1
Marvin Senaya,TOG,DF,Strasbourg,23.0,2001.0,2.5,8,3,5,2,1,6,12,50.0,6,6,2,4,7,15,12,0
Djibril Sidibé,FRA,DF,Toulouse,32.0,1992.0,23.3,65,36,34,22,9,31,50,62.0,19,11,3,8,20,85,64,1
Vincent Sierro,SUI,MF,Toulouse,28.0,1995.0,26.7,44,27,15,23,6,27,56,48.2,29,34,9,25,16,60,44,1
Caio Henrique Oliveira Silva,BRA,DF,Monaco,27.0,1997.0,21.4,37,26,16,19,2,23,44,52.3,21,26,8,18,22,59,59,0
Abdallah Sima,SEN,"FW,MF",Brest,23.0,2001.0,13.8,15,11,2,5,8,4,11,36.4,7,9,1,8,1,16,9,0
Moses Simon,NGA,"FW,MF",Nantes,29.0,1995.0,29.0,20,14,4,7,9,7,22,31.8,15,11,0,11,12,32,13,0
Lassine Sinayoko,MLI,"FW,MF",Auxerre,24.0,1999.0,25.5,33,20,10,14,9,11,23,47.8,12,16,2,14,13,46,38,0
Wilfried Singo,CIV,DF,Monaco,23.0,2000.0,23.3,37,23,24,10,3,20,28,71.4,8,17,9,8,43,80,110,2
Ayanda Sishuba,BEL,FW,Rennes,19.0,2005.0,0.0,1,0,1,0,0,1,1,100.0,0,0,0,0,0,1,0,0
Ibrahim Sissoko,MLI,FW,Saint-Étienne,28.0,1995.0,9.1,11,9,5,3,3,2,5,40.0,3,10,2,8,2,13,13,0
Niama Sissoko,MLI,"FW,MF",Reims,18.0,2005.0,0.5,0,0,0,0,0,0,0,,0,1,0,1,0,0,0,0
Leo Skiri Østigård,NOR,DF,Rennes,24.0,1999.0,13.6,20,18,16,4,0,15,22,68.2,7,12,10,2,15,35,81,1
Milan Škriniar,SVK,DF,Paris S-G,29.0,1995.0,4.2,7,5,3,4,0,3,3,100.0,0,7,6,1,3,10,16,0
Naatan Skyttä,FIN,FW,Toulouse,22.0,2002.0,0.1,1,0,0,0,1,0,0,,0,0,0,0,0,1,0,0
Eduard Sobol,UKR,DF,Strasbourg,29.0,1995.0,1.1,0,0,0,0,0,0,2,0.0,2,2,1,1,2,2,14,0
Florian Sotoca,FRA,"FW,MF",Lens,33.0,1990.0,19.9,22,13,3,8,11,12,22,54.5,10,12,2,10,14,36,25,0
Issa Soumaré,SEN,"FW,MF",Le Havre,23.0,2000.0,21.1,25,14,8,10,7,13,49,26.5,36,19,4,15,16,41,32,0
Saidou Sow,GUI,DF,Strasbourg,22.0,2002.0,11.3,9,5,6,3,0,6,12,50.0,6,15,9,6,15,24,37,2
Saidou Sow,GUI,DF,Nantes,22.0,2002.0,8.9,17,11,13,4,0,6,10,60.0,4,19,12,7,13,30,46,1
Lucas Stassin,BEL,FW,Saint-Étienne,19.0,2004.0,21.0,16,11,3,5,8,6,20,30.0,14,10,0,10,3,19,8,0
Enzo Sternal,FRA,"FW,MF",Marseille,17.0,2007.0,0.3,0,0,0,0,0,0,0,,0,0,0,0,0,0,0,0
Gabriel Suazo,CHI,DF,Toulouse,26.0,1997.0,24.0,59,39,25,22,12,30,72,41.7,42,27,3,24,36,95,40,1
Abakar Sylla,CIV,DF,Strasbourg,21.0,2002.0,10.6,27,15,14,11,2,15,17,88.2,2,18,10,8,11,38,63,0
Issiaga Sylla,GUI,DF,Montpellier,30.0,1994.0,12.8,25,10,17,7,1,15,29,51.7,14,13,4,9,10,35,34,1
Musa Al-Taamari,JOR,"FW,MF",Montpellier,27.0,1997.0,12.4,14,10,4,5,5,8,15,53.3,7,2,0,2,3,17,3,2
Musa Al-Taamari,JOR,"FW,MF",Rennes,27.0,1997.0,6.3,4,1,1,1,2,0,4,0.0,4,5,0,5,2,6,2,0
Nicolás Tagliafico,ARG,DF,Lyon,31.0,1992.0,21.1,57,37,24,22,11,29,48,60.4,19,25,7,18,36,93,55,0
Axel Tapé,FRA,"DF,MF",Paris S-G,16.0,2007.0,2.0,3,1,1,2,0,2,2,100.0,0,2,2,0,1,4,5,0
Florian Tardieu,FRA,MF,Saint-Étienne,32.0,1992.0,13.9,18,14,6,9,3,6,17,35.3,11,18,5,13,15,33,21,0
Oussama Targhalline,MAR,MF,Le Havre,22.0,2002.0,11.0,19,14,12,3,4,5,12,41.7,7,14,7,7,19,38,14,2
Enzo Tchato,CMR,DF,Montpellier,21.0,2002.0,21.1,48,26,26,18,4,26,44,59.1,18,30,10,20,22,70,59,0
Arnau Tenas,ESP,GK,Paris S-G,23.0,2001.0,1.0,0,0,0,0,0,0,0,,0,0,0,0,0,0,0,0
Tanner Tessmann,USA,MF,Lyon,22.0,2001.0,13.7,25,15,11,10,4,12,25,48.0,13,13,7,6,19,44,29,1
Teddy Teuma,MLT,MF,Reims,30.0,1993.0,8.3,18,10,6,6,6,7,25,28.0,18,12,2,10,12,30,8,1
Jordan Teze,NED,DF,Monaco,24.0,1999.0,6.3,18,9,8,9,1,7,16,43.8,9,12,1,11,6,24,15,0
Sorba Thomas,WAL,"FW,MF",Nantes,24.0,1999.0,14.7,14,6,7,5,2,10,18,55.6,8,12,2,10,9,23,27,1
Adrien Thomasson,FRA,MF,Lens,30.0,1993.0,29.1,90,47,42,25,23,52,95,54.7,43,48,3,45,19,109,28,2
Corentin Tolisso,FRA,MF,Lyon,29.0,1994.0,25.9,57,25,21,26,10,34,65,52.3,31,52,13,39,22,79,41,1
Abdoulaye Touré,GUI,MF,Le Havre,30.0,1994.0,25.8,61,34,31,21,9,33,59,55.9,26,36,19,17,34,95,42,5
Birama Touré,MLI,"MF,DF",Montpellier,32.0,1992.0,3.3,8,5,5,2,1,4,6,66.7,2,3,2,1,6,14,7,0
Ousmane Toure,FRA,DF,Lille,19.0,2005.0,0.1,0,0,0,0,0,0,0,,0,0,0,0,1,1,2,0
Adrien Truffert,FRA,"DF,MF",Rennes,22.0,2001.0,30.6,61,36,27,21,13,32,48,66.7,16,44,6,38,27,88,56,1
Vanderson,BRA,DF,Monaco,23.0,2001.0,22.9,76,48,37,30,9,45,64,70.3,19,43,6,37,39,115,65,2
Robinio Vaz,FRA,FW,Marseille,17.0,2007.0,0.8,1,1,0,0,1,0,2,0.0,2,0,0,0,0,1,2,0
Jordan Veretout,FRA,MF,Lyon,31.0,1993.0,17.3,30,14,14,14,2,17,40,42.5,23,17,3,14,5,35,23,1
Ben Viadere,FRA,MF,Auxerre,18.0,2005.0,0.1,0,0,0,0,0,0,0,,0,0,0,0,0,0,0,0
Vitinha,POR,MF,Paris S-G,24.0,2000.0,22.7,43,23,13,27,3,25,48,52.1,23,26,7,19,14,57,19,2
Ibrahima Wadji,SEN,"FW,MF",Saint-Étienne,29.0,1995.0,3.9,7,6,3,3,1,3,7,42.9,4,1,0,1,1,8,0,0
Elye Wahi,FRA,FW,Marseille,21.0,2003.0,6.4,0,0,0,0,0,0,4,0.0,4,1,0,1,1,1,0,0
Caleb Wiley,USA,"DF,MF",Strasbourg,19.0,2004.0,3.0,1,0,0,1,0,0,1,0.0,1,3,1,2,4,5,5,0
Christopher Wooh,CMR,DF,Rennes,22.0,2001.0,16.2,36,19,21,13,2,18,27,66.7,9,22,8,14,23,59,63,0
Etienne Youte Kinkoue,FRA,DF,Le Havre,22.0,2002.0,25.8,19,10,11,7,1,13,20,65.0,7,36,23,13,29,48,158,3
Eloge Zabi,CIV,"DF,MF",Reims,17.0,2006.0,0.2,0,0,0,0,0,0,0,,0,0,0,0,0,0,1,0
Yoram Zague,FRA,"DF,FW",Paris S-G,18.0,2006.0,2.0,8,6,3,1,4,6,8,75.0,2,3,0,3,2,10,2,0
Wilfried Zaha,CIV,FW,Lyon,31.0,1992.0,0.8,1,1,1,0,0,1,2,50.0,1,3,0,3,1,2,0,0
Warren Zaïre-Emery,FRA,"MF,DF",Paris S-G,18.0,2006.0,22.8,51,26,17,21,13,23,45,51.1,22,35,6,29,23,74,20,2
Miha Zajc,SVN,MF,Toulouse,30.0,1994.0,2.9,4,4,1,2,1,3,5,60.0,2,2,1,1,3,7,7,0
Denis Zakaria,SUI,MF,Monaco,27.0,1996.0,23.8,41,26,15,19,7,24,33,72.7,9,31,8,23,34,75,39,1
Anass Zaroury,MAR,"FW,MF",Lens,23.0,2000.0,15.6,23,17,6,12,5,9,26,34.6,17,9,0,9,6,29,15,0
Nathan Zeze,FRA,DF,Nantes,19.0,2005.0,16.8,38,22,22,16,0,23,33,69.7,10,22,9,13,23,61,120,1
Edon Zhegrova,KVX,"FW,MF",Lille,25.0,1999.0,10.9,5,2,3,0,2,2,7,28.6,5,8,0,8,4,9,1,0
Melvin Zinga,FRA,GK,Angers,22.0,2002.0,1.0,0,0,0,0,0,0,0,,0,0,0,0,0,0,1,0
Luck Zogbé,CIV,DF,Brest,19.0,2005.0,7.1,32,18,17,11,4,18,26,69.2,8,11,2,9,14,46,22,1
Aristide Zossou,CIV,MF,Auxerre,19.0,2005.0,0.2,0,0,0,0,0,0,0,,0,0,0,0,0,0,0,0
Yanis Zouaoui,ALG,"DF,FW",Le Havre,30.0,1994.0,10.8,20,10,10,8,2,11,15,73.3,4,15,2,13,8,28,43,0
Edhy Zuliani,FRA,DF,Toulouse,19.0,2004.0,0.1,0,0,0,0,0,0,0,,0,0,0,0,1,1,0,0
