Unnamed: 0_level_0_Rk,Unnamed: 1_level_0_Player,Unnamed: 2_level_0_Nation,Unnamed: 3_level_0_Pos,Unnamed: 4_level_0_Squad,Unnamed: 5_level_0_Age,Unnamed: 6_level_0_Born,Unnamed: 7_level_0_90s,Total_Cmp,Total_Att,Total_Cmp%,Total_TotDist,Total_PrgDist,Short_Cmp,Short_Att,Short_Cmp%,Medium_Cmp,Medium_Att,Medium_Cmp%,Long_Cmp,Long_Att,Long_Cmp%,Unnamed: 22_level_0_Ast,Unnamed: 23_level_0_xAG,Expected_xA,Expected_A-xAG,Unnamed: 26_level_0_KP,Unnamed: 27_level_0_1/3,Unnamed: 28_level_0_PPA,Unnamed: 29_level_0_CrsPA,Unnamed: 30_level_0_PrgP,Unnamed: 31_level_0_Matches
1,Keyliane Abdallah,fr FRA,FW,Marseille,18,2006,0.0,2,2,100.0,41,0,0,0,,2,2,100.0,0,0,,0,0.0,0.0,0.0,0,0,0,0,0,Matches
2,Yunis Abdelhamid,ma MAR,DF,Saint-Étienne,36,1987,11.5,438,505,86.7,7952,2404,147,160,91.9,263,287,91.6,23,48,47.9,0,0.1,0.3,-0.1,2,28,0,0,22,Matches
3,Himad Abdelli,dz ALG,"MF,FW",Angers,24,1999,31.6,1373,1672,82.1,21646,6031,710,807,88.0,531,612,86.8,82,151,54.3,1,3.2,3.7,-2.2,39,171,38,3,207,Matches
4,Mohamed Abdelmoneim,eg EGY,DF,Nice,25,1999,9.5,471,521,90.4,8299,2620,195,207,94.2,241,259,93.1,27,44,61.4,0,0.0,0.2,0.0,0,41,1,0,52,Matches
5,Ali Abdi,tn TUN,"DF,MF",Nice,30,1993,15.5,502,678,74.0,7914,2701,269,314,85.7,188,245,76.7,33,72,45.8,2,1.9,1.7,+0.1,20,19,21,7,42,Matches
6,Matthis Abline,fr FRA,FW,Nantes,21,2003,30.8,351,538,65.2,5145,976,185,256,72.3,119,160,74.4,20,38,52.6,2,3.8,3.4,-1.8,27,23,15,4,48,Matches
7,Abner,br BRA,DF,Lyon,24,2000,12.1,568,675,84.1,8355,3494,335,366,91.5,181,210,86.2,33,55,60.0,1,1.1,2.3,-0.1,11,45,11,2,66,Matches
8,Zakaria Aboukhlal,ma MAR,"MF,FW",Toulouse,24,2000,21.1,221,349,63.3,2789,753,145,193,75.1,56,94,59.6,6,15,40.0,2,1.6,2.0,+0.4,12,16,10,4,22,Matches
9,Martin Adeline,fr FRA,MF,Reims,20,2003,0.3,8,10,80.0,138,11,3,3,100.0,3,4,75.0,1,2,50.0,0,0.0,0.0,0.0,0,1,0,0,0,Matches
10,Adryelson,br BRA,DF,Lyon,26,1998,0.0,1,3,33.3,21,19,0,1,0.0,1,2,50.0,0,0,,0,0.0,0.0,0.0,0,0,0,0,1,Matches
11,Emmanuel Agbadou,ci CIV,DF,Reims,27,1997,14.0,810,922,87.9,16521,6962,293,316,92.7,400,417,95.9,110,174,63.2,0,0.3,0.3,-0.3,8,71,4,1,77,Matches
12,Jeremy Agbonifo,se SWE,"FW,MF",Lens,18,2005,3.3,58,80,72.5,743,182,37,43,86.0,18,24,75.0,1,4,25.0,0,0.2,0.4,-0.2,3,4,4,2,6,Matches
13,Ruben Aguilar,fr FRA,"DF,MF",Lens,31,1993,12.5,677,843,80.3,9523,4115,430,487,88.3,184,238,77.3,34,54,63.0,2,1.9,1.4,+0.1,11,44,21,6,74,Matches
14,Naouirou Ahamada,fr FRA,"MF,FW",Rennes,22,2002,0.6,17,22,77.3,266,33,8,11,72.7,9,9,100.0,0,2,0.0,0,0.0,0.0,0.0,0,2,0,0,1,Matches
15,Jean-Eudes Aholou,ci CIV,MF,Angers,30,1994,21.8,644,764,84.3,10183,2687,320,361,88.6,287,322,89.1,21,47,44.7,0,1.0,0.7,-1.0,10,46,7,0,68,Matches
16,Ayman Aiki,fr FRA,"FW,MF",Saint-Étienne,19,2005,1.4,17,29,58.6,234,93,12,17,70.6,4,7,57.1,1,3,33.3,0,0.0,0.0,0.0,1,2,1,0,5,Matches
17,Ludovic Ajorque,fr FRA,FW,Brest,30,1994,27.7,462,671,68.9,6965,969,254,354,71.8,147,198,74.2,35,48,72.9,2,3.1,1.8,-1.1,35,29,11,1,41,Matches
18,Ümit Akdag,ro ROU,DF,Toulouse,20,2003,5.6,274,348,78.7,4648,1667,122,144,84.7,137,152,90.1,13,39,33.3,0,0.1,0.1,-0.1,2,18,1,0,29,Matches
19,Sergio Akieme,es ESP,DF,Reims,26,1997,28.0,929,1147,81.0,13641,4062,527,575,91.7,338,403,83.9,35,108,32.4,3,2.5,2.5,+0.5,21,42,20,12,86,Matches
20,Maghnes Akliouche,fr FRA,"FW,MF",Monaco,22,2002,26.7,989,1216,81.3,13887,4098,604,670,90.1,291,356,81.7,54,87,62.1,10,7.3,7.8,+2.7,49,90,64,3,173,Matches
21,Adams Akor,ng NGA,FW,Montpellier,24,2000,11.9,112,179,62.6,1540,198,72,101,71.3,32,49,65.3,3,10,30.0,1,1.0,0.1,0.0,12,8,0,0,6,Matches
22,Paul Akouokou,ci CIV,MF,Lyon,26,1997,0.2,10,15,66.7,218,58,4,5,80.0,3,5,60.0,3,4,75.0,0,0.0,0.0,0.0,0,0,0,0,1,Matches
23,Clément Akpa,ci CIV,DF,Auxerre,22,2001,27.6,998,1209,82.5,19673,7381,366,407,89.9,495,549,90.2,123,215,57.2,1,0.9,0.9,+0.1,8,74,10,5,74,Matches
24,Chuba Akpom,eng ENG,FW,Lille,28,1995,7.1,67,99,67.7,822,138,44,54,81.5,12,21,57.1,3,4,75.0,1,0.5,0.4,+0.5,5,1,4,0,7,Matches
25,Mohamed Ali Cho,fr FRA,"FW,MF",Nice,20,2004,18.0,338,481,70.3,4959,1248,205,247,83.0,105,147,71.4,19,42,45.2,4,4.0,3.5,0.0,30,23,36,5,59,Matches
26,Jim Allevinah,ga GAB,FW,Angers,29,1995,19.4,363,483,75.2,5265,1271,219,256,85.5,111,157,70.7,19,31,61.3,3,2.5,1.7,+0.5,15,28,13,3,48,Matches
27,Thiago Almada,ar ARG,"MF,FW",Lyon,23,2001,10.6,635,748,84.9,10034,2735,349,378,92.3,232,255,91.0,39,82,47.6,4,2.6,2.4,+1.4,22,58,20,2,97,Matches
28,Jordan Amavi,fr FRA,DF,Brest,30,1994,8.8,386,526,73.4,6269,2275,182,214,85.0,175,237,73.8,21,50,42.0,0,0.2,0.4,-0.2,6,28,6,1,36,Matches
29,Kelvin Amian,fr FRA,DF,Nantes,26,1998,24.1,738,921,80.1,11821,5145,385,421,91.4,278,343,81.0,52,105,49.5,0,0.8,1.8,-0.8,13,60,24,12,73,Matches
30,Michael Amir Murillo,pa PAN,DF,Marseille,28,1996,27.1,1665,1902,87.5,26059,8235,812,867,93.7,770,865,89.0,51,93,54.8,3,3.3,2.9,-0.3,24,142,19,4,140,Matches
31,Samuel Amo-Ameyaw,eng ENG,"DF,MF",Strasbourg,18,2006,3.6,106,123,86.2,1579,280,55,60,91.7,42,47,89.4,3,7,42.9,0,0.6,0.9,-0.6,5,4,5,0,12,Matches
32,Mathis Amougou,fr FRA,MF,Saint-Étienne,18,2006,9.5,232,301,77.1,3514,1194,126,146,86.3,82,107,76.6,14,25,56.0,0,0.4,0.3,-0.4,7,23,4,0,36,Matches
33,Benjamin André,fr FRA,MF,Lille,33,1990,29.9,1586,1911,83.0,26597,7159,772,862,89.6,636,737,86.3,138,208,66.3,3,1.9,2.7,+1.1,21,207,18,3,209,Matches
34,Kyllian Antonio,fr FRA,"DF,MF",Lens,16,2008,1.5,81,97,83.5,1347,373,36,37,97.3,37,41,90.2,5,12,41.7,0,0.0,0.0,0.0,0,2,0,0,0,Matches
35,Dennis Appiah,fr FRA,DF,Saint-Étienne,32,1992,23.6,903,1179,76.6,14432,6487,475,541,87.8,365,447,81.7,47,122,38.5,1,2.1,2.2,-1.1,13,81,25,7,108,Matches
36,Carlens Arcus,ht HAI,DF,Angers,28,1996,22.7,810,1020,79.4,13534,4817,400,448,89.3,332,419,79.2,69,111,62.2,1,1.4,1.4,-0.4,17,58,20,10,70,Matches
37,Hákon Arnar Haraldsson,is ISL,"MF,FW",Lille,21,2003,19.5,751,946,79.4,12052,2948,369,428,86.2,302,351,86.0,53,95,55.8,3,2.8,3.2,+0.2,35,64,42,5,102,Matches
38,Marco Asensio,es ESP,"FW,MF",Paris S-G,28,1996,6.9,291,335,86.9,4166,808,183,196,93.4,80,93,86.0,19,26,73.1,4,2.7,1.7,+1.3,16,31,4,1,36,Matches
39,Lorenz Assignon,tg TOG,"DF,MF",Rennes,24,2000,26.2,1015,1301,78.0,15872,5411,518,609,85.1,428,531,80.6,41,83,49.4,4,3.5,3.7,+0.5,29,70,28,12,116,Matches
40,Dehmaine Assoumani,fr FRA,"MF,FW",Nantes,19,2005,1.1,38,50,76.0,581,163,21,24,87.5,13,15,86.7,3,6,50.0,0,0.9,1.0,-0.9,5,1,2,2,1,Matches
41,Valentin Atangana Edoa,fr FRA,MF,Reims,18,2005,31.7,908,1056,86.0,13649,3710,489,532,91.9,374,417,89.7,23,49,46.9,0,1.1,0.7,-1.1,12,66,8,1,93,Matches
42,Florian Ayé,fr FRA,FW,Auxerre,27,1997,6.4,95,129,73.6,1234,154,63,80,78.8,22,29,75.9,3,4,75.0,0,0.1,0.1,-0.1,3,4,2,0,7,Matches
43,André Ayew,gh GHA,FW,Le Havre,34,1989,16.1,181,238,76.1,2231,272,113,134,84.3,54,68,79.4,0,4,0.0,1,0.2,0.3,+0.8,8,7,3,0,18,Matches
44,Neil El Aynaoui,ma MAR,MF,Lens,23,2001,17.6,816,966,84.5,12776,3533,432,469,92.1,286,327,87.5,57,99,57.6,1,2.0,2.4,-1.0,22,76,7,2,75,Matches
45,Shavy Babicka,ga GAB,"MF,FW",Toulouse,24,2000,13.2,196,292,67.1,2616,643,118,155,76.1,60,85,70.6,5,15,33.3,2,1.6,1.9,+0.4,13,8,13,5,21,Matches
46,Theo Bair,ca CAN,FW,Auxerre,24,1999,10.4,132,213,62.0,1538,359,84,122,68.9,28,49,57.1,3,8,37.5,1,1.2,0.9,-0.2,10,10,0,0,16,Matches
47,Mitchel Bakker,nl NED,"FW,DF",Lille,24,2000,12.7,499,641,77.8,8228,2642,252,290,86.9,188,235,80.0,45,75,60.0,2,2.7,2.3,-0.7,23,42,27,11,57,Matches
48,Darryl Bakola,fr FRA,"DF,MF",Marseille,16,2007,0.2,12,13,92.3,159,40,9,9,100.0,2,3,66.7,1,1,100.0,0,0.0,0.0,0.0,0,1,0,0,0,Matches
49,Dilane Bakwa,fr FRA,"MF,DF",Strasbourg,21,2002,27.7,808,1109,72.9,13642,4130,401,475,84.4,298,394,75.6,87,178,48.9,8,6.6,6.0,+1.4,47,67,40,10,129,Matches
50,Leonardo Balerdi,ar ARG,DF,Marseille,25,1999,25.3,2360,2516,93.8,39477,14824,1024,1054,97.2,1155,1198,96.4,125,186,67.2,0,0.7,0.8,-0.7,8,150,6,0,105,Matches
51,Fodé Ballo-Touré,sn SEN,"DF,MF",Le Havre,27,1997,6.5,259,311,83.3,4291,1377,124,131,94.7,115,134,85.8,15,25,60.0,0,0.1,0.1,-0.1,1,20,2,2,13,Matches
52,Folarin Balogun,us USA,FW,Monaco,23,2001,6.8,85,125,68.0,959,126,46,61,75.4,19,31,61.3,2,5,40.0,0,0.9,1.2,-0.9,6,5,1,0,9,Matches
53,Abdoulaye Bamba,ci CIV,DF,Angers,34,1990,16.8,518,585,88.5,10459,3330,126,139,90.6,341,364,93.7,44,68,64.7,0,0.3,0.3,-0.3,6,19,4,3,16,Matches
54,Mohamed Bamba,ci CIV,MF,Reims,19,2004,0.1,16,19,84.2,336,82,7,8,87.5,5,7,71.4,4,4,100.0,0,0.0,0.0,0.0,0,3,0,0,3,Matches
55,Valentín Barco,ar ARG,"MF,DF",Strasbourg,20,2004,12.9,644,777,82.9,10174,2666,348,380,91.6,246,291,84.5,39,74,52.7,2,1.5,1.5,+0.5,8,54,9,2,64,Matches
56,Bradley Barcola,fr FRA,FW,Paris S-G,21,2002,24.2,749,917,81.7,10250,2486,485,546,88.8,225,275,81.8,20,33,60.6,10,10.1,5.9,-0.1,50,28,51,4,96,Matches
57,Melvin Bard,fr FRA,"DF,MF",Nice,23,2000,21.5,903,1166,77.4,15233,5399,451,487,92.6,371,468,79.3,66,150,44.0,1,1.9,2.5,-0.9,15,76,26,13,88,Matches
58,Gabriel Bares,ch SUI,"MF,DF",Montpellier,23,2000,0.6,34,40,85.0,590,199,17,19,89.5,13,14,92.9,4,7,57.1,0,0.0,0.0,0.0,0,5,0,0,3,Matches
59,Téo Barisic,hr CRO,DF,Lyon,19,2004,0.0,1,1,100.0,19,0,0,0,,1,1,100.0,0,0,,0,0.0,0.0,0.0,0,0,0,0,0,Matches
60,Dylan Batubinsika,cd COD,DF,Saint-Étienne,28,1996,22.4,1112,1217,91.4,20308,6434,400,417,95.9,628,667,94.2,72,113,63.7,0,0.2,0.4,-0.2,4,47,3,1,51,Matches
61,Haris Belkebla,dz ALG,MF,Angers,30,1994,19.9,727,830,87.6,11935,3432,353,383,92.2,310,344,90.1,47,62,75.8,1,0.9,0.3,+0.1,5,68,3,0,69,Matches
62,Yassin Belkhdim,fr FRA,MF,Angers,22,2002,16.9,394,487,80.9,5963,1404,216,239,90.4,149,179,83.2,20,34,58.8,1,0.6,0.5,+0.4,5,27,3,1,37,Matches
63,Eliesse Ben Seghir,ma MAR,"MF,FW",Monaco,19,2005,19.4,754,951,79.3,10638,3042,454,515,88.2,233,293,79.5,34,76,44.7,3,5.2,4.6,-2.2,33,71,45,4,122,Matches
64,Ismaël Bennacer,dz ALG,MF,Marseille,26,1997,7.2,737,810,91.0,11402,3119,380,398,95.5,284,296,95.9,48,75,64.0,2,1.8,1.5,+0.2,13,83,13,2,72,Matches
65,Saïd Benrahma,dz ALG,"FW,MF",Lyon,28,1995,8.2,258,358,72.1,3787,1234,151,173,87.3,77,113,68.1,17,33,51.5,3,2.1,2.7,+0.9,14,21,19,3,32,Matches
66,Nabil Bentaleb,dz ALG,MF,Lille,29,1994,3.7,210,244,86.1,3946,1248,72,81,88.9,108,117,92.3,21,30,70.0,0,0.0,0.2,0.0,1,17,2,0,23,Matches
67,Lucas Beraldo,br BRA,DF,Paris S-G,20,2003,22.3,2013,2132,94.4,35552,12625,761,790,96.3,1093,1132,96.6,130,160,81.3,0,0.4,0.9,-0.4,8,168,13,2,131,Matches
68,Maxime Bernauer,fr FRA,DF,Saint-Étienne,26,1998,8.5,413,469,88.1,8305,3506,128,135,94.8,231,243,95.1,51,81,63.0,0,0.0,0.1,0.0,1,36,2,0,41,Matches
69,Dimitry Bertaud,cd COD,GK,Montpellier,26,1998,4.0,82,114,71.9,2389,1824,11,11,100.0,41,41,100.0,30,61,49.2,0,0.0,0.0,0.0,0,3,0,0,0,Matches
70,Mika Biereth,dk DEN,FW,Monaco,21,2003,13.6,149,241,61.8,2062,532,85,131,64.9,48,68,70.6,7,8,87.5,2,4.5,3.2,-2.5,22,11,16,1,24,Matches
71,Emmanuel Biumla,fr FRA,DF,Angers,19,2005,14.8,440,499,88.2,8842,2637,108,123,87.8,300,316,94.9,29,52,55.8,0,0.0,0.1,0.0,1,13,1,0,16,Matches
72,Marco Bizot,nl NED,GK,Brest,33,1991,32.0,775,1121,69.1,24224,18621,90,91,98.9,377,380,99.2,306,645,47.4,0,0.0,0.0,0.0,0,8,0,0,1,Matches
73,Ludovic Blas,fr FRA,"MF,FW",Rennes,26,1997,25.5,693,938,73.9,12028,3413,349,399,87.5,242,322,75.2,81,161,50.3,8,4.6,5.4,+3.4,47,76,33,9,116,Matches
74,Augustine Boakye,gh GHA,"FW,MF",Saint-Étienne,23,2000,8.1,192,256,75.0,2549,798,115,144,79.9,53,67,79.1,10,15,66.7,0,0.9,1.0,-0.9,13,14,11,0,35,Matches
75,Mathéo Bodmer,fr FRA,MF,Le Havre,20,2004,0.1,2,2,100.0,40,0,0,0,,2,2,100.0,0,0,,0,0.0,0.0,0.0,0,0,0,0,0,Matches
76,Jeremie Boga,ci CIV,"MF,FW",Nice,27,1997,11.7,329,398,82.7,4487,1003,215,243,88.5,94,106,88.7,14,19,73.7,2,2.8,3.2,-0.8,24,11,18,4,39,Matches
77,Moïse Bombito,ca CAN,DF,Nice,24,2000,24.4,1266,1404,90.2,23123,8931,479,513,93.4,664,703,94.5,103,153,67.3,0,0.2,0.6,-0.2,2,78,5,0,97,Matches
78,Saïmon Bouabré,fr FRA,"MF,FW",Monaco,18,2006,1.1,20,29,69.0,318,67,9,11,81.8,11,15,73.3,0,0,,0,0.0,0.0,0.0,0,2,1,0,2,Matches
79,Ayyoub Bouaddi,fr FRA,MF,Lille,16,2007,12.8,487,555,87.7,8241,1609,219,246,89.0,219,233,94.0,35,40,87.5,1,1.0,1.2,0.0,5,36,1,0,37,Matches
80,Badredine Bouanani,dz ALG,"MF,FW",Nice,19,2004,12.2,330,430,76.7,4881,1113,200,228,87.7,95,125,76.0,23,38,60.5,3,2.4,2.2,+0.6,20,19,14,2,44,Matches
81,Benjamin Bouchouari,ma MAR,MF,Saint-Étienne,22,2001,19.7,902,1040,86.7,12685,4370,545,602,90.5,286,319,89.7,33,47,70.2,0,0.9,1.4,-0.9,16,123,24,1,133,Matches
82,Hicham Boudaoui,dz ALG,MF,Nice,24,1999,27.1,943,1134,83.2,14602,4144,504,567,88.9,355,407,87.2,59,92,64.1,3,3.0,2.8,0.0,22,76,32,3,124,Matches
83,Justin Bourgault,fr FRA,DF,Brest,18,2005,1.4,54,74,73.0,961,297,25,28,89.3,25,30,83.3,4,11,36.4,0,0.1,0.1,-0.1,1,5,1,1,4,Matches
84,Benjamin Bourigeaud,fr FRA,MF,Rennes,30,1994,0.9,36,48,75.0,646,141,15,16,93.8,17,21,81.0,4,10,40.0,0,0.0,0.0,0.0,0,3,0,0,4,Matches
85,Bilal Brahimi,dz ALG,MF,Nice,24,2000,0.8,35,40,87.5,614,163,15,16,93.8,18,19,94.7,2,4,50.0,0,0.0,0.2,0.0,1,1,1,1,4,Matches
86,Lilian Brassier,fr FRA,DF,Marseille,24,1999,8.7,560,653,85.8,8815,2726,270,284,95.1,259,297,87.2,19,46,41.3,0,0.0,0.1,0.0,1,48,2,0,40,Matches
87,Lilian Brassier,fr FRA,DF,Rennes,24,1999,13.7,787,919,85.6,14802,5588,272,295,92.2,433,473,91.5,71,126,56.3,1,0.3,0.4,+0.7,6,85,6,1,75,Matches
88,Anthony Briançon,fr FRA,DF,Saint-Étienne,29,1994,0.0,0,0,,0,0,0,0,,0,0,,0,0,,0,0.0,0.0,0.0,0,0,0,0,0,Matches
89,Aurélio Buta,pt POR,DF,Reims,27,1997,21.9,819,991,82.6,12195,4195,449,504,89.1,309,370,83.5,36,64,56.3,1,0.8,1.4,+0.2,10,56,12,4,83,Matches
90,Marcin Bułka,pl POL,GK,Nice,24,1999,34.0,898,1110,80.9,21944,15371,208,211,98.6,448,465,96.3,236,426,55.4,0,0.2,0.1,-0.2,1,12,0,0,2,Matches
91,Rémy Cabella,fr FRA,"FW,MF",Lille,34,1990,11.2,628,762,82.4,8904,2413,371,413,89.8,208,248,83.9,24,45,53.3,2,2.3,3.1,-0.3,26,39,25,8,77,Matches
92,Mathieu Cafaro,fr FRA,"MF,FW",Saint-Étienne,27,1997,8.1,172,239,72.0,2760,750,93,115,80.9,65,84,77.4,13,32,40.6,0,1.3,1.3,-1.3,13,12,9,4,16,Matches
93,Duje Ćaleta-Car,hr CRO,DF,Lyon,27,1996,17.6,896,985,91.0,16876,5583,296,318,93.1,530,556,95.3,65,97,67.0,0,0.1,0.9,-0.1,2,50,0,0,46,Matches
94,Issiaga Camara,gn GUI,MF,Nice,19,2005,0.2,15,16,93.8,197,57,9,9,100.0,5,5,100.0,0,1,0.0,0,0.0,0.0,0.0,0,2,0,0,2,Matches
95,Lamine Camara,sn SEN,MF,Monaco,20,2004,22.8,1224,1479,82.8,22283,6556,517,583,88.7,549,609,90.1,137,233,58.8,7,4.4,5.0,+2.6,44,133,26,4,141,Matches
96,Mahdi Camara,fr FRA,"MF,FW",Brest,26,1998,29.5,1021,1190,85.8,15953,3369,498,554,89.9,443,492,90.0,41,65,63.1,3,2.0,2.6,+1.0,26,79,17,10,111,Matches
97,Ousmane Camara,ml MLI,DF,Angers,21,2003,2.8,91,101,90.1,1868,743,32,32,100.0,44,45,97.8,15,22,68.2,0,0.0,0.0,0.0,1,3,0,0,3,Matches
98,Axel Camblan,fr FRA,"MF,FW",Brest,20,2003,0.3,3,7,42.9,44,23,2,5,40.0,1,2,50.0,0,0,,0,0.0,0.0,0.0,0,1,0,0,2,Matches
99,Jaydee Canvot,fr FRA,"DF,MF",Toulouse,18,2006,12.3,462,536,86.2,8029,2340,201,218,92.2,224,246,91.1,30,51,58.8,0,0.7,0.3,-0.7,4,42,6,2,41,Matches
100,Pierrick Capelle,fr FRA,MF,Angers,37,1987,5.4,185,231,80.1,3185,808,88,101,87.1,80,99,80.8,13,22,59.1,0,1.2,0.7,-1.2,5,19,2,1,22,Matches
101,Gabin Capuano,fr FRA,FW,Lens,18,2006,0.1,2,2,100.0,22,6,2,2,100.0,0,0,,0,0,,0,0.0,0.0,0.0,0,0,0,0,0,Matches
102,Maxence Caqueret,fr FRA,MF,Lyon,24,2000,6.4,274,343,79.9,4339,1547,138,164,84.1,109,124,87.9,17,28,60.7,0,0.4,0.6,-0.4,10,39,10,0,50,Matches
103,Simon Cara,fr FRA,"MF,FW",Montpellier,19,2005,0.1,4,6,66.7,70,1,2,3,66.7,2,2,100.0,0,0,,0,0.0,0.0,0.0,0,0,0,0,0,Matches
104,Valentin Carboni,ar ARG,"MF,FW",Marseille,19,2005,1.1,57,64,89.1,816,162,32,34,94.1,19,20,95.0,3,4,75.0,0,0.1,0.1,-0.1,3,4,4,2,4,Matches
105,Irvin Cardona,mt MLT,FW,Saint-Étienne,26,1997,11.8,255,381,66.9,3519,853,154,188,81.9,72,116,62.1,15,30,50.0,3,1.4,1.6,+1.6,15,11,16,3,32,Matches
106,Patrik Carlgren,se SWE,GK,Nantes,32,1992,4.6,90,137,65.7,2681,2084,17,17,100.0,35,35,100.0,37,83,44.6,0,0.0,0.0,0.0,0,1,0,0,0,Matches
107,Josué Casimir,ht HAI,"FW,MF",Le Havre,22,2001,22.2,410,597,68.7,6606,1453,225,263,85.6,145,212,68.4,34,75,45.3,4,3.3,2.2,+0.7,26,22,13,7,41,Matches
108,Cristian Cásseres Jr.,ve VEN,MF,Toulouse,24,2000,30.0,1120,1421,78.8,19695,5429,479,569,84.2,528,599,88.1,92,185,49.7,3,2.6,3.6,+0.4,27,89,23,7,128,Matches
109,Jean-Charles Castelletto,cm CMR,"DF,MF",Nantes,29,1995,29.1,1233,1391,88.6,21696,7885,488,520,93.8,640,691,92.6,83,140,59.3,0,0.1,0.4,-0.1,2,80,5,1,87,Matches
110,Enzo Caumont,fr FRA,MF,Angers,20,2004,0.4,13,14,92.9,239,67,6,6,100.0,6,6,100.0,1,2,50.0,0,0.0,0.0,0.0,0,1,1,0,1,Matches
111,Fabien Centonze,fr FRA,DF,Nantes,28,1996,2.9,111,142,78.2,1663,612,63,70,90.0,39,52,75.0,6,10,60.0,0,0.2,0.3,-0.2,3,3,7,4,15,Matches
112,Brendan Chardonnet,fr FRA,DF,Brest,29,1994,26.8,993,1210,82.1,20771,7790,294,318,92.5,550,590,93.2,141,279,50.5,0,1.2,1.1,-1.2,8,67,3,1,51,Matches
113,Jhoanner Chávez,ec ECU,"DF,MF",Lens,22,2002,6.6,230,308,74.7,3617,1446,129,149,86.6,74,100,74.0,20,40,50.0,0,0.7,1.3,-0.7,9,10,8,5,9,Matches
114,Théo Chennahi,fr FRA,DF,Montpellier,19,2005,2.0,57,66,86.4,782,227,34,37,91.9,19,22,86.4,2,4,50.0,0,0.0,0.0,0.0,1,2,0,0,0,Matches
115,Sidiki Cherif,fr FRA,FW,Angers,17,2006,3.6,33,62,53.2,469,79,20,33,60.6,12,19,63.2,0,0,,0,0.2,0.2,-0.2,2,3,1,1,3,Matches
116,Rayan Cherki,fr FRA,"FW,MF",Lyon,20,2003,22.7,1079,1375,78.5,17006,5140,597,667,89.5,373,453,82.3,80,165,48.5,11,11.1,11.7,-0.1,75,97,77,3,206,Matches
117,Lucas Chevalier,fr FRA,GK,Lille,22,2001,34.0,862,1083,79.6,21173,14738,209,209,100.0,437,445,98.2,212,422,50.2,0,0.9,0.2,-0.9,3,13,0,0,1,Matches
118,Pedro Chirivella,es ESP,MF,Nantes,27,1997,26.1,1336,1570,85.1,24242,7844,581,630,92.2,581,637,91.2,149,245,60.8,2,1.8,2.1,+0.2,19,169,24,4,170,Matches
119,Joris Chotard,fr FRA,MF,Montpellier,22,2001,21.0,672,822,81.8,12368,3796,298,341,87.4,275,321,85.7,83,119,69.7,0,0.5,1.0,-0.5,7,80,11,4,80,Matches
120,Djaoui Cissé,fr FRA,MF,Rennes,20,2004,12.5,547,625,87.5,10406,2824,236,261,90.4,228,245,93.1,75,89,84.3,0,0.2,0.8,-0.2,6,66,11,0,84,Matches
121,Yoann Cissé,fr FRA,MF,Auxerre,19,2004,0.1,2,6,33.3,9,0,1,2,50.0,0,1,0.0,0,2,0.0,0,0.0,0.0,0.0,0,0,0,0,0,Matches
122,Jonathan Clauss,fr FRA,"DF,MF",Nice,31,1992,25.6,1006,1399,71.9,16414,6656,527,616,85.6,380,500,76.0,80,210,38.1,8,7.7,6.8,+0.3,55,70,47,14,105,Matches
123,Marcus Coco,fr FRA,DF,Nantes,28,1996,10.6,384,483,79.5,6475,2447,188,206,91.3,156,193,80.8,32,61,52.5,1,1.2,1.1,-0.2,10,31,10,6,34,Matches
124,Alois Confais,fr FRA,MF,Le Havre,27,1996,0.0,1,2,50.0,10,0,1,2,50.0,0,0,,0,0,,0,0.0,0.0,0.0,0,0,0,0,0,Matches
125,Francis Coquelin,fr FRA,MF,Nantes,33,1991,2.5,88,101,87.1,1213,275,53,58,91.4,30,33,90.9,3,6,50.0,1,1.1,0.4,-0.1,5,11,2,0,8,Matches
126,Derek Cornelius,ca CAN,DF,Marseille,26,1997,15.8,1267,1357,93.4,20539,6734,570,594,96.0,642,668,96.1,35,63,55.6,0,0.1,0.4,-0.1,4,93,0,0,68,Matches
127,Pierre Cornud,fr FRA,DF,Saint-Étienne,27,1996,6.4,271,331,81.9,4488,1581,129,140,92.1,111,131,84.7,25,45,55.6,0,0.3,0.3,-0.3,3,14,5,2,19,Matches
128,David Costa,pt POR,"MF,FW",Lens,23,2001,3.9,128,155,82.6,1902,615,66,73,90.4,49,60,81.7,6,10,60.0,0,0.4,1.0,-0.4,6,12,8,4,24,Matches
129,Logan Costa,cv CPV,DF,Toulouse,23,2001,1.0,47,56,83.9,845,482,20,20,100.0,23,26,88.5,4,9,44.4,0,0.5,0.0,-0.5,1,4,1,1,4,Matches
130,Grégoire Coudert,fr FRA,GK,Brest,25,1999,2.0,54,68,79.4,1376,933,9,9,100.0,33,33,100.0,12,26,46.2,0,0.0,0.0,0.0,0,1,0,0,0,Matches
131,Lasso Coulibaly,ci CIV,"FW,MF",Auxerre,21,2002,0.5,12,13,92.3,158,28,8,8,100.0,4,5,80.0,0,0,,0,0.1,0.1,-0.1,1,0,0,0,0,Matches
132,Mamadou Coulibaly,fr FRA,MF,Monaco,20,2004,0.1,3,5,60.0,19,7,2,2,100.0,0,0,,0,1,0.0,0,0.0,0.0,0.0,0,1,0,0,0,Matches
133,Soumaïla Coulibaly,fr FRA,DF,Brest,20,2003,4.9,281,317,88.6,5923,1657,83,89,93.3,159,168,94.6,36,56,64.3,0,0.1,0.2,-0.1,1,12,1,0,16,Matches
134,Tanguy Coulibaly,fr FRA,"FW,MF",Montpellier,23,2001,16.5,292,372,78.5,3857,626,184,212,86.8,81,102,79.4,8,18,44.4,0,1.3,1.0,-1.3,18,8,5,2,20,Matches
135,Marius Courcoul,fr FRA,"MF,DF",Angers,17,2007,3.4,133,155,85.8,2427,519,48,54,88.9,68,73,93.2,12,20,60.0,0,0.0,0.0,0.0,1,7,1,0,7,Matches
136,Nicolas Cozza,fr FRA,"DF,MF",Nantes,25,1999,22.8,608,782,77.7,9858,3920,297,345,86.1,273,323,84.5,27,74,36.5,0,1.4,1.1,-1.4,7,41,10,4,64,Matches
137,Charlie Cresswell,eng ENG,DF,Toulouse,21,2002,28.8,1287,1551,83.0,23854,8198,441,487,90.6,748,823,90.9,91,216,42.1,1,1.7,1.1,-0.7,5,61,4,1,69,Matches
138,Kévin Danois,fr FRA,MF,Auxerre,20,2004,16.2,585,718,81.5,9757,2615,287,329,87.2,222,259,85.7,54,86,62.8,0,2.2,2.0,-2.2,25,62,11,2,95,Matches
139,Kevin Danso,at AUT,DF,Lens,25,1998,12.0,659,770,85.6,12021,4233,256,285,89.8,354,382,92.7,46,87,52.9,0,1.0,0.4,-1.0,6,58,4,0,52,Matches
140,Dante,br BRA,DF,Nice,40,1983,21.8,1267,1432,88.5,21977,9017,565,598,94.5,598,632,94.6,88,165,53.3,0,0.2,0.5,-0.2,4,90,8,0,96,Matches
141,Pape Daouda Diongue,sn SEN,"MF,FW",Strasbourg,,,0.9,47,57,82.5,697,106,23,27,85.2,14,16,87.5,4,6,66.7,0,0.2,0.0,-0.2,1,3,0,0,2,Matches
142,Mohamed Daramy,dk DEN,FW,Reims,22,2002,0.2,4,4,100.0,40,16,4,4,100.0,0,0,,0,0,,0,0.1,0.2,-0.1,1,0,0,0,0,Matches
143,Jonathan David,ca CAN,FW,Lille,24,2000,28.4,563,686,82.1,7502,1225,340,393,86.5,170,193,88.1,17,23,73.9,5,4.4,3.2,+0.6,36,29,26,0,65,Matches
144,Zuriko Davitashvili,ge GEO,"FW,MF",Saint-Étienne,23,2001,30.9,737,938,78.6,10639,2497,426,485,87.8,238,297,80.1,36,83,43.4,8,4.7,5.5,+3.3,50,38,23,4,73,Matches
145,Théo De Percin,mq MTQ,GK,Auxerre,23,2001,2.0,31,58,53.4,1059,852,3,3,100.0,9,10,90.0,19,44,43.2,0,0.0,0.0,0.0,0,1,0,0,0,Matches
146,Thibault De Smet,be BEL,DF,Reims,26,1998,2.1,105,116,90.5,1934,575,40,44,90.9,58,58,100.0,7,11,63.6,0,0.0,0.0,0.0,0,11,0,0,9,Matches
147,Amar Dedić,ba BIH,DF,Marseille,21,2002,3.5,189,224,84.4,2657,515,109,116,94.0,65,81,80.2,6,9,66.7,1,0.9,0.8,+0.1,4,5,2,0,16,Matches
148,Romain Del Castillo,fr FRA,FW,Brest,28,1996,14.0,480,688,69.8,8019,2803,240,299,80.3,162,213,76.1,56,120,46.7,4,3.4,4.1,+0.6,37,44,26,11,61,Matches
149,Thomas Delaine,fr FRA,DF,Strasbourg,32,1992,0.1,0,4,0.0,0,0,0,0,,0,2,0.0,0,1,0.0,0,0.0,0.0,0.0,0,0,0,0,0,Matches
150,Andy Delort,dz ALG,FW,Montpellier,32,1991,6.7,54,110,49.1,650,179,30,51,58.8,14,31,45.2,2,7,28.6,0,0.9,0.5,-0.9,7,5,2,2,6,Matches
151,Ousmane Dembélé,fr FRA,FW,Paris S-G,27,1997,19.2,844,1068,79.0,13453,3685,450,530,84.9,296,357,82.9,72,105,68.6,6,8.2,7.2,-2.2,63,93,55,3,137,Matches
152,Rémy Descamps,fr FRA,GK,Lyon,28,1996,1.0,27,30,90.0,635,351,7,7,100.0,12,12,100.0,8,11,72.7,0,0.0,0.0,0.0,0,0,0,0,0,Matches
153,Arthur Desmas,fr FRA,GK,Le Havre,30,1994,18.0,411,522,78.7,10272,6469,83,83,100.0,228,231,98.7,99,205,48.3,0,0.0,0.0,0.0,1,7,0,0,0,Matches
154,Mamadou Diakhon,fr FRA,"FW,MF",Reims,18,2005,9.5,198,257,77.0,3478,420,82,102,80.4,96,116,82.8,17,22,77.3,1,1.1,0.6,-0.1,13,5,6,3,17,Matches
155,Bafodé Diakité,fr FRA,DF,Lille,23,2001,30.7,2086,2239,93.2,38535,12423,706,746,94.6,1216,1255,96.9,145,196,74.0,1,0.2,0.8,+0.8,3,141,0,0,90,Matches
156,Oumar Diakité,ci CIV,FW,Reims,20,2003,18.1,291,354,82.2,4122,691,155,183,84.7,100,115,87.0,11,13,84.6,1,1.1,1.2,-0.1,11,22,12,2,44,Matches
157,Habib Diarra,sn SEN,"MF,FW",Strasbourg,20,2004,26.1,812,978,83.0,13413,2876,381,431,88.4,371,427,86.9,41,67,61.2,5,4.5,4.3,+0.5,27,64,27,12,116,Matches
158,Krépin Diatta,sn SEN,"DF,FW",Monaco,25,1999,5.6,240,314,76.4,3683,1198,129,149,86.6,89,117,76.1,14,28,50.0,0,0.8,0.9,-0.8,4,16,6,2,21,Matches
159,Kandet Diawara,gn GUI,FW,Le Havre,24,2000,0.0,1,2,50.0,6,0,1,2,50.0,0,0,,0,0,,0,0.0,0.0,0.0,0,0,0,0,0,Matches
160,Mahamadou Diawara,fr FRA,MF,Le Havre,19,2005,6.5,193,233,82.8,3436,571,80,91,87.9,91,98,92.9,16,22,72.7,1,0.4,0.3,+0.6,7,15,1,0,16,Matches
161,Mahamadou Diawara,fr FRA,MF,Lyon,19,2005,0.2,6,7,85.7,117,60,3,4,75.0,2,2,100.0,1,1,100.0,0,0.0,0.0,0.0,0,0,0,0,1,Matches
162,Bamba Dieng,sn SEN,FW,Angers,24,2000,5.9,80,103,77.7,931,140,52,60,86.7,20,30,66.7,0,2,0.0,0,0.0,0.2,0.0,1,2,3,1,7,Matches
163,Kembo Diliwidi,fr FRA,DF,Lens,18,2006,0.0,2,3,66.7,36,22,1,1,100.0,1,2,50.0,0,0,,0,0.0,0.0,0.0,0,1,1,0,1,Matches
164,Sinaly Diomande,ci CIV,DF,Auxerre,23,2001,21.6,813,961,84.6,15073,6116,301,340,88.5,428,461,92.8,75,126,59.5,2,0.6,0.3,+1.4,4,52,1,0,72,Matches
165,Lois Diony,fr FRA,FW,Angers,31,1992,0.2,1,4,25.0,9,0,1,3,33.3,0,0,,0,0,,0,0.0,0.0,0.0,0,0,0,0,0,Matches
166,Sérigné Diop,sn SEN,FW,Brest,19,2005,0.0,2,2,100.0,20,0,2,2,100.0,0,0,,0,0,,0,0.0,0.0,0.0,0,0,0,0,0,Matches
167,Sofiane Diop,ma MAR,"MF,FW",Nice,24,2000,11.8,436,565,77.2,6822,2216,243,294,82.7,149,182,81.9,27,54,50.0,4,2.9,2.8,+1.1,24,47,19,1,64,Matches
168,Andy Diouf,fr FRA,MF,Lens,21,2003,24.7,849,1068,79.5,11438,2865,522,597,87.4,250,301,83.1,34,69,49.3,2,2.8,3.3,-0.8,33,60,31,3,116,Matches
169,Yehvann Diouf,sn SEN,GK,Reims,24,1999,34.0,848,1219,69.6,23052,16792,159,161,98.8,417,429,97.2,268,617,43.4,0,0.0,0.0,0.0,0,12,0,0,1,Matches
170,Assane Dioussé,sn SEN,MF,Auxerre,26,1997,7.4,320,357,89.6,5872,1510,149,161,92.5,115,126,91.3,48,55,87.3,0,0.2,0.1,-0.2,2,21,0,0,33,Matches
171,Álex Domínguez,es ESP,GK,Toulouse,26,1998,0.2,8,11,72.7,255,195,2,2,100.0,2,2,100.0,3,6,50.0,0,0.0,0.0,0.0,0,0,0,0,0,Matches
172,Gianluigi Donnarumma,it ITA,GK,Paris S-G,25,1999,23.2,552,632,87.3,12174,7092,118,118,100.0,332,336,98.8,101,177,57.1,0,0.0,0.0,0.0,0,3,0,0,0,Matches
173,Sékou Doucoure,fr FRA,DF,Nantes,19,2005,0.1,4,5,80.0,90,54,1,1,100.0,2,2,100.0,1,2,50.0,0,0.0,0.0,0.0,0,0,0,0,0,Matches
174,Désiré Doué,fr FRA,"FW,MF",Paris S-G,19,2005,19.2,933,1133,82.3,13916,3351,518,570,90.9,330,399,82.7,48,88,54.5,6,7.8,5.7,-1.8,55,83,51,16,139,Matches
175,Guela Doué,ci CIV,DF,Strasbourg,21,2002,30.2,1688,2023,83.4,29943,12563,689,739,93.2,879,1015,86.6,102,216,47.2,2,0.7,1.1,+1.3,11,153,14,6,173,Matches
176,Douglas,br BRA,MF,Nantes,27,1997,25.6,1029,1190,86.5,17476,5382,465,514,90.5,451,496,90.9,80,110,72.7,2,1.5,1.2,+0.5,15,108,12,1,125,Matches
177,Ismaël Doukouré,fr FRA,"DF,MF",Strasbourg,21,2003,29.3,1494,1685,88.7,25372,7657,638,680,93.8,755,821,92.0,79,133,59.4,1,1.1,0.5,-0.1,11,101,1,0,116,Matches
178,Kamory Doumbia,ml MLI,"MF,FW",Brest,21,2003,14.7,561,697,80.5,9267,2216,269,293,91.8,220,266,82.7,48,92,52.2,2,1.2,1.8,+0.8,26,56,9,1,72,Matches
179,Amidou Doumbouya,fr FRA,DF,Nice,16,2007,0.5,19,25,76.0,252,66,13,14,92.9,6,9,66.7,0,0,,0,0.0,0.0,0.0,0,0,0,0,1,Matches
180,Jean-Kevin Duverne,ht HAI,DF,Nantes,27,1997,6.0,238,304,78.3,3826,1571,123,141,87.2,96,112,85.7,17,37,45.9,0,0.1,0.1,-0.1,1,22,2,2,22,Matches
181,Stefan Džodić,rs SRB,"DF,MF",Montpellier,19,2005,2.7,158,176,89.8,2852,874,63,71,88.7,83,86,96.5,10,16,62.5,0,0.0,0.0,0.0,0,13,0,0,10,Matches
182,Aron Dønnum,no NOR,"DF,MF",Toulouse,26,1998,29.9,880,1213,72.5,16244,5509,412,476,86.6,340,446,76.2,118,216,54.6,2,4.6,5.6,-2.6,45,73,50,14,126,Matches
183,Noah Edjouma,fr FRA,"MF,FW",Toulouse,18,2005,1.9,36,52,69.2,414,159,20,24,83.3,11,15,73.3,0,3,0.0,0,0.1,0.1,-0.1,1,2,2,1,7,Matches
184,Jacques Ekomie,ga GAB,"DF,FW",Angers,20,2003,7.7,183,260,70.4,2542,1089,112,129,86.8,57,79,72.2,8,26,30.8,0,0.0,0.1,0.0,0,10,3,0,20,Matches
185,Pierre Ekwah Elimby,fr FRA,MF,Saint-Étienne,22,2002,28.6,1405,1593,88.2,23713,7436,674,725,93.0,588,639,92.0,113,173,65.3,0,1.0,1.6,-1.0,16,144,19,0,146,Matches
186,Meschak Elia,cd COD,FW,Nantes,26,1997,1.9,35,62,56.5,500,203,22,29,75.9,10,20,50.0,2,6,33.3,0,0.2,0.2,-0.2,3,3,0,0,5,Matches
187,Breel Embolo,ch SUI,"FW,MF",Monaco,27,1997,20.5,299,432,69.2,4346,1127,172,240,71.7,98,121,81.0,17,29,58.6,4,5.6,3.6,-1.6,32,22,23,0,55,Matches
188,Emanuel Emegha,nl NED,FW,Strasbourg,21,2003,25.5,273,340,80.3,3373,347,174,214,81.3,71,78,91.0,5,7,71.4,3,2.4,0.7,+0.6,18,4,4,0,14,Matches
189,Romain Faivre,fr FRA,"MF,FW",Brest,26,1998,10.0,311,379,82.1,4587,1209,184,208,88.5,98,118,83.1,17,29,58.6,2,1.9,1.8,+0.1,10,34,8,1,44,Matches
190,Khalil Fayad,fr FRA,"MF,FW",Montpellier,20,2004,11.4,426,514,82.9,7173,1757,205,226,90.7,169,196,86.2,38,60,63.3,0,0.3,0.6,-0.3,7,35,5,2,50,Matches
191,Luiz Felipe,it ITA,DF,Marseille,27,1997,1.4,58,66,87.9,915,310,28,29,96.6,27,31,87.1,1,2,50.0,0,0.0,0.0,0.0,0,5,0,0,4,Matches
192,Zinedine Ferhat,dz ALG,"FW,MF",Angers,31,1993,9.4,303,451,67.2,5059,1644,153,187,81.8,101,149,67.8,35,76,46.1,0,2.4,2.1,-2.4,17,24,13,3,40,Matches
193,Edimilson Fernandes,ch SUI,"MF,DF",Brest,28,1996,12.3,486,572,85.0,8960,2318,203,223,91.0,221,247,89.5,54,81,66.7,1,0.6,0.6,+0.4,8,40,3,0,40,Matches
194,Matias Fernandez-Pardo,be BEL,"FW,MF",Lille,19,2005,11.8,224,307,73.0,3456,733,117,146,80.1,85,103,82.5,13,25,52.0,2,2.8,1.9,-0.8,16,10,11,0,26,Matches
195,Jordan Ferri,fr FRA,MF,Montpellier,32,1992,19.7,1119,1267,88.3,19942,5049,474,515,92.0,505,546,92.5,110,156,70.5,2,0.9,1.3,+1.1,13,119,11,4,137,Matches
196,Karol Fila,pl POL,MF,Strasbourg,26,1998,0.1,2,4,50.0,18,0,1,1,100.0,0,0,,0,1,0.0,0,0.0,0.0,0.0,0,0,0,0,0,Matches
197,Malick Fofana,be BEL,FW,Lyon,19,2005,17.7,494,638,77.4,6737,1373,323,367,88.0,135,175,77.1,17,37,45.9,4,3.7,4.4,+0.3,25,20,32,13,45,Matches
198,Rayan Fofana,fr FRA,"FW,MF",Lens,18,2006,0.3,5,8,62.5,59,0,3,3,100.0,1,2,50.0,0,0,,0,0.0,0.0,0.0,0,0,0,0,0,Matches
199,Seko Fofana,ci CIV,MF,Rennes,29,1995,9.4,499,552,90.4,7498,1759,281,301,93.4,181,194,93.3,20,26,76.9,1,1.2,1.0,-0.2,13,38,13,2,72,Matches
200,Yahia Fofana,ci CIV,GK,Angers,23,2000,33.0,697,1014,68.7,20260,14214,93,93,100.0,361,367,98.4,242,550,44.0,0,0.1,0.0,-0.1,1,11,0,0,0,Matches
201,Lamine Fomba,fr FRA,MF,Saint-Étienne,26,1998,2.4,121,145,83.4,2006,615,62,69,89.9,46,54,85.2,10,15,66.7,0,0.3,0.1,-0.3,1,14,2,0,18,Matches
202,Przemysław Frankowski,pl POL,DF,Lens,29,1995,15.4,875,1092,80.1,13489,5466,479,543,88.2,319,374,85.3,48,96,50.0,2,2.5,2.9,-0.5,20,90,36,10,117,Matches
203,Angelo Fulgini,fr FRA,"MF,FW",Lens,27,1996,11.6,509,652,78.1,7393,1993,283,325,87.1,157,196,80.1,34,70,48.6,1,3.8,3.8,-2.8,28,31,27,8,69,Matches
204,Kyogo Furuhashi,jp JPN,FW,Rennes,29,1995,1.4,3,11,27.3,43,0,1,7,14.3,1,2,50.0,0,0,,0,0.0,0.0,0.0,0,0,0,0,0,Matches
205,Gauthier Gallon,fr FRA,GK,Rennes,31,1993,0.5,16,19,84.2,277,175,7,7,100.0,7,7,100.0,2,5,40.0,0,0.0,0.0,0.0,0,0,0,0,0,Matches
206,Ignatius Ganago,cm CMR,"FW,MF",Nantes,25,1999,2.7,59,77,76.6,859,169,32,39,82.1,25,30,83.3,1,3,33.3,0,0.3,0.1,-0.3,5,2,1,1,9,Matches
207,Ulisses Garcia,ch SUI,DF,Marseille,28,1996,10.3,535,632,84.7,8376,2370,276,306,90.2,215,251,85.7,29,39,74.4,2,1.4,1.2,+0.6,8,40,10,5,53,Matches
208,Jean-Philippe Gbamin,ci CIV,MF,Nantes,28,1995,2.4,90,115,78.3,1338,427,53,66,80.3,30,34,88.2,4,8,50.0,0,0.0,0.0,0.0,0,11,1,0,12,Matches
209,Mory Gbane,ci CIV,"DF,MF",Reims,23,2000,12.5,447,524,85.3,7917,2675,185,208,88.9,212,234,90.6,42,68,61.8,1,0.6,0.8,+0.4,7,37,2,0,35,Matches
210,Yann Gboho,fr FRA,"MF,FW",Toulouse,23,2001,25.9,478,644,74.2,6718,2050,280,334,83.8,154,195,79.0,19,32,59.4,4,3.5,4.1,+0.5,30,53,28,0,103,Matches
211,Denis Genreau,au AUS,MF,Toulouse,25,1999,2.5,105,127,82.7,1588,460,57,62,91.9,35,40,87.5,7,14,50.0,0,0.5,0.7,-0.5,5,7,7,0,13,Matches
212,Aleksandr Golovin,ru RUS,"MF,FW",Monaco,28,1996,12.8,523,678,77.1,8301,3070,281,337,83.4,170,207,82.1,54,92,58.7,0,2.4,3.2,-2.4,24,77,31,3,112,Matches
213,André Gomes,pt POR,MF,Lille,31,1993,14.2,861,963,89.4,14106,3490,435,461,94.4,337,368,91.6,62,92,67.4,0,0.7,1.7,-0.7,10,96,15,1,101,Matches
214,Angel Gomes,eng ENG,MF,Lille,23,2000,8.2,295,364,81.0,4789,1376,142,166,85.5,119,136,87.5,21,33,63.6,1,2.1,1.6,-1.1,14,32,14,3,49,Matches
215,Carlos Gómez,co COL,"MF,DF",Rennes,21,2002,4.2,84,115,73.0,1181,285,52,60,86.7,26,40,65.0,4,10,40.0,0,0.2,0.2,-0.2,5,2,4,2,9,Matches
216,Mathieu Gorgelin,fr FRA,GK,Le Havre,33,1990,16.0,417,536,77.8,11316,7296,75,76,98.7,210,213,98.6,131,244,53.7,0,0.0,0.0,0.0,0,3,0,0,0,Matches
217,Amine Gouiri,dz ALG,"FW,MF",Marseille,24,2000,11.6,284,351,80.9,3844,846,182,194,93.8,53,66,80.3,22,51,43.1,3,3.6,2.5,-0.6,26,8,8,0,20,Matches
218,Amine Gouiri,dz ALG,"MF,FW",Rennes,24,2000,11.5,277,354,78.2,3878,899,164,188,87.2,75,96,78.1,17,28,60.7,2,0.4,0.8,+1.6,8,21,9,0,46,Matches
219,Jonathan Gradit,fr FRA,DF,Lens,31,1992,23.5,1133,1332,85.1,20473,8262,429,476,90.1,610,670,91.0,83,160,51.9,0,0.7,0.9,-0.7,11,109,10,2,127,Matches
220,Samuel Grandsir,fr FRA,"MF,FW",Le Havre,27,1996,0.9,20,32,62.5,357,133,10,14,71.4,8,12,66.7,2,5,40.0,0,0.6,0.3,-0.6,3,8,2,1,6,Matches
221,Mason Greenwood,eng ENG,"FW,MF",Marseille,22,2001,31.2,1089,1389,78.4,18128,4250,555,646,85.9,395,475,83.2,104,186,55.9,5,5.7,7.8,-0.7,47,78,70,14,157,Matches
222,Albert Grønbaek,dk DEN,"MF,FW",Rennes,23,2001,9.0,155,247,62.8,2371,825,93,118,78.8,43,67,64.2,13,34,38.2,1,1.0,0.9,0.0,19,9,13,0,30,Matches
223,Gabriel Gudmundsson,se SWE,DF,Lille,25,1999,19.8,866,1055,82.1,13909,3879,449,514,87.4,349,403,86.6,52,92,56.5,0,1.4,2.0,-1.4,16,60,18,10,91,Matches
224,Axel Gueguin,fr FRA,FW,Montpellier,19,2005,0.3,5,6,83.3,75,34,3,3,100.0,2,2,100.0,0,0,,0,0.0,0.1,0.0,0,0,0,0,1,Matches
225,Evann Guessand,ci CIV,"FW,MF",Nice,23,2001,28.5,421,574,73.3,5792,1599,257,322,79.8,141,183,77.0,10,19,52.6,8,5.4,5.3,+2.6,32,46,27,4,79,Matches
226,Bahereba Guirassy,fr FRA,"FW,MF",Nantes,17,2006,3.9,85,120,70.8,1143,279,56,70,80.0,21,25,84.0,5,12,41.7,0,0.1,0.2,-0.1,2,5,1,0,6,Matches
227,Massadio Haïdara,ml MLI,DF,Brest,31,1992,18.6,693,882,78.6,10603,4219,369,406,90.9,271,338,80.2,33,87,37.9,0,0.5,0.8,-0.5,8,53,11,4,77,Matches
228,Achraf Hakimi,ma MAR,DF,Paris S-G,25,1998,23.0,1898,2140,88.7,26053,7482,1187,1266,93.8,573,644,89.0,63,96,65.6,6,6.2,5.3,-0.2,50,138,37,9,183,Matches
229,Florent Hanin,dz ALG,DF,Angers,34,1990,29.7,1282,1654,77.5,20970,8837,694,770,90.1,451,594,75.9,113,214,52.8,2,1.9,2.5,+0.1,25,93,37,21,99,Matches
230,Amine Harit,ma MAR,MF,Marseille,27,1997,5.8,213,255,83.5,2938,865,127,136,93.4,70,79,88.6,7,17,41.2,4,2.4,1.5,+1.6,19,18,8,0,35,Matches
231,Hans Hateboer,nl NED,DF,Rennes,30,1994,18.7,962,1128,85.3,16725,5848,394,426,92.5,476,534,89.1,71,109,65.1,0,1.5,1.4,-1.5,15,75,12,6,92,Matches
232,Kjetil Haug,no NOR,GK,Toulouse,26,1998,5.5,82,130,63.1,2380,1676,11,11,100.0,41,42,97.6,30,77,39.0,0,0.0,0.0,0.0,0,3,0,0,0,Matches
233,Luis Henrique,br BRA,"DF,FW",Marseille,22,2001,29.0,1156,1427,81.0,17828,5190,640,728,87.9,420,505,83.2,70,123,56.9,7,4.2,5.0,+2.8,53,95,47,20,143,Matches
234,Lucas Hernández,fr FRA,DF,Paris S-G,28,1996,9.7,832,907,91.7,14282,4851,315,329,95.7,477,500,95.4,28,53,52.8,0,0.1,0.2,-0.1,1,55,1,0,50,Matches
235,Ki-Jana Hoever,nl NED,DF,Auxerre,22,2002,23.6,768,1084,70.8,13172,5159,374,451,82.9,316,441,71.7,69,128,53.9,2,2.7,1.7,-0.7,24,66,28,14,79,Matches
236,Cédric Hountondji,bj BEN,DF,Angers,30,1994,3.0,85,100,85.0,1652,391,25,30,83.3,53,57,93.0,6,12,50.0,0,0.0,0.0,0.0,0,3,0,0,1,Matches
237,Ilyes Housni,fr FRA,"FW,MF",Le Havre,19,2005,2.6,38,64,59.4,498,91,23,32,71.9,11,18,61.1,0,1,0.0,0,0.2,0.4,-0.2,2,1,0,0,4,Matches
238,Pierre Højbjerg,dk DEN,MF,Marseille,28,1995,29.6,2674,2895,92.4,41468,12509,1386,1461,94.9,1095,1152,95.1,111,165,67.3,4,3.9,4.4,+0.1,43,231,29,0,263,Matches
239,Hafiz Ibrahim,ng NGA,FW,Reims,18,2005,4.3,30,50,60.0,369,79,18,31,58.1,8,12,66.7,0,0,,1,0.6,0.1,+0.4,4,1,0,0,2,Matches
240,George Ilenikhena,ng NGA,FW,Monaco,17,2006,8.0,87,121,71.9,1117,192,57,78,73.1,21,22,95.5,3,3,100.0,2,1.4,0.5,+0.6,9,3,3,0,10,Matches
241,Rareş Ilie,ro ROU,MF,Nice,21,2003,0.1,8,10,80.0,160,84,4,5,80.0,2,2,100.0,2,2,100.0,0,0.4,0.2,-0.4,4,1,2,0,3,Matches
242,Ismaily,br BRA,DF,Lille,34,1990,10.0,552,632,87.3,8555,2786,288,312,92.3,232,256,90.6,24,42,57.1,1,1.0,1.3,0.0,5,45,9,4,54,Matches
243,Yanis Issoufou,fr FRA,"MF,FW",Montpellier,17,2006,0.9,10,20,50.0,131,32,7,10,70.0,3,4,75.0,0,2,0.0,0,0.0,0.0,0.0,0,0,1,0,2,Matches
244,Junya Ito,jp JPN,"FW,MF",Reims,31,1993,29.9,811,1214,66.8,12385,4724,443,532,83.3,247,375,65.9,75,191,39.3,3,7.1,9.1,-4.1,82,69,67,28,133,Matches
245,Jérémy Jacquet,fr FRA,DF,Rennes,19,2005,10.3,424,508,83.5,8419,3020,120,145,82.8,253,286,88.5,47,59,79.7,1,0.8,0.7,+0.2,4,49,1,0,40,Matches
246,Ismail Jakobs,sn SEN,DF,Monaco,24,1999,2.0,85,105,81.0,1245,497,49,55,89.1,22,30,73.3,8,11,72.7,0,0.2,0.2,-0.2,4,7,5,3,6,Matches
247,Jordan James,wls WAL,MF,Rennes,20,2004,13.1,483,574,84.1,8380,2504,225,259,86.9,193,213,90.6,51,75,68.0,1,1.9,1.7,-0.9,24,55,12,2,67,Matches
248,Malcolm Jeng,se SWE,DF,Reims,19,2005,1.2,35,41,85.4,531,230,19,20,95.0,15,17,88.2,1,3,33.3,0,0.0,0.0,0.0,0,2,0,0,3,Matches
249,John Joe,ie IRL,MF,Reims,20,2003,6.1,165,223,74.0,2681,557,78,93,83.9,72,84,85.7,8,22,36.4,0,0.0,0.2,0.0,1,12,2,0,14,Matches
250,Karl-Johan Johnsson,se SWE,GK,Strasbourg,34,1990,3.0,107,129,82.9,2158,1272,32,32,100.0,63,65,96.9,12,32,37.5,0,0.0,0.0,0.0,0,0,0,0,0,Matches
251,Paul Joly,fr FRA,DF,Auxerre,24,2000,11.2,424,617,68.7,7496,2740,196,240,81.7,170,230,73.9,48,108,44.4,1,1.3,1.5,-0.3,16,38,18,8,51,Matches
252,Jota,pt POR,"FW,MF",Rennes,25,1999,3.7,95,132,72.0,1498,360,45,53,84.9,39,51,76.5,5,13,38.5,0,0.3,0.4,-0.3,5,10,6,2,16,Matches
253,Antoine Joujou,fr FRA,"MF,FW",Le Havre,21,2003,10.5,169,261,64.8,2486,687,93,128,72.7,53,84,63.1,12,23,52.2,2,3.0,2.9,-1.0,15,8,15,10,18,Matches
254,Jubal,br BRA,DF,Auxerre,30,1993,29.3,918,1057,86.8,18586,5601,270,290,93.1,541,573,94.4,102,176,58.0,0,0.9,0.8,-0.9,6,34,7,0,33,Matches
255,Abdulai Juma Bah,sl SLE,DF,Lens,18,2006,7.6,353,378,93.4,6078,1813,145,159,91.2,183,189,96.8,22,23,95.7,0,0.2,0.2,-0.2,2,7,0,0,9,Matches
256,Hamed Junior Traorè,ci CIV,MF,Auxerre,24,2000,23.3,474,640,74.1,7145,2293,263,297,88.6,145,198,73.2,37,80,46.3,2,2.7,2.8,-0.7,27,53,27,5,99,Matches
257,Yaya Kader Fofana,ml MLI,"MF,FW",Reims,20,2004,7.0,177,232,76.3,2512,795,113,134,84.3,44,63,69.8,12,19,63.2,1,1.7,1.0,-0.7,7,14,10,1,22,Matches
258,Tino Kadewere,zw ZIM,"MF,FW",Nantes,28,1996,5.7,130,173,75.1,1947,547,67,85,78.8,52,64,81.3,5,7,71.4,2,1.0,0.5,+1.0,8,7,3,0,19,Matches
259,Arnaud Kalimuendo,fr FRA,"FW,MF",Rennes,22,2002,28.6,477,605,78.8,7080,1245,254,305,83.3,150,179,83.8,33,40,82.5,3,2.0,2.1,+1.0,19,36,14,1,72,Matches
260,Justin-Noël Kalumba,fr FRA,"FW,MF",Angers,19,2004,0.3,9,11,81.8,108,2,6,7,85.7,3,3,100.0,0,1,0.0,0,0.0,0.0,0.0,0,0,0,0,0,Matches
261,Warren Kamanzi,no NOR,"DF,MF",Toulouse,23,2000,11.4,399,481,83.0,5867,1419,215,238,90.3,158,182,86.8,13,23,56.5,1,1.0,0.5,0.0,12,27,8,0,33,Matches
262,Glen Kamara,fi FIN,MF,Rennes,28,1995,7.4,372,412,90.3,5500,1464,213,234,91.0,130,136,95.6,19,20,95.0,1,0.2,0.7,+0.8,5,34,8,0,34,Matches
263,Noham Kamara,fr FRA,DF,Paris S-G,17,2007,0.8,74,79,93.7,1308,459,26,28,92.9,41,41,100.0,5,6,83.3,0,0.0,0.0,0.0,0,8,0,0,5,Matches
264,Nordine Kandil,fr FRA,MF,Strasbourg,22,2001,0.1,3,6,50.0,51,6,1,2,50.0,2,2,100.0,0,1,0.0,0,0.0,0.0,0.0,0,0,0,0,0,Matches
265,Lee Kang-in,kr KOR,"FW,MF",Paris S-G,23,2001,18.5,1110,1268,87.5,17230,4215,617,655,94.2,352,393,89.6,97,148,65.5,6,5.6,6.4,+0.4,56,103,43,7,143,Matches
266,Yassine Kechta,ma MAR,"MF,FW",Le Havre,22,2002,23.3,599,756,79.2,10281,3000,289,328,88.1,239,284,84.2,58,97,59.8,0,1.2,1.4,-1.2,15,60,18,5,97,Matches
267,Thilo Kehrer,de GER,DF,Monaco,27,1996,26.5,1622,1804,89.9,29814,12429,585,623,93.9,894,954,93.7,124,193,64.2,0,0.3,0.5,-0.3,5,125,1,0,139,Matches
268,Reda Khadra,de GER,"MF,FW",Reims,23,2001,0.9,22,30,73.3,338,98,13,13,100.0,9,12,75.0,0,4,0.0,0,0.0,0.0,0.0,1,1,1,0,4,Matches
269,Wahbi Khazri,tn TUN,"FW,MF",Montpellier,33,1991,12.4,229,337,68.0,3894,1196,123,152,80.9,62,93,66.7,32,61,52.5,1,2.2,1.8,-1.2,18,27,8,5,33,Matches
270,Abdukodir Khusanov,uz UZB,DF,Lens,20,2004,10.8,483,548,88.1,8942,3769,174,188,92.6,255,276,92.4,43,64,67.2,0,0.3,0.2,-0.3,2,39,4,1,43,Matches
271,Presnel Kimpembe,fr FRA,DF,Paris S-G,28,1995,0.3,18,18,100.0,334,114,4,4,100.0,11,11,100.0,2,2,100.0,0,0.0,0.0,0.0,0,0,0,0,1,Matches
272,Joshua King,no NOR,"FW,MF",Toulouse,32,1992,18.6,253,358,70.7,3233,592,163,212,76.9,68,90,75.6,6,16,37.5,3,2.0,1.6,+1.0,17,13,10,1,29,Matches
273,Cédric Kipré,ci CIV,DF,Reims,27,1996,24.3,1148,1292,88.9,21071,7534,427,453,94.3,615,666,92.3,89,142,62.7,1,1.3,1.4,-0.3,10,86,10,4,77,Matches
274,Hervé Koffi,bf BFA,GK,Lens,27,1996,5.0,98,135,72.6,2631,1938,20,21,95.2,45,46,97.8,33,67,49.3,0,0.0,0.0,0.0,0,4,0,0,0,Matches
275,Philipp Köhn,ch SUI,GK,Monaco,26,1998,19.0,414,546,75.8,10461,7297,76,76,100.0,221,228,96.9,116,241,48.1,0,0.0,0.0,0.0,0,2,0,0,0,Matches
276,Koka,eg EGY,FW,Le Havre,31,1993,9.5,132,169,78.1,2080,292,64,79,81.0,44,56,78.6,12,16,75.0,1,0.6,0.7,+0.4,5,8,2,0,12,Matches
277,Randal Kolo Muani,fr FRA,FW,Paris S-G,25,1998,4.0,57,78,73.1,755,123,37,50,74.0,14,17,82.4,2,3,66.7,1,0.9,0.6,+0.1,5,0,3,0,5,Matches
278,Geoffrey Kondogbia,cf CTA,"DF,MF",Marseille,31,1993,22.4,1668,1803,92.5,26671,8282,803,840,95.6,778,809,96.2,56,103,54.4,0,0.2,1.1,-0.2,5,120,13,2,105,Matches
279,Abdoul Koné,fr FRA,DF,Reims,19,2005,1.5,44,65,67.7,881,175,17,20,85.0,21,27,77.8,6,11,54.5,0,0.0,0.0,0.0,0,1,0,0,3,Matches
280,Amadou Koné,ml MLI,MF,Reims,19,2005,14.4,518,602,86.0,8977,2485,232,267,86.9,224,246,91.1,44,61,72.1,0,0.3,0.5,-0.3,8,53,8,0,68,Matches
281,Ismaël Koné,ca CAN,"MF,FW",Marseille,22,2002,4.0,156,180,86.7,2484,457,79,91,86.8,65,72,90.3,8,9,88.9,0,0.4,0.2,-0.4,4,9,1,0,10,Matches
282,Ismaël Koné,ca CAN,MF,Rennes,22,2002,5.2,176,208,84.6,3271,662,79,91,86.8,71,82,86.6,24,28,85.7,1,1.3,1.3,-0.3,5,19,3,0,30,Matches
283,Emmanuel Koum Mbondo,fr FRA,DF,Marseille,18,2006,0.1,8,9,88.9,101,26,4,5,80.0,3,3,100.0,0,0,,0,0.0,0.0,0.0,0,0,0,0,0,Matches
284,Boubakar Kouyaté,ml MLI,DF,Montpellier,27,1997,8.4,211,253,83.4,4030,1313,63,70,90.0,127,141,90.1,18,34,52.9,0,0.0,0.0,0.0,0,14,1,0,12,Matches
285,Goduine Koyalipou,cf CTA,FW,Lens,24,2000,9.8,132,189,69.8,1852,286,71,90,78.9,49,62,79.0,4,7,57.1,0,0.8,0.7,-0.8,10,4,6,0,20,Matches
286,Sael Kumbedi,fr FRA,DF,Lyon,19,2005,10.6,436,509,85.7,6027,1630,255,278,91.7,155,173,89.6,10,24,41.7,0,0.3,0.8,-0.3,5,19,14,2,37,Matches
287,Daler Kuzyaev,ru RUS,MF,Le Havre,31,1993,6.3,211,260,81.2,3222,949,116,133,87.2,74,94,78.7,12,21,57.1,0,0.6,0.7,-0.6,2,12,3,0,32,Matches
288,Khvicha Kvaratskhelia,ge GEO,FW,Paris S-G,23,2001,10.2,468,547,85.6,6585,1480,294,314,93.6,139,162,85.8,19,34,55.9,3,4.9,3.8,-1.9,25,32,20,4,43,Matches
289,Rémy Labeau Lascary,gp GLP,"FW,MF",Lens,21,2003,7.1,127,174,73.0,1772,335,74,94,78.7,39,53,73.6,6,9,66.7,1,1.1,0.6,-0.1,7,7,9,6,7,Matches
290,Gaëtan Laborde,fr FRA,FW,Nice,30,1994,20.3,346,497,69.6,4628,917,210,268,78.4,94,141,66.7,15,30,50.0,4,3.5,2.6,+0.5,27,26,12,2,40,Matches
291,Alexandre Lacazette,fr FRA,FW,Lyon,33,1991,22.8,393,547,71.8,5201,1351,250,314,79.6,93,134,69.4,19,35,54.3,2,3.4,4.9,-1.4,26,34,25,4,66,Matches
292,Younes Lachaab,fr FRA,"MF,FW",Lille,19,2005,0.1,1,2,50.0,4,0,0,0,,0,0,,0,0,,0,0.0,0.0,0.0,0,0,0,0,0,Matches
293,Alban Lafont,ci CIV,GK,Nantes,25,1999,12.0,256,367,69.8,7058,5292,41,41,100.0,147,147,100.0,68,177,38.4,0,0.0,0.0,0.0,2,10,0,0,0,Matches
294,Kenny Lala,mg MAD,DF,Brest,32,1991,29.8,1367,1796,76.1,27268,10357,518,602,86.0,615,759,81.0,220,370,59.5,2,4.3,5.0,-2.3,41,124,40,13,138,Matches
295,Mohamed Lamine Bayo,gn GUI,FW,Lille,26,1998,3.4,41,58,70.7,509,90,25,31,80.6,13,18,72.2,0,1,0.0,1,0.5,0.2,+0.5,4,1,2,0,4,Matches
296,Gautier Larsonneur,fr FRA,GK,Saint-Étienne,27,1997,34.0,782,1185,66.0,20526,15608,152,152,100.0,414,423,97.9,214,606,35.3,0,0.0,0.0,0.0,1,11,0,0,0,Matches
297,Julien Le Cardinal,fr FRA,DF,Brest,26,1997,15.3,704,815,86.4,14529,5467,226,249,90.8,369,387,95.3,101,162,62.3,1,0.3,0.4,+0.7,5,43,0,0,39,Matches
298,Jérémy Le Douaron,fr FRA,FW,Brest,26,1998,1.1,11,14,78.6,181,36,6,8,75.0,4,5,80.0,1,1,100.0,0,0.0,0.0,0.0,0,0,0,0,1,Matches
299,Benjamin Lecomte,fr FRA,GK,Montpellier,33,1991,30.0,676,1000,67.6,20370,16563,109,110,99.1,264,273,96.7,297,608,48.8,0,0.1,0.1,-0.1,3,25,1,0,1,Matches
300,Pierre Lees-Melou,fr FRA,MF,Brest,31,1993,17.0,902,1057,85.3,17471,5270,357,396,90.2,389,431,90.3,141,186,75.8,2,2.8,2.2,-0.8,19,110,13,4,105,Matches
301,Jordan Lefort,fr FRA,DF,Angers,30,1993,34.0,1446,1749,82.7,27893,12926,522,564,92.6,769,829,92.8,148,307,48.2,1,1.1,1.2,-0.1,10,89,11,4,89,Matches
302,Félix Lemaréchal,fr FRA,"MF,FW",Strasbourg,20,2003,19.8,551,694,79.4,8118,1519,318,370,85.9,184,217,84.8,31,56,55.4,3,2.9,2.0,+0.1,29,35,10,4,58,Matches
303,Donovan Léon,gf GUF,GK,Auxerre,31,1992,32.0,670,1132,59.2,22274,17974,93,94,98.9,279,283,98.6,296,750,39.5,2,0.4,0.1,+1.6,3,32,2,0,1,Matches
304,Esteban Lepaul,fr FRA,FW,Angers,24,2000,18.1,241,359,67.1,3512,623,124,162,76.5,82,110,74.5,14,32,43.8,0,0.8,1.7,-0.8,7,13,7,2,20,Matches
305,Johann Lepenant,fr FRA,MF,Nantes,21,2002,22.8,582,725,80.3,8940,2329,311,348,89.4,218,257,84.8,32,52,61.5,1,0.9,1.8,+0.1,8,70,12,1,89,Matches
306,Louis Leroux,fr FRA,"MF,DF",Nantes,18,2006,9.1,248,300,82.7,3997,1075,120,134,89.6,98,114,86.0,19,30,63.3,1,1.3,0.7,-0.3,12,13,8,0,31,Matches
307,Pol Lirola,es ESP,DF,Marseille,26,1997,7.6,330,397,83.1,4737,940,179,196,91.3,128,146,87.7,9,23,39.1,2,0.7,0.7,+1.3,8,15,4,1,21,Matches
308,Gautier Lloris,fr FRA,DF,Le Havre,29,1995,30.8,1317,1511,87.2,25779,9345,399,436,91.5,786,827,95.0,118,207,57.0,1,0.9,0.5,+0.1,5,88,5,1,99,Matches
309,Bradley Locko,fr FRA,DF,Brest,22,2002,1.1,37,42,88.1,605,214,21,22,95.5,14,15,93.3,2,3,66.7,0,0.0,0.0,0.0,0,2,0,0,2,Matches
310,Elysée Logbo,fr FRA,FW,Le Havre,20,2004,0.3,3,4,75.0,36,0,1,2,50.0,1,1,100.0,0,0,,0,0.0,0.0,0.0,0,0,0,0,0,Matches
311,Anthony Lopes,pt POR,GK,Nantes,33,1990,17.4,356,547,65.1,10874,8064,45,45,100.0,166,167,99.4,145,335,43.3,0,0.0,0.0,0.0,0,4,0,0,0,Matches
312,Jordan Lotomba,ch SUI,"MF,DF",Nice,25,1998,0.4,17,21,81.0,249,51,10,10,100.0,7,10,70.0,0,1,0.0,0,0.0,0.0,0.0,0,1,0,0,3,Matches
313,Tom Louchet,fr FRA,"DF,MF",Nice,21,2003,8.6,371,454,81.7,5712,2114,219,238,92.0,121,146,82.9,24,46,52.2,0,1.2,1.3,-1.2,14,28,9,2,36,Matches
314,Milos Lukovic,rs SRB,"FW,MF",Strasbourg,18,2005,0.1,2,3,66.7,43,0,0,0,,2,3,66.7,0,0,,0,0.0,0.0,0.0,0,0,0,0,0,Matches
315,Othmane Maamma,ma MAR,"FW,MF",Montpellier,18,2005,4.0,51,78,65.4,657,162,38,51,74.5,9,16,56.3,3,7,42.9,1,0.2,0.5,+0.8,3,2,2,1,2,Matches
316,Deiver Machado,co COL,"DF,MF",Lens,30,1993,20.1,763,913,83.6,10421,3399,470,505,93.1,221,279,79.2,32,57,56.1,4,2.1,2.9,+1.9,20,30,19,15,45,Matches
317,Lanroy Machine,fr FRA,FW,Angers,18,2005,0.1,3,5,60.0,39,12,2,3,66.7,1,1,100.0,0,0,,0,0.0,0.0,0.0,0,0,0,0,0,Matches
318,Yvann Macon,fr FRA,DF,Saint-Étienne,25,1998,8.8,301,408,73.8,4965,1708,157,186,84.4,115,152,75.7,24,53,45.3,0,0.2,0.3,-0.2,6,30,7,0,46,Matches
319,Eros Maddy,nl NED,DF,Auxerre,23,2001,0.2,6,6,100.0,67,22,5,5,100.0,1,1,100.0,0,0,,0,0.1,0.0,-0.1,1,0,0,0,1,Matches
320,Soungoutou Magassa,fr FRA,MF,Monaco,20,2003,11.4,540,638,84.6,9268,2731,250,280,89.3,238,261,91.2,39,63,61.9,1,0.9,0.7,+0.1,7,67,10,2,63,Matches
321,Hugo Magnetti,fr FRA,MF,Brest,26,1998,25.8,920,1083,84.9,14889,3635,458,506,90.5,390,442,88.2,52,86,60.5,0,0.4,0.7,-0.4,6,70,6,1,80,Matches
322,Frank Magri,cm CMR,"FW,MF",Toulouse,24,1999,16.8,178,251,70.9,2361,438,103,133,77.4,55,71,77.5,5,13,38.5,1,1.5,1.9,-0.5,9,15,7,1,25,Matches
323,Ainsley Maitland-Niles,eng ENG,DF,Lyon,26,1997,22.1,1049,1234,85.0,16150,5054,575,626,91.9,386,444,86.9,61,97,62.9,4,3.4,3.2,+0.6,27,66,30,7,102,Matches
324,Radosław Majecki,pl POL,GK,Monaco,24,1999,15.0,304,407,74.7,7178,5015,68,68,100.0,172,172,100.0,61,164,37.2,0,0.0,0.0,0.0,0,1,0,0,1,Matches
325,Hamidou Makalou,ml MLI,"FW,MF",Brest,18,2006,0.4,17,18,94.4,211,58,10,10,100.0,6,6,100.0,0,1,0.0,0,0.0,0.0,0.0,0,3,0,0,2,Matches
326,Nikola Maksimović,rs SRB,DF,Montpellier,32,1991,6.5,288,310,92.9,5904,1883,77,82,93.9,172,177,97.2,36,46,78.3,0,0.0,0.1,0.0,2,12,2,0,11,Matches
327,Aaron Malouda,fr FRA,FW,Lille,18,2005,0.0,0,0,,0,0,0,0,,0,0,,0,0,,0,0.0,0.0,0.0,0,0,0,0,0,Matches
328,Hianga Mananga Mbock,fr FRA,MF,Brest,24,1999,0.2,14,17,82.4,232,77,8,9,88.9,6,7,85.7,0,1,0.0,0,0.0,0.0,0.0,0,0,0,0,0,Matches
329,Steve Mandanda,fr FRA,GK,Rennes,39,1985,16.5,353,499,70.7,9384,6967,67,67,100.0,179,185,96.8,106,245,43.3,0,0.1,0.0,-0.1,2,8,0,0,0,Matches
330,Aïssa Mandi,dz ALG,DF,Lille,32,1991,19.3,1104,1244,88.7,22008,6980,366,396,92.4,590,631,93.5,136,181,75.1,0,0.4,1.2,-0.4,5,107,6,2,82,Matches
331,Orel Mangala,be BEL,MF,Lyon,26,1998,0.7,29,32,90.6,535,176,10,10,100.0,11,11,100.0,6,6,100.0,0,0.0,0.1,0.0,1,5,0,0,7,Matches
332,Sekou Mara,fr FRA,"FW,MF",Strasbourg,22,2002,8.5,128,185,69.2,1759,307,74,95,77.9,45,62,72.6,2,5,40.0,1,1.0,0.5,0.0,5,9,2,0,11,Matches
333,Marquinhos,br BRA,DF,Paris S-G,30,1994,19.2,1736,1830,94.9,33775,10072,524,539,97.2,1012,1039,97.4,186,225,82.7,0,0.8,1.0,-0.8,9,184,4,1,151,Matches
334,Ange Martial Tia,ml MLI,"MF,DF",Reims,17,2006,1.9,44,62,71.0,605,192,32,38,84.2,7,11,63.6,3,6,50.0,0,0.0,0.0,0.0,2,3,1,0,8,Matches
335,Jonas Martin,fr FRA,MF,Brest,34,1990,5.5,277,312,88.8,4280,1049,154,166,92.8,99,108,91.7,16,22,72.7,0,0.3,0.4,-0.3,3,21,3,2,21,Matches
336,Han-Noah Massengo,fr FRA,MF,Auxerre,23,2001,11.6,375,443,84.7,5808,1487,187,214,87.4,153,168,91.1,20,35,57.1,0,0.4,0.6,-0.4,3,23,3,2,28,Matches
337,Clinton Mata,ao ANG,DF,Lyon,31,1992,26.3,1448,1636,88.5,23759,8137,678,706,96.0,684,739,92.6,66,150,44.0,4,1.4,2.2,+2.6,11,86,14,7,88,Matches
338,Eliot Matazo,be BEL,MF,Monaco,22,2002,0.8,35,41,85.4,533,168,16,20,80.0,16,16,100.0,1,1,100.0,0,0.1,0.0,-0.1,1,1,0,0,7,Matches
339,Nemanja Matić,rs SRB,MF,Lyon,35,1988,22.3,1230,1415,86.9,20931,6355,576,636,90.6,525,570,92.1,99,141,70.2,1,1.3,2.0,-0.3,17,164,16,1,150,Matches
340,Rudy Matondo,fr FRA,MF,Auxerre,16,2008,0.7,22,24,91.7,340,65,10,11,90.9,12,12,100.0,0,0,,0,0.0,0.0,0.0,0,0,0,0,2,Matches
341,Azor Matusiwa,nl NED,MF,Rennes,26,1998,23.1,975,1119,87.1,16247,4831,477,543,87.8,407,447,91.1,78,88,88.6,3,1.8,1.6,+1.2,17,109,18,1,134,Matches
342,Neal Maupay,fr FRA,FW,Marseille,27,1996,11.6,250,297,84.2,3404,651,148,169,87.6,69,81,85.2,14,16,87.5,4,2.2,1.3,+1.8,13,15,12,0,37,Matches
343,Christian Mawissa,fr FRA,DF,Monaco,19,2005,16.7,827,945,87.5,13430,4378,393,422,93.1,395,437,90.4,31,55,56.4,0,0.0,0.1,0.0,1,51,0,0,44,Matches
344,Senny Mayulu,fr FRA,MF,Paris S-G,18,2006,9.0,404,460,87.8,6268,1045,213,234,91.0,148,160,92.5,25,29,86.2,2,2.1,2.0,-0.1,12,32,14,1,46,Matches
345,Ethan Mbappé,fr FRA,"MF,FW",Lille,17,2006,2.5,105,139,75.5,1752,478,54,67,80.6,33,40,82.5,13,20,65.0,0,1.5,1.2,-1.5,6,8,5,3,8,Matches
346,Ibrahim Mbaye,sn SEN,"FW,MF",Paris S-G,16,2008,3.8,128,148,86.5,1753,259,75,83,90.4,46,53,86.8,3,4,75.0,1,1.1,0.3,-0.1,3,6,3,0,9,Matches
347,Mark McKenzie,us USA,DF,Toulouse,25,1999,27.7,1167,1356,86.1,21104,8135,462,506,91.3,610,680,89.7,83,143,58.0,1,0.5,0.2,+0.5,4,101,0,0,97,Matches
348,Facundo Medina,ar ARG,DF,Lens,25,1999,28.3,1655,1889,87.6,27012,9960,827,873,94.7,684,744,91.9,116,209,55.5,1,2.0,3.4,-1.0,24,157,30,2,174,Matches
349,Henrik Meister,dk DEN,FW,Rennes,20,2003,0.7,11,14,78.6,94,32,9,9,100.0,0,1,0.0,0,0,,0,0.3,0.0,-0.3,2,1,0,0,1,Matches
350,Bamo Meïté,ci CIV,DF,Montpellier,22,2001,4.7,153,173,88.4,2471,785,72,76,94.7,71,77,92.2,7,13,53.8,0,0.0,0.0,0.0,0,4,0,0,7,Matches
351,Bamo Meïté,ci CIV,DF,Marseille,22,2001,0.3,26,28,92.9,333,121,18,19,94.7,7,7,100.0,0,0,,0,0.0,0.0,0.0,0,2,0,0,0,Matches
352,Mohamed Meité,fr FRA,FW,Rennes,16,2007,6.0,62,94,66.0,781,184,36,51,70.6,12,21,57.1,5,6,83.3,0,0.6,0.4,-0.6,5,3,3,0,6,Matches
353,Farid El Melali,dz ALG,FW,Angers,27,1997,21.0,372,532,69.9,5612,1779,218,253,86.2,103,151,68.2,33,82,40.2,3,3.1,3.0,-0.1,25,18,14,2,43,Matches
354,Nuno Mendes,pt POR,DF,Paris S-G,22,2002,18.6,1293,1488,86.9,22683,6256,574,626,91.7,591,662,89.3,109,148,73.6,3,5.0,4.1,-2.0,30,119,34,13,127,Matches
355,Antoine Mendy,sn SEN,DF,Nice,20,2004,9.2,394,486,81.1,6764,2080,164,179,91.6,197,229,86.0,29,62,46.8,0,0.1,0.3,-0.1,2,29,7,3,35,Matches
356,Nampalys Mendy,sn SEN,MF,Lens,32,1992,6.5,260,290,89.7,4085,1076,142,149,95.3,87,97,89.7,21,27,77.8,1,0.1,0.2,+0.9,1,34,2,1,28,Matches
357,Gideon Mensah,gh GHA,DF,Auxerre,26,1998,25.3,1056,1321,79.9,17277,6655,563,614,91.7,369,459,80.4,94,173,54.3,1,2.6,1.7,-1.6,22,68,26,14,93,Matches
358,Quentin Merlin,fr FRA,DF,Marseille,22,2002,17.7,943,1145,82.4,15694,3325,445,497,89.5,417,488,85.5,60,105,57.1,3,3.0,2.4,0.0,25,57,27,9,86,Matches
359,Rafik Messali,fr FRA,DF,Toulouse,21,2003,5.1,166,227,73.1,2756,890,81,95,85.3,65,89,73.0,13,23,56.5,1,1.0,1.0,0.0,11,15,8,3,21,Matches
360,Thomas Meunier,be BEL,DF,Lille,32,1991,21.4,1188,1477,80.4,20433,6391,527,592,89.0,543,656,82.8,95,168,56.5,0,0.7,2.4,-0.7,13,123,31,7,136,Matches
361,Lucas Michal,fr FRA,"FW,MF",Monaco,19,2005,1.3,36,44,81.8,411,71,21,23,91.3,10,13,76.9,0,1,0.0,0,0.9,0.6,-0.9,1,0,2,0,4,Matches
362,Georges Mikautadze,ge GEO,FW,Lyon,23,2000,16.1,326,426,76.5,4382,925,191,231,82.7,94,122,77.0,13,17,76.5,6,4.3,3.7,+1.7,21,21,14,0,54,Matches
363,Igor Miladinović,rs SRB,"FW,MF",Saint-Étienne,21,2003,0.3,12,15,80.0,199,27,7,9,77.8,4,4,100.0,1,1,100.0,0,0.0,0.0,0.0,0,2,0,0,1,Matches
364,Takumi Minamino,jp JPN,"MF,FW",Monaco,29,1995,24.8,520,736,70.7,7341,2545,314,392,80.1,164,224,73.2,20,48,41.7,3,6.6,4.8,-3.6,40,66,33,0,114,Matches
365,Lucas Mincarelli,fr FRA,DF,Montpellier,20,2004,7.9,309,379,81.5,5124,1980,149,163,91.4,128,146,87.7,20,51,39.2,0,0.3,0.6,-0.3,3,24,2,2,25,Matches
366,Terem Moffi,ng NGA,FW,Nice,25,1999,0.6,6,10,60.0,93,30,4,7,57.1,2,3,66.7,0,0,,0,0.0,0.0,0.0,0,2,0,0,1,Matches
367,Mostafa Mohamed,eg EGY,FW,Nantes,26,1997,13.9,160,247,64.8,2461,647,89,127,70.1,50,65,76.9,14,22,63.6,0,0.4,0.4,-0.4,6,16,6,0,20,Matches
368,Florent Mollet,fr FRA,"MF,FW",Nantes,32,1991,2.7,83,106,78.3,1300,307,40,43,93.0,38,46,82.6,4,12,33.3,0,0.3,0.2,-0.3,6,9,3,1,9,Matches
369,Diego Moreira,be BEL,"DF,MF",Strasbourg,19,2004,28.5,1028,1327,77.5,16315,3941,534,619,86.3,408,528,77.3,61,104,58.7,7,7.3,7.4,-0.3,30,30,37,10,87,Matches
370,Gabriel Moscardo,br BRA,"MF,DF",Reims,18,2005,0.9,30,38,78.9,414,80,20,26,76.9,8,9,88.9,1,1,100.0,0,0.0,0.1,0.0,0,1,2,0,3,Matches
371,Yael Mouanga,fr FRA,DF,Montpellier,19,2005,10.5,420,479,87.7,7555,2597,167,178,93.8,207,226,91.6,33,54,61.1,0,0.2,0.1,-0.2,2,25,1,1,22,Matches
372,Aimen Moueffek,fr FRA,MF,Saint-Étienne,23,2001,11.5,336,396,84.8,4817,1133,201,224,89.7,112,129,86.8,12,21,57.1,1,1.1,1.0,-0.1,10,39,8,1,43,Matches
373,Youssoufa Moukoko,de GER,"FW,MF",Nice,19,2004,2.3,36,44,81.8,522,206,21,23,91.3,11,14,78.6,2,2,100.0,1,0.8,0.2,+0.2,5,2,1,1,6,Matches
374,Louis Mouton,fr FRA,MF,Saint-Étienne,22,2002,11.6,442,551,80.2,7284,2076,230,259,88.8,157,195,80.5,40,59,67.8,1,1.3,1.3,-0.3,16,42,13,1,54,Matches
375,Ngal'Ayel Mukau,cd COD,MF,Lille,19,2004,13.2,575,645,89.1,9354,1964,273,296,92.2,251,269,93.3,34,39,87.2,1,0.7,0.7,+0.3,12,52,8,1,57,Matches
376,Marshall Munetsi,zw ZIM,MF,Reims,28,1996,18.8,263,384,68.5,3758,1197,148,193,76.7,85,116,73.3,12,30,40.0,2,2.0,1.8,0.0,19,14,5,2,26,Matches
377,Almoatasem Al Musrati,ly LBY,MF,Monaco,28,1996,4.3,255,291,87.6,4815,1607,106,114,93.0,103,113,91.2,37,52,71.2,1,0.4,0.5,+0.6,5,38,4,0,41,Matches
378,Junior Mwanga,fr FRA,MF,Le Havre,21,2003,10.6,366,445,82.2,7166,2289,132,154,85.7,179,194,92.3,49,84,58.3,2,1.0,1.4,+1.0,7,37,4,2,42,Matches
379,Junior Mwanga,fr FRA,MF,Strasbourg,21,2003,3.3,133,147,90.5,2097,556,68,75,90.7,56,59,94.9,7,9,77.8,0,0.0,0.1,0.0,1,11,0,0,10,Matches
380,Loïc N'Gatta,fr FRA,DF,Auxerre,20,2003,0.1,13,15,86.7,199,64,7,7,100.0,5,5,100.0,1,2,50.0,0,0.0,0.0,0.0,0,3,0,0,1,Matches
381,Djylian N'Guessan,fr FRA,FW,Saint-Étienne,15,2008,2.0,44,53,83.0,606,138,24,27,88.9,16,19,84.2,1,1,100.0,0,0.1,0.1,-0.1,2,6,1,0,9,Matches
382,Mickael Nade,fr FRA,DF,Saint-Étienne,25,1999,25.6,1229,1366,90.0,21143,6996,521,545,95.6,635,674,94.2,66,125,52.8,2,0.6,0.5,+1.4,7,73,3,0,72,Matches
383,Bilal Nadir,ma MAR,MF,Marseille,20,2003,4.3,220,252,87.3,3076,571,116,123,94.3,83,93,89.2,6,8,75.0,0,0.4,0.4,-0.4,7,15,5,0,18,Matches
384,Mahamadou Nagida,cm CMR,DF,Rennes,19,2005,4.8,174,226,77.0,2662,707,96,111,86.5,57,75,76.0,12,21,57.1,0,0.3,0.3,-0.3,3,10,4,2,15,Matches
385,Keito Nakamura,jp JPN,"FW,MF",Reims,24,2000,29.4,575,775,74.2,8999,1919,310,372,83.3,192,256,75.0,44,78,56.4,2,2.9,3.4,-0.9,26,32,24,10,82,Matches
386,Sebastian Nanasi,se SWE,"MF,FW",Strasbourg,22,2002,23.4,643,812,79.2,9577,2783,385,439,87.7,204,251,81.3,34,78,43.6,4,4.9,4.7,-0.9,37,74,39,2,126,Matches
387,Yael Nandjou,fr FRA,DF,Nice,19,2005,1.7,50,66,75.8,723,256,28,32,87.5,22,28,78.6,0,3,0.0,0,0.7,0.6,-0.7,2,5,1,1,3,Matches
388,Youssouf Ndayishimiye,bi BDI,DF,Nice,25,1998,21.5,1177,1316,89.4,20069,6861,526,557,94.4,584,612,95.4,56,120,46.7,0,0.2,0.4,-0.2,5,94,5,0,86,Matches
389,Junior Ndiaye,fr FRA,FW,Montpellier,19,2005,4.9,57,80,71.3,757,112,34,43,79.1,19,27,70.4,0,0,,0,0.4,0.5,-0.4,5,2,4,0,7,Matches
390,Rassoul Ndiaye,sn SEN,MF,Le Havre,22,2001,11.8,325,441,73.7,5176,1445,163,191,85.3,126,165,76.4,22,46,47.8,0,0.6,0.9,-0.6,10,30,9,3,46,Matches
391,Wilfried Ndollo,cm CMR,DF,Montpellier,19,2005,4.5,151,190,79.5,2006,581,96,102,94.1,45,56,80.4,3,13,23.1,0,0.0,0.1,0.0,1,4,0,0,7,Matches
392,Tanguy Ndombele,fr FRA,MF,Nice,27,1996,12.6,415,476,87.2,6290,1904,233,255,91.4,150,171,87.7,22,31,71.0,2,2.4,1.3,-0.4,18,41,8,0,61,Matches
393,Loïc Nego,hu HUN,"DF,FW",Le Havre,33,1991,27.3,922,1228,75.1,15621,6488,462,520,88.8,368,471,78.1,80,184,43.5,0,0.7,1.6,-0.7,13,83,30,15,102,Matches
394,João Neves,pt POR,"MF,DF",Paris S-G,19,2004,20.5,1491,1634,91.2,23851,5397,787,834,94.4,570,611,93.3,101,130,77.7,8,4.0,3.9,+4.0,33,128,22,2,144,Matches
395,Mikayil Ngor Faye,sn SEN,DF,Rennes,20,2004,7.6,473,534,88.6,8626,2543,186,196,94.9,251,275,91.3,30,50,60.0,0,0.0,0.3,0.0,1,35,1,0,35,Matches
396,Steve Ngoura,fr FRA,FW,Le Havre,19,2005,3.2,37,57,64.9,556,181,18,28,64.3,13,15,86.7,3,3,100.0,0,0.4,0.1,-0.4,2,2,2,0,8,Matches
397,Bernard Nguene,cm CMR,FW,Nice,17,2006,0.1,2,2,100.0,17,0,2,2,100.0,0,0,,0,0,,0,0.0,0.0,0.0,0,0,0,0,0,Matches
398,Moussa Niakhate,sn SEN,DF,Lyon,28,1996,30.3,1688,1869,90.3,29756,11730,671,706,95.0,897,955,93.9,97,162,59.9,0,1.0,1.1,-1.0,7,88,13,3,111,Matches
399,Abdoulaye Niakhate Ndiaye,sn SEN,DF,Brest,22,2002,19.0,804,931,86.4,15938,5904,263,295,89.2,427,471,90.7,108,147,73.5,0,0.0,0.2,0.0,1,36,2,0,39,Matches
400,Ibrahima Niane,sn SEN,FW,Angers,25,1999,10.5,130,190,68.4,1720,295,82,108,75.9,29,44,65.9,7,12,58.3,1,1.0,0.4,0.0,9,13,2,0,9,Matches
401,Rasmus Nicolaisen,dk DEN,DF,Toulouse,27,1997,6.9,339,385,88.1,6199,2362,145,160,90.6,159,169,94.1,31,48,64.6,1,0.2,0.2,+0.8,2,20,2,0,27,Matches
402,Arnaud Nordin,fr FRA,FW,Montpellier,26,1998,13.0,232,332,69.9,3260,583,148,184,80.4,65,92,70.7,11,22,50.0,1,0.9,1.1,+0.1,15,6,12,6,23,Matches
403,Plamedi Nsingi,,MF,Nantes,23,2000,0.2,2,6,33.3,24,0,1,1,100.0,1,2,50.0,0,0,,0,0.0,0.0,0.0,0,0,0,0,0,Matches
404,Ernest Nuamah,gh GHA,"FW,MF",Lyon,20,2003,11.7,358,448,79.9,5021,917,229,252,90.9,94,121,77.7,20,30,66.7,1,1.5,1.3,-0.5,18,11,17,4,33,Matches
405,Rabby Nzingoula,fr FRA,MF,Montpellier,18,2005,18.8,454,592,76.7,7468,1487,232,270,85.9,180,217,82.9,32,55,58.2,0,1.6,1.2,-1.6,8,32,6,0,40,Matches
406,M'Bala Nzola,ao ANG,FW,Lens,27,1996,16.2,227,302,75.2,2579,415,158,197,80.2,38,54,70.4,5,6,83.3,1,1.3,0.9,-0.3,20,7,9,0,22,Matches
407,Marwann Nzuzi,fr FRA,DF,Saint-Étienne,20,2004,1.4,46,55,83.6,707,322,21,22,95.5,20,26,76.9,2,3,66.7,0,0.1,0.1,-0.1,1,3,1,1,2,Matches
408,Hamzat Ojediran,ng NGA,"MF,FW",Lens,20,2003,4.6,203,254,79.9,3132,917,110,124,88.7,72,85,84.7,14,26,53.8,0,0.4,0.4,-0.4,2,21,2,0,22,Matches
409,Joseph Okumu,ke KEN,DF,Reims,27,1997,18.8,883,1083,81.5,19248,8117,230,263,87.5,493,538,91.6,155,261,59.4,0,0.1,0.4,-0.1,4,121,4,1,116,Matches
410,Kazeem Olaigbe,be BEL,"MF,FW",Rennes,21,2003,3.3,124,141,87.9,1749,319,80,88,90.9,32,33,97.0,7,11,63.6,2,1.9,1.5,+0.1,15,2,8,2,18,Matches
411,Ben Old,nz NZL,"FW,MF",Saint-Étienne,21,2002,5.9,108,146,74.0,1641,467,57,64,89.1,45,55,81.8,4,15,26.7,0,0.8,0.5,-0.8,9,6,4,1,14,Matches
412,Warmed Omari,km COM,DF,Lyon,24,2000,0.1,6,6,100.0,145,40,0,0,,5,5,100.0,1,1,100.0,0,0.0,0.0,0.0,0,0,0,0,0,Matches
413,Becir Omeragic,ch SUI,DF,Montpellier,22,2002,20.0,832,903,92.1,14911,4349,302,322,93.8,457,470,97.2,56,79,70.9,0,0.1,0.4,-0.1,3,44,5,2,51,Matches
414,Andrew Omobamidele,ie IRL,DF,Strasbourg,22,2002,6.0,367,390,94.1,6665,2470,127,133,95.5,221,231,95.7,19,26,73.1,0,0.0,0.0,0.0,0,7,0,0,9,Matches
415,Ado Onaiwu,jp JPN,"MF,FW",Auxerre,28,1995,10.6,241,329,73.3,3189,813,143,182,78.6,70,89,78.7,9,13,69.2,1,1.1,1.1,-0.1,10,21,9,4,33,Matches
416,Christopher Operi,ci CIV,"DF,FW",Le Havre,27,1997,13.0,533,747,71.4,9424,3412,236,259,91.1,228,295,77.3,58,155,37.4,2,2.2,3.2,-0.2,24,36,20,13,52,Matches
417,Fredrik Oppegard,no NOR,DF,Auxerre,21,2002,3.0,125,154,81.2,1650,509,85,95,89.5,27,37,73.0,6,12,50.0,0,0.1,0.1,-0.1,2,4,3,2,7,Matches
418,Victor Orakpo,ng NGA,FW,Nice,18,2006,0.4,15,17,88.2,218,43,10,11,90.9,4,4,100.0,1,1,100.0,0,0.0,0.0,0.0,0,1,0,0,1,Matches
419,Ike Orazi,ie IRL,MF,Reims,17,2007,0.0,1,1,100.0,11,0,1,1,100.0,0,0,,0,0,,0,0.0,0.0,0.0,0,0,0,0,0,Matches
420,Gift Orban,ng NGA,"FW,DF",Lyon,22,2002,2.1,22,33,66.7,369,117,11,14,78.6,5,7,71.4,4,6,66.7,0,0.0,0.1,0.0,1,1,1,0,2,Matches
421,Gabriel Osho,ng NGA,DF,Auxerre,25,1998,18.4,669,753,88.8,12927,4606,206,223,92.4,384,412,93.2,73,103,70.9,0,0.1,0.2,-0.1,1,49,0,0,43,Matches
422,Jibril Othman,tn TUN,FW,Saint-Étienne,20,2004,0.1,1,1,100.0,10,0,1,1,100.0,0,0,,0,0,,0,0.0,0.0,0.0,0,0,0,0,0,Matches
423,Abdoul Ouattara,fr FRA,"DF,FW",Strasbourg,18,2005,5.2,167,195,85.6,2758,602,80,88,90.9,70,82,85.4,11,14,78.6,1,0.5,0.1,+0.5,3,11,2,0,18,Matches
424,Kassoum Ouattara,fr FRA,"DF,FW",Monaco,19,2004,4.3,172,217,79.3,2919,1053,80,95,84.2,75,90,83.3,13,22,59.1,1,1.2,1.3,-0.2,6,11,8,7,16,Matches
425,Zinédine Ould Khaled,fr FRA,MF,Angers,24,2000,3.8,112,123,91.1,1885,405,49,53,92.5,57,60,95.0,4,5,80.0,0,0.0,0.0,0.0,0,7,0,0,11,Matches
426,Beres Owusu,fr FRA,DF,Saint-Étienne,20,2003,1.0,20,32,62.5,375,121,9,10,90.0,7,13,53.8,4,8,50.0,0,0.0,0.0,0.0,1,1,1,0,3,Matches
427,Elisha Owusu,gh GHA,MF,Auxerre,26,1997,26.0,693,847,81.8,11213,2794,342,394,86.8,281,330,85.2,46,74,62.2,3,1.0,0.6,+2.0,14,53,6,1,78,Matches
428,Willian Pacho,ec ECU,DF,Paris S-G,22,2001,23.7,1865,1968,94.8,33030,9702,629,654,96.2,1134,1158,97.9,82,120,68.3,1,0.3,0.4,+0.7,3,69,1,0,53,Matches
429,Nicolas Pallois,fr FRA,DF,Nantes,36,1987,22.4,731,874,83.6,14898,5456,233,262,88.9,392,424,92.5,98,169,58.0,2,0.4,0.4,+1.6,3,56,1,1,52,Matches
430,Nicolas Pays,fr FRA,"FW,MF",Montpellier,20,2003,5.0,139,179,77.7,2176,467,71,83,85.5,55,67,82.1,9,18,50.0,0,0.1,0.5,-0.1,3,8,5,3,14,Matches
431,Kévin Pedro,fr FRA,DF,Saint-Étienne,18,2006,0.1,6,11,54.5,89,35,4,5,80.0,2,6,33.3,0,0,,0,0.0,0.0,0.0,0,0,0,0,0,Matches
432,Jordan Pefok,us USA,FW,Reims,28,1996,4.2,39,50,78.0,488,65,25,31,80.6,5,6,83.3,3,3,100.0,0,0.7,0.2,-0.7,3,4,1,0,4,Matches
433,Théo Pellenard,fr FRA,DF,Auxerre,30,1994,0.5,15,20,75.0,239,37,8,9,88.9,6,8,75.0,1,2,50.0,0,0.0,0.1,0.0,0,1,1,1,1,Matches
434,Timothee Pembele,fr FRA,DF,Le Havre,21,2002,12.4,424,520,81.5,6665,2391,214,236,90.7,182,217,83.9,19,33,57.6,0,0.1,0.5,-0.1,3,25,7,3,43,Matches
435,Faris Pemi Moumbagna,cm CMR,FW,Marseille,24,2000,0.1,0,0,,0,0,0,0,,0,0,,0,0,,0,0.0,0.0,0.0,0,0,0,0,0,Matches
436,Óscar Perea,co COL,"MF,DF",Strasbourg,18,2005,0.2,10,10,100.0,156,25,4,4,100.0,6,6,100.0,0,0,,0,0.0,0.0,0.0,0,0,0,0,2,Matches
437,Mathias Pereira Lage,pt POR,"FW,MF",Brest,27,1996,17.5,308,490,62.9,4867,1688,167,215,77.7,108,162,66.7,26,75,34.7,7,3.5,3.3,+3.5,22,23,14,6,41,Matches
438,Lucas Perri,br BRA,GK,Lyon,26,1997,33.0,799,1040,76.8,19720,12981,173,173,100.0,451,460,98.0,174,400,43.5,0,0.0,0.1,0.0,1,20,0,0,0,Matches
439,Gaëtan Perrin,fr FRA,"MF,FW",Auxerre,28,1996,29.9,728,1031,70.6,13238,4768,348,418,83.3,233,306,76.1,113,216,52.3,11,7.8,4.7,+3.2,73,87,34,7,142,Matches
440,Prosper Peter,ng NGA,"MF,FW",Angers,16,2007,0.3,1,2,50.0,10,0,1,2,50.0,0,0,,0,0,,0,0.0,0.0,0.0,0,0,0,0,0,Matches
441,Léo Pétrot,fr FRA,DF,Saint-Étienne,27,1997,29.3,1114,1385,80.4,17729,6679,579,644,89.9,453,538,84.2,59,134,44.0,3,1.6,1.5,+1.4,16,73,17,7,93,Matches
442,Đorđe Petrović,rs SRB,GK,Strasbourg,24,1999,31.0,1244,1547,80.4,28204,17534,330,332,99.4,695,707,98.3,219,505,43.4,0,0.0,0.1,0.0,0,22,1,0,1,Matches
443,Tom Pouilly,fr FRA,"DF,MF",Lens,21,2003,3.0,171,218,78.4,2634,802,88,96,91.7,75,92,81.5,5,20,25.0,0,0.4,0.6,-0.4,3,8,9,4,11,Matches
444,Adrien Rabiot,fr FRA,MF,Marseille,29,1995,27.6,1309,1543,84.8,18021,4031,776,849,91.4,430,500,86.0,38,67,56.7,4,3.8,3.8,+0.2,28,147,24,5,168,Matches
445,Gonçalo Ramos,pt POR,FW,Paris S-G,23,2001,11.8,193,241,80.1,2279,367,130,155,83.9,44,53,83.0,3,4,75.0,3,2.2,1.4,+0.8,15,9,9,0,24,Matches
446,Lilian Raolisoa,fr FRA,"DF,FW",Angers,24,2000,14.6,392,564,69.5,6526,2904,187,215,87.0,158,215,73.5,34,84,40.5,3,2.0,1.7,+1.0,14,31,16,8,47,Matches
447,Rayan Raveloson,mg MAD,"MF,DF",Auxerre,27,1997,8.0,271,313,86.6,5021,1334,117,124,94.4,104,115,90.4,44,56,78.6,0,0.2,0.3,-0.2,3,19,6,0,31,Matches
448,Guillaume Restes,fr FRA,GK,Toulouse,19,2005,28.3,587,811,72.4,14175,9705,147,148,99.3,301,305,98.7,135,352,38.4,1,0.1,0.0,+0.9,1,6,0,0,0,Matches
449,Alexsandro Ribeiro,br BRA,DF,Lille,24,1999,30.0,2204,2417,91.2,43718,14857,635,678,93.7,1353,1420,95.3,197,286,68.9,1,0.4,1.0,+0.6,9,191,6,2,178,Matches
450,Alejandro Rodriguez,pt POR,MF,Lyon,16,2008,0.2,1,2,50.0,16,0,0,0,,1,1,100.0,0,0,,0,0.0,0.0,0.0,0,0,0,0,0,Matches
451,Valentin Rongier,fr FRA,"MF,DF",Marseille,29,1994,17.4,1271,1408,90.3,18466,4560,737,785,93.9,463,502,92.2,33,50,66.0,1,1.1,1.5,-0.1,11,110,7,0,110,Matches
452,Pablo Rosario,do DOM,"MF,DF",Nice,27,1997,19.7,641,754,85.0,10685,3770,312,352,88.6,284,310,91.6,37,62,59.7,1,0.6,0.9,+0.4,16,63,14,1,89,Matches
453,Anthony Rouault,fr FRA,DF,Rennes,23,2001,10.8,623,680,91.6,12133,4445,178,187,95.2,389,401,97.0,48,74,64.9,0,0.0,0.2,0.0,1,39,2,0,36,Matches
454,Jonathan Rowe,eng ENG,"FW,MF",Marseille,21,2003,9.0,233,291,80.1,3211,692,146,162,90.1,71,92,77.2,7,17,41.2,3,4.5,2.2,-1.5,18,8,14,5,31,Matches
455,Fabián Ruiz Peña,es ESP,MF,Paris S-G,28,1996,21.4,1458,1627,89.6,23743,6285,743,802,92.6,575,619,92.9,101,131,77.1,5,4.7,5.1,+0.3,36,155,36,3,205,Matches
456,Gerónimo Rulli,ar ARG,GK,Marseille,32,1992,34.0,1058,1204,87.9,22890,14976,313,315,99.4,534,543,98.3,196,329,59.6,0,0.1,0.0,-0.1,2,7,0,0,1,Matches
457,Mathew Ryan,au AUS,GK,Lens,32,1992,14.0,305,408,74.8,7878,5197,82,82,100.0,124,126,98.4,97,198,49.0,0,0.0,0.0,0.0,0,2,0,0,0,Matches
458,Emmanuel Sabbi,us USA,"FW,MF",Le Havre,26,1997,7.3,91,128,71.1,1424,409,44,61,72.1,33,43,76.7,8,13,61.5,0,0.6,0.3,-0.6,4,5,5,1,15,Matches
459,Falaye Sacko,ml MLI,DF,Montpellier,29,1995,13.7,542,648,83.6,8853,3284,256,282,90.8,238,275,86.5,34,60,56.7,1,0.2,0.2,+0.8,7,37,2,1,59,Matches
460,Matvei Safonov,ru RUS,GK,Paris S-G,25,1999,9.8,250,311,80.4,6143,3965,51,51,100.0,137,137,100.0,61,120,50.8,0,0.0,0.0,0.0,0,5,0,0,0,Matches
461,Modibo Sagnan,ml MLI,DF,Montpellier,25,1999,23.8,857,967,88.6,17324,5954,249,264,94.3,494,530,93.2,106,151,70.2,0,0.6,0.5,-0.6,6,45,3,0,51,Matches
462,Osame Sahraoui,ma MAR,"FW,MF",Lille,23,2001,14.4,515,614,83.9,7130,2046,315,352,89.5,159,181,87.8,20,27,74.1,3,3.6,4.3,-0.6,29,47,41,3,89,Matches
463,Wesley Saïd,fr FRA,FW,Lens,29,1995,10.1,193,248,77.8,2430,495,124,146,84.9,56,68,82.4,4,15,26.7,0,1.0,1.0,-1.0,9,11,12,0,24,Matches
464,Théo Sainte-Luce,fr FRA,DF,Montpellier,25,1998,11.3,257,347,74.1,3744,1534,148,173,85.5,87,122,71.3,12,28,42.9,0,0.8,0.8,-0.8,8,14,8,5,22,Matches
465,Ibrahim Salah,ma MAR,FW,Brest,22,2001,4.0,88,129,68.2,1255,239,48,56,85.7,23,38,60.5,8,15,53.3,1,0.6,0.4,+0.4,6,2,2,2,7,Matches
466,Amine Salama,fr FRA,FW,Reims,24,2000,4.1,62,82,75.6,976,197,34,40,85.0,18,24,75.0,7,7,100.0,0,0.3,0.2,-0.3,5,5,2,0,9,Matches
467,Mohammed Salisu,gh GHA,DF,Monaco,25,1999,11.4,662,775,85.4,11709,5228,263,304,86.5,356,384,92.7,40,76,52.6,0,0.1,0.2,-0.1,3,51,2,0,68,Matches
468,Yoann Salmier,gf GUF,DF,Le Havre,31,1992,8.9,283,346,81.8,5596,1997,92,104,88.5,158,175,90.3,33,58,56.9,0,0.2,0.2,-0.2,2,20,1,0,24,Matches
469,Mama Samba Baldé,gw GNB,FW,Lyon,28,1995,0.4,4,6,66.7,37,22,3,5,60.0,0,0,,0,0,,0,0.0,0.0,0.0,0,1,0,0,1,Matches
470,Mama Samba Baldé,gw GNB,FW,Brest,28,1995,12.8,183,253,72.3,2828,595,87,117,74.4,61,77,79.2,19,24,79.2,3,2.1,1.3,+0.9,16,13,5,2,22,Matches
471,Brice Samba,fr FRA,GK,Rennes,30,1994,17.0,525,672,78.1,12995,7998,99,100,99.0,299,308,97.1,127,263,48.3,0,0.0,0.0,0.0,0,7,0,0,1,Matches
472,Brice Samba,fr FRA,GK,Lens,30,1994,15.0,415,512,81.1,11184,7765,89,90,98.9,185,188,98.4,138,229,60.3,0,0.0,0.1,0.0,0,15,1,0,1,Matches
473,Arouna Sangante,sn SEN,DF,Le Havre,22,2002,13.8,693,796,87.1,13010,4432,225,249,90.4,418,444,94.1,44,89,49.4,0,0.1,0.1,-0.1,3,47,3,1,48,Matches
474,Nhoa Sangui,fr FRA,"DF,MF",Reims,18,2006,12.9,510,608,83.9,7468,2154,297,316,94.0,172,204,84.3,20,42,47.6,2,0.5,0.5,+1.5,5,42,4,2,45,Matches
475,Morgan Sanson,fr FRA,MF,Nice,29,1994,2.6,83,106,78.3,1450,365,44,57,77.2,29,33,87.9,9,11,81.8,0,0.1,0.1,-0.1,1,7,3,1,13,Matches
476,Baptiste Santamaria,fr FRA,MF,Nice,29,1995,10.3,389,471,82.6,6339,1799,203,218,93.1,144,178,80.9,31,49,63.3,0,1.0,0.3,-1.0,9,40,4,0,45,Matches
477,Baptiste Santamaria,fr FRA,MF,Rennes,29,1995,5.4,254,308,82.5,4350,1435,120,137,87.6,98,113,86.7,27,38,71.1,1,0.3,0.3,+0.7,4,32,4,0,28,Matches
478,Andrey Santos,br BRA,MF,Strasbourg,20,2004,31.7,1401,1588,88.2,23008,7859,659,726,90.8,647,708,91.4,77,96,80.2,3,3.3,2.0,-0.3,27,141,15,0,149,Matches
479,Tiago Santos,pt POR,DF,Lille,22,2002,4.5,175,223,78.5,2807,603,97,106,91.5,70,87,80.5,6,19,31.6,0,0.6,0.8,-0.6,5,15,8,4,17,Matches
480,Malang Sarr,fr FRA,DF,Lens,25,1999,15.4,854,955,89.4,17516,5632,258,275,93.8,470,489,96.1,120,169,71.0,0,0.3,0.6,-0.3,5,62,2,0,54,Matches
481,Mamadou Sarr,sn SEN,DF,Strasbourg,18,2005,26.3,1593,1699,93.8,29195,9910,553,566,97.7,927,962,96.4,104,144,72.2,1,0.3,0.3,+0.7,5,60,1,1,52,Matches
482,Martin Satriano,uy URU,"FW,DF",Lens,23,2001,1.0,18,30,60.0,218,72,13,18,72.2,4,7,57.1,0,1,0.0,0,0.1,0.1,-0.1,2,0,0,0,2,Matches
483,Téji Savanier,fr FRA,MF,Montpellier,32,1991,26.3,1031,1481,69.6,22715,7412,376,465,80.9,359,472,76.1,259,447,57.9,5,6.9,7.2,-1.9,67,165,31,12,183,Matches
484,Niklas Schmidt,de GER,MF,Toulouse,26,1998,2.3,142,180,78.9,2834,884,49,60,81.7,61,68,89.7,27,42,64.3,1,0.7,0.9,+0.3,5,23,4,0,23,Matches
485,Jérémy Sebas,mq MTQ,"FW,MF",Strasbourg,21,2003,2.1,27,41,65.9,344,73,17,23,73.9,10,14,71.4,0,0,,0,0.0,0.0,0.0,1,4,2,0,3,Matches
486,Alidu Seidu,gh GHA,DF,Rennes,24,2000,8.9,426,518,82.2,7350,2223,189,206,91.7,195,227,85.9,34,63,54.0,0,0.3,0.4,-0.3,5,33,8,0,41,Matches
487,Hiroki Sekine,jp JPN,DF,Reims,21,2002,9.9,407,504,80.8,6476,2340,218,238,91.6,146,176,83.0,34,58,58.6,0,0.2,0.5,-0.2,3,32,9,5,39,Matches
488,Marvin Senaya,tg TOG,DF,Strasbourg,23,2001,2.5,110,138,79.7,1854,596,48,51,94.1,52,65,80.0,7,14,50.0,0,0.1,0.0,-0.1,2,6,1,1,5,Matches
489,Djibril Sidibé,fr FRA,DF,Toulouse,32,1992,23.3,1018,1277,79.7,17651,8086,431,480,89.8,480,571,84.1,79,164,48.2,3,2.9,3.5,+0.1,18,89,30,12,121,Matches
490,Vincent Sierro,ch SUI,MF,Toulouse,28,1995,26.7,1076,1372,78.4,19073,5824,462,533,86.7,502,589,85.2,89,190,46.8,1,3.6,3.6,-2.6,30,102,26,1,147,Matches
491,Caio Henrique Oliveira Silva,br BRA,DF,Monaco,27,1997,21.4,1025,1383,74.1,16220,5772,569,633,89.9,359,476,75.4,77,205,37.6,6,5.0,5.9,+1.0,35,84,38,12,102,Matches
492,Abdallah Sima,sn SEN,"FW,MF",Brest,23,2001,13.8,231,332,69.6,3140,660,142,183,77.6,72,105,68.6,8,10,80.0,2,1.0,0.9,+1.0,13,13,6,1,24,Matches
493,Moses Simon,ng NGA,"FW,MF",Nantes,29,1995,29.0,505,815,62.0,8898,2519,233,295,79.0,204,306,66.7,56,141,39.7,10,6.7,5.7,+3.3,56,27,41,24,59,Matches
494,Lassine Sinayoko,ml MLI,"FW,MF",Auxerre,24,1999,25.5,528,688,76.7,7014,1529,325,389,83.5,151,184,82.1,15,27,55.6,8,5.5,3.4,+2.5,37,28,17,3,62,Matches
495,Wilfried Singo,ci CIV,DF,Monaco,23,2000,23.3,1252,1452,86.2,23389,7968,449,487,92.2,698,756,92.3,92,176,52.3,2,1.5,1.5,+0.5,7,102,11,1,118,Matches
496,Ayanda Sishuba,be BEL,FW,Rennes,19,2005,0.0,0,0,,0,0,0,0,,0,0,,0,0,,0,0.0,0.0,0.0,0,0,0,0,0,Matches
497,Ibrahim Sissoko,ml MLI,FW,Saint-Étienne,28,1995,9.1,118,178,66.3,1734,203,71,93,76.3,34,51,66.7,8,12,66.7,1,0.6,0.3,+0.4,7,9,1,0,12,Matches
498,Niama Sissoko,ml MLI,"FW,MF",Reims,18,2005,0.5,7,11,63.6,136,5,1,1,100.0,4,5,80.0,1,1,100.0,0,0.0,0.0,0.0,0,0,1,0,1,Matches
499,Leo Skiri Østigård,no NOR,DF,Rennes,24,1999,13.6,676,797,84.8,12920,4774,231,263,87.8,373,411,90.8,66,109,60.6,0,0.2,0.2,-0.2,2,42,0,0,50,Matches
500,Milan Škriniar,sk SVK,DF,Paris S-G,29,1995,4.2,361,374,96.5,6457,2316,133,136,97.8,208,213,97.7,16,20,80.0,0,0.1,0.0,-0.1,1,15,0,0,20,Matches
501,Naatan Skyttä,fi FIN,FW,Toulouse,22,2002,0.1,4,4,100.0,32,1,4,4,100.0,0,0,,0,0,,0,0.0,0.0,0.0,0,1,0,0,0,Matches
502,Eduard Sobol,ua UKR,DF,Strasbourg,29,1995,1.1,22,34,64.7,357,175,12,12,100.0,8,16,50.0,2,3,66.7,0,0.0,0.0,0.0,0,1,0,0,3,Matches
503,Florian Sotoca,fr FRA,"FW,MF",Lens,33,1990,19.9,732,996,73.5,10828,2837,418,495,84.4,229,305,75.1,50,85,58.8,1,1.5,2.9,-0.5,18,74,29,9,105,Matches
504,Issa Soumaré,sn SEN,"FW,MF",Le Havre,23,2000,21.1,339,554,61.2,5031,1198,186,259,71.8,108,172,62.8,23,55,41.8,4,3.1,1.9,+0.9,28,17,16,4,45,Matches
505,Saidou Sow,gn GUI,DF,Strasbourg,22,2002,11.3,577,636,90.7,10281,3407,202,213,94.8,349,367,95.1,25,49,51.0,1,0.2,0.1,+0.8,2,12,2,0,16,Matches
506,Saidou Sow,gn GUI,DF,Nantes,22,2002,8.9,332,399,83.2,6320,2485,119,123,96.7,166,179,92.7,40,86,46.5,0,0.4,0.0,-0.4,2,21,0,0,15,Matches
507,Lucas Stassin,be BEL,FW,Saint-Étienne,19,2004,21.0,350,473,74.0,4654,669,223,269,82.9,90,114,78.9,15,23,65.2,4,3.4,3.1,+0.6,18,13,12,1,35,Matches
508,Enzo Sternal,fr FRA,"FW,MF",Marseille,17,2007,0.3,7,8,87.5,77,1,5,5,100.0,1,1,100.0,0,1,0.0,0,0.0,0.0,0.0,1,0,0,0,0,Matches
509,Gabriel Suazo,cl CHI,DF,Toulouse,26,1997,24.0,994,1248,79.6,15858,6514,535,602,88.9,373,460,81.1,57,119,47.9,6,3.8,4.8,+2.2,40,75,38,12,109,Matches
510,Abakar Sylla,ci CIV,DF,Strasbourg,21,2002,10.6,583,658,88.6,9980,3603,224,244,91.8,332,358,92.7,22,45,48.9,0,0.1,0.1,-0.1,1,21,1,0,21,Matches
511,Issiaga Sylla,gn GUI,DF,Montpellier,30,1994,12.8,435,563,77.3,7255,3005,218,251,86.9,162,214,75.7,43,65,66.2,0,0.6,0.7,-0.6,7,45,16,10,53,Matches
512,Musa Al-Taamari,jo JOR,"FW,MF",Montpellier,27,1997,12.4,235,304,77.3,3364,662,140,166,84.3,63,82,76.8,16,19,84.2,1,1.5,1.1,-0.5,12,12,12,1,30,Matches
513,Musa Al-Taamari,jo JOR,"FW,MF",Rennes,27,1997,6.3,108,132,81.8,1444,233,60,66,90.9,36,44,81.8,2,3,66.7,0,1.3,1.4,-1.3,10,5,3,0,8,Matches
514,Nicolás Tagliafico,ar ARG,DF,Lyon,31,1992,21.1,1159,1338,86.6,17462,5435,643,703,91.5,443,498,89.0,50,87,57.5,1,0.8,1.4,+0.2,5,72,8,3,97,Matches
515,Axel Tapé,fr FRA,"DF,MF",Paris S-G,16,2007,2.0,142,151,94.0,2651,619,36,37,97.3,101,105,96.2,4,6,66.7,0,0.0,0.0,0.0,1,6,0,0,5,Matches
516,Florian Tardieu,fr FRA,MF,Saint-Étienne,32,1992,13.9,869,1013,85.8,13919,5229,455,490,92.9,332,375,88.5,60,104,57.7,4,1.3,1.6,+2.7,19,127,24,0,139,Matches
517,Oussama Targhalline,ma MAR,MF,Le Havre,22,2002,11.0,348,437,79.6,5782,1714,175,199,87.9,130,152,85.5,30,50,60.0,0,0.7,1.2,-0.7,6,50,13,2,66,Matches
518,Enzo Tchato,cm CMR,DF,Montpellier,21,2002,21.1,757,1010,75.0,12674,4703,338,398,84.9,341,428,79.7,57,116,49.1,0,1.5,1.2,-1.5,14,46,13,12,62,Matches
519,Arnau Tenas,es ESP,GK,Paris S-G,23,2001,1.0,31,32,96.9,757,538,9,9,100.0,13,13,100.0,9,10,90.0,1,0.2,0.1,+0.8,2,2,1,0,1,Matches
520,Tanner Tessmann,us USA,MF,Lyon,22,2001,13.7,685,766,89.4,11703,2664,330,360,91.7,275,288,95.5,62,89,69.7,0,0.6,0.8,-0.6,7,64,3,0,56,Matches
521,Teddy Teuma,mt MLT,MF,Reims,30,1993,8.3,494,624,79.2,7958,2302,263,290,90.7,168,207,81.2,41,77,53.2,0,1.1,1.3,-1.1,13,41,9,4,47,Matches
522,Jordan Teze,nl NED,DF,Monaco,24,1999,6.3,287,363,79.1,4858,1860,131,149,87.9,138,170,81.2,17,29,58.6,0,1.5,2.0,-1.5,13,28,9,3,31,Matches
523,Sorba Thomas,wls WAL,"FW,MF",Nantes,24,1999,14.7,360,550,65.5,6320,2228,178,217,82.0,122,173,70.5,48,127,37.8,3,3.7,3.0,-0.7,36,27,24,17,34,Matches
524,Adrien Thomasson,fr FRA,MF,Lens,30,1993,29.1,1318,1612,81.8,20594,5103,696,790,88.1,472,561,84.1,97,142,68.3,7,6.0,5.2,+1.0,56,99,29,7,149,Matches
525,Corentin Tolisso,fr FRA,MF,Lyon,29,1994,25.9,1359,1602,84.8,20673,6018,752,835,90.1,481,538,89.4,80,128,62.5,4,4.9,4.9,-0.9,31,147,35,4,166,Matches
526,Abdoulaye Touré,gn GUI,MF,Le Havre,30,1994,25.8,868,1059,82.0,16170,4315,346,405,85.4,392,462,84.8,106,138,76.8,1,0.4,1.1,+0.6,7,90,10,5,109,Matches
527,Birama Touré,ml MLI,"MF,DF",Montpellier,32,1992,3.3,101,123,82.1,1809,621,38,45,84.4,53,58,91.4,10,18,55.6,0,0.1,0.0,-0.1,3,4,0,0,9,Matches
528,Ousmane Toure,fr FRA,DF,Lille,19,2005,0.1,4,6,66.7,92,47,0,0,,4,6,66.7,0,0,,0,0.0,0.0,0.0,0,0,0,0,2,Matches
529,Adrien Truffert,fr FRA,"DF,MF",Rennes,22,2001,30.6,1263,1601,78.9,19719,6114,669,743,90.0,490,620,79.0,70,144,48.6,2,3.2,4.0,-1.2,39,56,39,20,104,Matches
530,Vanderson,br BRA,DF,Monaco,23,2001,22.9,1090,1403,77.7,18537,6599,547,623,87.8,412,522,78.9,103,174,59.2,3,3.1,3.8,-0.1,23,76,29,12,102,Matches
531,Robinio Vaz,fr FRA,FW,Marseille,17,2007,0.8,2,8,25.0,27,0,1,4,25.0,1,1,100.0,0,1,0.0,0,0.0,0.1,0.0,0,0,0,0,0,Matches
532,Jordan Veretout,fr FRA,MF,Lyon,31,1993,17.3,792,944,83.9,13258,3471,380,424,89.6,337,386,87.3,60,92,65.2,0,0.6,0.9,-0.6,13,86,12,0,99,Matches
533,Ben Viadere,fr FRA,MF,Auxerre,18,2005,0.1,2,6,33.3,37,27,1,1,100.0,0,2,0.0,1,2,50.0,0,0.0,0.1,0.0,1,0,0,0,0,Matches
534,Vitinha,pt POR,MF,Paris S-G,24,2000,22.7,2236,2403,93.1,39605,9228,1017,1058,96.1,920,963,95.5,251,297,84.5,1,2.6,3.8,-1.6,27,257,37,3,224,Matches
535,Ibrahima Wadji,sn SEN,"FW,MF",Saint-Étienne,29,1995,3.9,53,63,84.1,680,65,26,29,89.7,21,26,80.8,0,0,,0,0.0,0.1,0.0,1,2,1,0,4,Matches
536,Elye Wahi,fr FRA,FW,Marseille,21,2003,6.4,88,111,79.3,1129,158,59,67,88.1,20,23,87.0,3,4,75.0,1,0.4,0.2,+0.6,6,7,0,0,7,Matches
537,Caleb Wiley,us USA,"DF,MF",Strasbourg,19,2004,3.0,97,123,78.9,1476,602,56,65,86.2,32,37,86.5,5,11,45.5,1,0.7,0.3,+0.3,2,2,3,2,7,Matches
538,Christopher Wooh,cm CMR,DF,Rennes,22,2001,16.2,749,860,87.1,14386,5490,232,259,89.6,456,489,93.3,56,99,56.6,0,0.1,0.3,-0.1,2,51,2,0,59,Matches
539,Etienne Youte Kinkoue,fr FRA,DF,Le Havre,22,2002,25.8,1124,1262,89.1,23138,7156,258,274,94.2,745,777,95.9,115,193,59.6,0,0.2,0.3,-0.2,3,62,3,1,63,Matches
540,Eloge Zabi,ci CIV,"DF,MF",Reims,17,2006,0.2,9,12,75.0,122,54,6,6,100.0,3,4,75.0,0,1,0.0,0,0.0,0.0,0.0,0,1,0,0,2,Matches
541,Yoram Zague,fr FRA,"DF,FW",Paris S-G,18,2006,2.0,172,183,94.0,2831,596,74,78,94.9,90,94,95.7,6,7,85.7,0,0.1,0.1,-0.1,2,4,2,1,10,Matches
542,Wilfried Zaha,ci CIV,FW,Lyon,31,1992,0.8,28,32,87.5,388,49,14,15,93.3,12,12,100.0,0,0,,0,0.0,0.0,0.0,0,0,0,0,1,Matches
543,Warren Zaïre-Emery,fr FRA,"MF,DF",Paris S-G,18,2006,22.8,1557,1677,92.8,22787,4864,897,930,96.5,546,575,95.0,60,85,70.6,2,1.4,1.4,+0.6,18,116,9,1,135,Matches
544,Miha Zajc,si SVN,MF,Toulouse,30,1994,2.9,153,185,82.7,2433,507,75,85,88.2,68,79,86.1,8,16,50.0,0,0.1,0.2,-0.1,3,16,6,0,24,Matches
545,Denis Zakaria,ch SUI,MF,Monaco,27,1996,23.8,1062,1175,90.4,15671,4921,604,643,93.9,390,424,92.0,42,61,68.9,4,1.4,2.0,+2.6,16,91,23,2,113,Matches
546,Anass Zaroury,ma MAR,"FW,MF",Lens,23,2000,15.6,506,746,67.8,8251,2733,266,327,81.3,178,247,72.1,44,108,40.7,2,2.9,3.3,-0.9,35,39,34,13,65,Matches
547,Nathan Zeze,fr FRA,DF,Nantes,19,2005,16.8,737,859,85.8,14468,5641,234,251,93.2,433,462,93.7,65,132,49.2,0,0.0,0.2,0.0,1,47,2,0,46,Matches
548,Edon Zhegrova,xk KVX,"FW,MF",Lille,25,1999,10.9,316,416,76.0,4971,1467,171,192,89.1,123,159,77.4,16,40,40.0,1,2.2,2.4,-1.2,16,17,26,3,54,Matches
549,Melvin Zinga,fr FRA,GK,Angers,22,2002,1.0,21,33,63.6,541,361,3,3,100.0,12,12,100.0,6,18,33.3,0,0.0,0.0,0.0,0,0,0,0,0,Matches
550,Luck Zogbé,ci CIV,DF,Brest,19,2005,7.1,253,328,77.1,4265,1357,115,128,89.8,110,142,77.5,20,40,50.0,0,0.1,0.1,-0.1,4,12,2,2,19,Matches
551,Aristide Zossou,ci CIV,MF,Auxerre,19,2005,0.2,16,18,88.9,230,35,7,7,100.0,6,7,85.7,1,1,100.0,0,0.0,0.0,0.0,0,1,1,0,2,Matches
552,Yanis Zouaoui,dz ALG,"DF,FW",Le Havre,30,1994,10.8,408,595,68.6,7484,2710,197,222,88.7,148,204,72.5,57,136,41.9,2,2.9,3.1,-0.9,28,23,14,9,32,Matches
553,Edhy Zuliani,fr FRA,DF,Toulouse,19,2004,0.1,2,2,100.0,22,0,2,2,100.0,0,0,,0,0,,0,0.0,0.0,0.0,0,0,0,0,0,Matches
