Player,Nation,Pos,Squad,Age,Born,90s,SCA_SCA,SCA_SCA90,SCA Types_PassLive,SCA Types_PassDead,SCA Types_TO,SCA Types_Sh,SCA Types_Fld,SCA Types_Def,GCA_GCA,GCA_GCA90,GCA Types_PassLive,GCA Types_PassDead,GCA Types_TO,GCA Types_Sh,GCA Types_Fld,GCA Types_Def
Brenden Aaronson,USA,"MF,FW",Union Berlin,22,2000,14.1,53,3.76,41,1,8,3,0,0,8,0.57,6,0,2,0,0,0
Paxten Aaronson,USA,MF,Eint Frankfurt,19,2003,1.1,1,0.89,1,0,0,0,0,0,1,0.89,1,0,0,0,0,0
Junior Adamu,AUT,"FW,MF",Freiburg,22,2001,1.2,2,1.73,1,0,0,0,1,0,0,0.0,0,0,0,0,0,0
Sargis Adamyan,ARM,"FW,MF",Köln,30,1993,8.9,31,3.48,22,0,1,1,6,1,3,0.34,1,0,0,1,1,0
Karim Adeyemi,GER,"FW,MF",Dortmund,21,2002,10.1,25,2.46,13,1,3,2,6,0,2,0.2,2,0,0,0,0,0
Amine Adli,MAR,"MF,FW",Leverkusen,23,2000,10.0,52,5.22,39,0,6,3,4,0,9,0.9,5,0,2,1,1,0
Felix Agu,NGA,"DF,MF",Werder Bremen,23,1999,17.9,24,1.34,16,1,0,0,7,0,3,0.17,0,0,0,0,3,0
Ludovic Ajorque,FRA,FW,Mainz 05,29,1994,15.1,37,2.45,29,1,0,1,5,1,0,0.0,0,0,0,0,0,0
Kevin Akpoguma,NGA,DF,Hoffenheim,28,1995,12.2,16,1.31,13,0,2,0,1,0,3,0.25,3,0,0,0,0,0
Faride Alidou,GER,"FW,MF",Köln,22,2001,14.2,34,2.39,23,0,5,1,5,0,3,0.21,1,0,1,0,1,0
Skelly Alvero,FRA,MF,Werder Bremen,21,2002,1.4,4,2.9,4,0,0,0,0,0,0,0.0,0,0,0,0,0,0
Nadiem Amiri,GER,MF,Mainz 05,26,1996,14.6,91,6.23,34,43,6,1,4,3,11,0.75,6,4,1,0,0,0
Nadiem Amiri,GER,MF,Leverkusen,26,1996,1.0,1,1.02,1,0,0,0,0,0,0,0.0,0,0,0,0,0,0
Kofi Amoako,GER,MF,Wolfsburg,18,2005,0.0,0,0.0,0,0,0,0,0,0,0,0.0,0,0,0,0,0,0
Robert Andrich,GER,"MF,DF",Leverkusen,28,1994,18.8,54,2.88,47,0,0,4,2,1,6,0.32,6,0,0,0,0,0
Waldemar Anton,GER,DF,Stuttgart,27,1996,32.1,39,1.22,33,0,0,4,1,1,9,0.28,8,0,0,1,0,0
Christopher Antwi-Adjei,GHA,"FW,MF",Bochum,29,1994,13.5,48,3.55,31,9,2,3,3,0,4,0.3,4,0,0,0,0,0
Asaf Arania,ISR,MF,Darmstadt 98,17,2005,0.1,0,0.0,0,0,0,0,0,0,0,0.0,0,0,0,0,0,0
Maximilian Arnold,GER,MF,Wolfsburg,29,1994,27.8,82,2.94,47,28,1,3,2,1,3,0.11,1,0,0,2,0,0
Arthur,BRA,DF,Leverkusen,20,2003,2.0,7,3.41,5,1,0,0,0,1,2,0.97,2,0,0,0,0,0
Takuma Asano,JPN,"FW,MF",Bochum,28,1994,22.1,65,2.95,44,1,5,8,6,1,5,0.23,3,0,0,2,0,0
Jonathan Asp Jensen,DEN,FW,Bayern Munich,17,2006,0.0,0,0.0,0,0,0,0,0,0,0,0.0,0,0,0,0,0,0
Noah Atubolu,GER,GK,Freiburg,21,2002,34.0,4,0.12,2,2,0,0,0,0,0,0.0,0,0,0,0,0,0
Matthias Bader,GER,"DF,MF",Darmstadt 98,26,1997,20.0,49,2.45,37,2,3,3,2,2,4,0.2,3,0,0,0,0,1
Ridle Baku,GER,"DF,MF",Wolfsburg,25,1998,22.4,59,2.64,50,0,0,5,4,0,1,0.04,1,0,0,0,0,0
Samuel Bamba,GER,FW,Dortmund,19,2004,0.5,2,3.75,1,0,0,0,1,0,0,0.0,0,0,0,0,0,0
Aymen Barkok,MAR,"MF,FW",Mainz 05,25,1998,3.6,15,4.21,10,2,1,1,1,0,1,0.28,1,0,0,0,0,0
Leandro Barreiro Martins,LUX,MF,Mainz 05,23,2000,29.0,58,2.0,40,1,1,6,8,2,5,0.17,5,0,0,0,0,0
Daniel Batz,GER,GK,Mainz 05,32,1991,4.0,0,0.0,0,0,0,0,0,0,0,0.0,0,0,0,0,0,0
Maximilian Bauer,GER,DF,Augsburg,23,2000,9.0,4,0.44,2,0,0,2,0,0,0,0.0,0,0,0,0,0,0
Elias Baum,GER,"DF,MF",Eint Frankfurt,17,2005,0.3,0,0.0,0,0,0,0,0,0,0,0.0,0,0,0,0,0,0
Oliver Baumann,GER,GK,Hoffenheim,33,1990,34.0,6,0.18,3,3,0,0,0,0,1,0.03,0,1,0,0,0,0
Christoph Baumgartner,AUT,"MF,FW",RB Leipzig,23,1999,12.9,45,3.5,31,0,3,5,5,1,5,0.39,3,0,0,1,1,0
Ihlas Bebou,TOG,"FW,DF",Hoffenheim,29,1994,18.2,48,2.64,31,0,7,7,2,1,14,0.77,6,0,5,1,1,1
Adrian Beck,GER,"MF,FW",Heidenheim,26,1997,10.8,29,2.68,22,0,3,3,0,1,4,0.37,3,0,0,1,0,0
Sheraldo Becker,SUR,"FW,MF",Union Berlin,28,1995,7.2,28,3.91,22,0,2,2,2,0,4,0.56,2,0,0,1,1,0
Chris Bedia,CIV,"FW,MF",Union Berlin,27,1996,1.6,4,2.48,4,0,0,0,0,0,0,0.0,0,0,0,0,0,0
Donny van de Beek,NED,"MF,FW",Eint Frankfurt,26,1997,4.0,7,1.76,6,1,0,0,0,0,0,0.0,0,0,0,0,0,0
Kevin Behrens,GER,FW,Wolfsburg,32,1991,6.8,18,2.63,15,0,1,2,0,0,2,0.29,2,0,0,0,0,0
Kevin Behrens,GER,FW,Union Berlin,32,1991,14.0,35,2.5,25,0,0,2,7,1,2,0.14,1,0,0,0,1,0
Maximilian Beier,GER,"FW,MF",Hoffenheim,20,2002,26.9,76,2.83,47,0,11,7,11,0,10,0.37,2,0,3,3,2,0
Stefan Bell,GER,DF,Mainz 05,31,1991,7.4,5,0.68,5,0,0,0,0,0,1,0.14,1,0,0,0,0,0
Ramy Bensebaini,ALG,DF,Dortmund,28,1995,11.5,26,2.27,16,2,2,2,4,0,3,0.26,3,0,0,0,0,0
Mergim Berisha,GER,FW,Hoffenheim,25,1998,1.6,4,2.48,2,0,1,1,0,0,0,0.0,0,0,0,0,0,0
Mergim Berisha,GER,FW,Augsburg,25,1998,1.4,5,3.69,4,0,0,0,1,0,0,0.0,0,0,0,0,0,0
Bernardo,BRA,DF,Bochum,28,1995,32.5,46,1.42,32,3,1,4,4,2,4,0.12,2,0,0,2,0,0
Matúš Bero,SVK,"MF,FW",Bochum,27,1995,18.5,29,1.57,22,0,0,3,2,2,2,0.11,1,0,0,0,1,0
Jan-Niklas Beste,GER,"FW,MF",Heidenheim,24,1999,28.9,123,4.26,43,60,2,7,10,1,20,0.69,9,8,0,1,2,0
Pep Biel,ESP,"MF,FW",Augsburg,26,1996,3.2,10,3.17,7,2,1,0,0,0,0,0.0,0,0,0,0,0,0
Tom Bischof,GER,"MF,FW",Hoffenheim,18,2005,2.0,7,3.48,4,2,0,1,0,0,2,0.99,2,0,0,0,0,0
Leonardo Bittencourt,GER,MF,Werder Bremen,29,1993,17.5,46,2.63,43,0,0,2,1,0,3,0.17,2,0,0,0,1,0
Hendry Blank,GER,DF,Dortmund,18,2004,0.5,0,0.0,0,0,0,0,0,0,0,0.0,0,0,0,0,0,0
Janis Blaswich,GER,GK,RB Leipzig,32,1991,21.0,3,0.14,3,0,0,0,0,0,0,0.0,0,0,0,0,0,0
Sacha Boey,FRA,DF,Bayern Munich,22,2000,1.2,0,0.0,0,0,0,0,0,0,0,0.0,0,0,0,0,0,0
Victor Boniface,NGA,FW,Leverkusen,22,2000,17.2,57,3.32,29,0,21,3,3,1,15,0.87,9,0,4,1,1,0
Leonardo Bonucci,ITA,DF,Union Berlin,36,1987,5.1,4,0.78,4,0,0,0,0,0,0,0.0,0,0,0,0,0,0
Yvandro Borges Sanches,LUX,"MF,FW",Gladbach,19,2004,0.2,1,5.0,0,0,0,0,1,0,1,5.0,0,0,0,0,1,0
Sebastiaan Bornauw,BEL,DF,Wolfsburg,24,1999,15.9,5,0.31,2,0,0,1,1,1,0,0.0,0,0,0,0,0,0
Rafael Borré,COL,FW,Werder Bremen,27,1995,11.0,22,2.0,19,0,0,2,1,0,2,0.18,1,0,0,0,1,0
Julian Brandt,GER,"MF,FW",Dortmund,27,1996,24.7,133,5.38,78,43,7,4,0,1,17,0.69,9,6,1,1,0,0
Fabian Bredlow,GER,GK,Stuttgart,28,1995,4.0,0,0.0,0,0,0,0,0,0,0,0.0,0,0,0,0,0,0
Tim Breithaupt,GER,MF,Augsburg,21,2002,7.0,11,1.58,11,0,0,0,0,0,1,0.14,1,0,0,0,0,0
Maximilian Breunig,GER,FW,Freiburg,22,2000,0.1,0,0.0,0,0,0,0,0,0,0,0.0,0,0,0,0,0,0
Bennit Bröger,GER,FW,Wolfsburg,17,2006,0.1,0,0.0,0,0,0,0,0,0,0,0.0,0,0,0,0,0,0
John Brooks,USA,DF,Hoffenheim,30,1993,17.1,9,0.53,9,0,0,0,0,0,0,0.0,0,0,0,0,0,0
Moritz Broschinski,GER,FW,Bochum,22,2000,13.9,34,2.46,25,0,2,6,0,1,7,0.51,5,0,1,1,0,0
Alexander Brunst,GER,GK,Darmstadt 98,28,1995,3.0,2,0.67,1,1,0,0,0,0,0,0.0,0,0,0,0,0,0
Marius Bülter,GER,"DF,FW",Hoffenheim,30,1993,15.0,49,3.26,39,1,2,4,2,1,6,0.4,6,0,0,0,0,0
Jonathan Burkardt,GER,"FW,MF",Mainz 05,23,2000,17.1,41,2.4,24,0,3,5,9,0,3,0.18,2,0,1,0,0,0
Oliver Burke,SCO,FW,Werder Bremen,26,1997,0.4,0,0.0,0,0,0,0,0,0,0,0.0,0,0,0,0,0,0
Marnon Busch,GER,DF,Heidenheim,28,1994,6.6,13,1.96,13,0,0,0,0,0,1,0.15,1,0,0,0,0,0
Aurélio Buta,POR,"DF,MF",Eint Frankfurt,26,1997,19.4,34,1.75,29,1,1,2,1,0,4,0.21,3,0,0,1,0,0
Anthony Caci,FRA,DF,Mainz 05,26,1997,27.6,59,2.14,45,6,3,4,1,0,8,0.29,8,0,0,0,0,0
Emre Can,GER,"MF,DF",Dortmund,29,1994,21.7,44,2.03,38,1,0,2,1,2,4,0.18,4,0,0,0,0,0
Irvin Cardona,MLT,"MF,DF",Augsburg,25,1997,0.6,1,1.67,1,0,0,0,0,0,0,0.0,0,0,0,0,0,0
Rasmus Carstensen,DEN,"DF,FW",Köln,22,2000,18.4,39,2.12,32,2,3,2,0,0,2,0.11,1,0,1,0,0,0
Fabio Carvalho,POR,MF,RB Leipzig,20,2002,1.8,4,2.18,3,0,0,1,0,0,0,0.0,0,0,0,0,0,0
Koen Casteels,BEL,GK,Wolfsburg,31,1992,25.0,6,0.24,6,0,0,0,0,0,1,0.04,1,0,0,0,0,0
Václav Černý,CZE,"FW,MF",Wolfsburg,25,1997,10.2,32,3.12,30,1,1,0,0,0,4,0.39,4,0,0,0,0,0
Julian Chabot,GER,DF,Köln,25,1998,30.0,36,1.2,24,2,0,4,5,1,1,0.03,0,0,0,1,0,0
El Chadaille Bitshiabu,FRA,"DF,MF",RB Leipzig,18,2005,0.4,0,0.0,0,0,0,0,0,0,0,0.0,0,0,0,0,0,0
Fares Chaïbi,ALG,"MF,FW",Eint Frankfurt,20,2002,21.2,81,3.81,45,29,0,6,1,0,10,0.47,8,0,0,2,0,0
Timothy Chandler,USA,"MF,DF",Eint Frankfurt,33,1990,0.2,3,14.21,3,0,0,0,0,0,0,0.0,0,0,0,0,0,0
Fabio Chiarodia,ITA,DF,Gladbach,18,2005,1.7,1,0.59,1,0,0,0,0,0,0,0.0,0,0,0,0,0,0
Jacob Christensen,DEN,MF,Köln,22,2001,2.4,6,2.45,5,0,1,0,0,0,0,0.0,0,0,0,0,0,0
Nnamdi Collins,GER,DF,Eint Frankfurt,19,2004,1.0,1,1.0,0,1,0,0,0,0,0,0.0,0,0,0,0,0,0
Kingsley Coman,FRA,FW,Bayern Munich,27,1996,12.4,63,5.09,50,0,6,4,3,0,7,0.57,6,0,0,1,0,0
Bambasé Conté,GER,"MF,FW",Hoffenheim,20,2003,0.5,1,1.87,1,0,0,0,0,0,0,0.0,0,0,0,0,0,0
Danny da Costa,GER,DF,Mainz 05,30,1993,9.2,18,1.95,13,3,2,0,0,0,1,0.11,1,0,0,0,0,0
Nicolas Cozza,FRA,DF,Wolfsburg,24,1999,3.1,4,1.3,3,0,1,0,0,0,0,0.0,0,0,0,0,0,0
Tomáš Čvančara,CZE,FW,Gladbach,22,2000,10.0,20,2.01,10,0,2,7,0,1,3,0.3,1,0,0,2,0,0
Finn Dahmen,GER,GK,Augsburg,25,1998,31.0,10,0.32,6,4,0,0,0,0,0,0.0,0,0,0,0,0,0
Mahmoud Dahoud,GER,MF,Stuttgart,27,1996,2.5,11,4.36,10,1,0,0,0,0,1,0.4,1,0,0,0,0,0
Lukas Daschner,GER,"MF,FW",Bochum,24,1998,6.0,20,3.35,15,1,1,1,2,0,2,0.33,2,0,0,0,0,0
David Datro Fofana,CIV,"FW,MF",Union Berlin,20,2002,7.6,28,3.7,14,1,6,7,0,0,2,0.26,2,0,0,0,0,0
Alphonso Davies,CAN,DF,Bayern Munich,22,2000,22.9,76,3.31,63,1,7,1,2,2,14,0.61,10,1,2,0,1,0
Olivier Deman,BEL,DF,Werder Bremen,23,2000,15.2,35,2.31,25,3,2,2,2,1,1,0.07,1,0,0,0,0,0
Ermedin Demirović,BIH,"FW,MF",Augsburg,25,1998,31.9,72,2.26,49,0,9,8,6,0,14,0.44,11,0,2,0,1,0
Sepp van den Berg,NED,DF,Mainz 05,21,2001,31.5,23,0.73,15,1,1,5,1,0,1,0.03,0,0,0,1,0,0
Samuele Di Benedetto,GER,MF,Stuttgart,18,2005,0.1,1,12.86,1,0,0,0,0,0,0,0.0,0,0,0,0,0,0
Justin Diehl,GER,"FW,MF",Köln,18,2004,1.9,11,5.86,4,3,2,2,0,0,0,0.0,0,0,0,0,0,0
Eric Dier,ENG,DF,Bayern Munich,29,1994,13.0,13,1.0,12,0,0,1,0,0,5,0.39,4,0,0,1,0,0
Florian Dietz,GER,"FW,MF",Köln,24,1998,0.8,4,5.14,4,0,0,0,0,0,0,0.0,0,0,0,0,0,0
Junior Dina Ebimbe,FRA,"MF,DF",Eint Frankfurt,22,2000,21.7,54,2.48,38,0,8,5,2,1,6,0.28,6,0,0,0,0,0
Eren Dinkçi,GER,"FW,MF",Heidenheim,21,2001,29.4,86,2.92,61,5,7,7,6,0,13,0.44,9,0,3,1,0,0
Ritsu Doan,JPN,"DF,MF",Freiburg,25,1998,25.0,70,2.81,48,8,7,2,5,0,7,0.28,6,0,0,0,1,0
Danilho Doekhi,NED,DF,Union Berlin,25,1998,24.0,25,1.04,17,0,0,4,4,0,3,0.12,1,0,0,1,1,0
Niklas Dorsch,GER,MF,Augsburg,25,1998,15.4,18,1.17,12,0,1,2,2,1,1,0.06,1,0,0,0,0,0
Nikola Dovedan,AUT,"MF,FW",Heidenheim,29,1994,7.3,23,3.17,16,0,1,3,3,0,3,0.41,2,0,0,0,1,0
Damion Downs,USA,"FW,MF",Köln,19,2004,2.0,4,1.99,3,0,0,1,0,0,0,0.0,0,0,0,0,0,0
Dion Drena Beljo,CRO,"FW,MF",Augsburg,21,2002,6.5,21,3.24,12,0,3,2,4,0,3,0.46,1,0,0,1,1,0
Tim Drexler,GER,DF,Hoffenheim,18,2005,6.4,5,0.79,5,0,0,0,0,0,3,0.47,3,0,0,0,0,0
Marvin Ducksch,GER,FW,Werder Bremen,29,1994,30.0,109,3.64,51,40,5,9,3,1,14,0.47,7,5,0,1,1,0
Julien Duranville,BEL,"FW,MF",Dortmund,17,2006,0.1,0,0.0,0,0,0,0,0,0,0,0.0,0,0,0,0,0,0
Maximilian Eggestein,GER,MF,Freiburg,26,1996,32.4,74,2.29,62,0,3,7,1,1,3,0.09,2,0,0,1,0,0
Lilian Egloff,GER,"MF,DF",Stuttgart,20,2002,1.2,0,0.0,0,0,0,0,0,0,0,0.0,0,0,0,0,0,0
Hugo Ekitike,FRA,FW,Eint Frankfurt,21,2002,8.0,28,3.52,13,0,6,3,5,1,4,0.5,2,0,1,0,1,0
Elif Elmas,MKD,"MF,FW",RB Leipzig,23,1999,3.0,7,2.36,5,0,2,0,0,0,1,0.34,1,0,0,0,0,0
Nico Elvedi,SUI,DF,Gladbach,26,1996,27.6,22,0.8,20,0,0,2,0,0,3,0.11,3,0,0,0,0,0
Arne Engels,BEL,"MF,DF",Augsburg,19,2003,15.6,40,2.56,28,8,0,2,2,0,8,0.51,5,1,0,0,2,0
Ohis Felix Uduokhai,GER,DF,Augsburg,25,1997,32.5,20,0.62,12,2,0,2,1,3,0,0.0,0,0,0,0,0,0
Edimilson Fernandes,SUI,DF,Mainz 05,27,1996,14.3,35,2.44,15,15,1,3,0,1,2,0.14,1,1,0,0,0,0
Nacho Ferri,ESP,"FW,MF",Eint Frankfurt,18,2004,0.8,2,2.43,1,0,0,1,0,0,1,1.22,1,0,0,0,0,0
Max Finkgräfe,GER,"DF,FW",Köln,19,2004,19.5,40,2.05,27,6,3,1,1,2,1,0.05,1,0,0,0,0,0
Kilian Fischer,GER,"DF,MF",Wolfsburg,22,2000,3.2,6,1.85,6,0,0,0,0,0,0,0.0,0,0,0,0,0,0
Jonas Föhrenbach,GER,DF,Heidenheim,27,1996,31.0,50,1.61,37,8,2,1,2,0,5,0.16,4,1,0,0,0,0
Emil Forsberg,SWE,"MF,FW",RB Leipzig,31,1991,5.2,16,3.1,11,2,0,3,0,0,4,0.78,3,0,0,1,0,0
Philipp Förster,GER,"MF,FW",Bochum,28,1995,4.3,19,4.45,8,7,0,2,1,1,0,0.0,0,0,0,0,0,0
Bartol Franjić,CRO,MF,Darmstadt 98,23,2000,13.7,17,1.24,14,1,0,0,0,2,2,0.15,2,0,0,0,0,0
Marco Friedl,AUT,DF,Werder Bremen,25,1998,24.4,4,0.16,4,0,0,0,0,0,1,0.04,1,0,0,0,0,0
Marvin Friedrich,GER,DF,Gladbach,27,1995,17.4,14,0.81,11,0,1,2,0,0,1,0.06,1,0,0,0,0,0
Jeremie Frimpong,NED,DF,Leverkusen,22,2000,25.0,84,3.36,59,0,15,5,5,0,9,0.36,6,0,2,0,1,0
Chris Führich,GER,"FW,MF",Stuttgart,25,1998,28.5,137,4.8,93,17,15,9,2,1,17,0.6,14,1,2,0,0,0
Shiō Fukuda,JPN,"FW,MF",Gladbach,19,2004,0.4,2,4.86,2,0,0,0,0,0,0,0.0,0,0,0,0,0,0
Niclas Füllkrug,GER,FW,Werder Bremen,30,1993,2.0,7,3.5,6,0,0,1,0,0,0,0.0,0,0,0,0,0,0
Niclas Füllkrug,GER,FW,Dortmund,30,1993,24.6,57,2.32,50,0,0,4,3,0,11,0.45,10,0,0,1,0,0
Cristian Gamboa,CRC,DF,Bochum,33,1989,13.2,20,1.52,15,3,0,2,0,0,2,0.15,1,1,0,0,0,0
Dennis Geiger,GER,MF,Hoffenheim,25,1998,0.7,1,1.41,1,0,0,0,0,0,0,0.0,0,0,0,0,0,0
Yannick Gerhardt,GER,"MF,DF",Wolfsburg,29,1994,18.1,35,1.93,32,0,0,1,2,0,1,0.06,1,0,0,0,0,0
Anwar El Ghazi,NED,"MF,DF",Mainz 05,28,1995,0.6,4,6.67,2,0,2,0,0,0,1,1.67,1,0,0,0,0,0
Benedikt Gimber,GER,DF,Heidenheim,26,1997,22.5,8,0.36,7,0,0,1,0,0,2,0.09,2,0,0,0,0,0
Matthias Ginter,GER,DF,Freiburg,29,1994,21.3,28,1.32,23,1,0,1,2,1,4,0.19,3,0,0,0,0,1
Jamie Gittens,ENG,"FW,MF",Dortmund,18,2004,11.8,46,3.92,31,0,10,1,4,0,9,0.77,6,0,1,0,2,0
Klaus Gjasula,ALB,"DF,MF",Darmstadt 98,33,1989,15.1,14,0.92,12,1,0,0,0,1,0,0.0,0,0,0,0,0,0
Serge Gnabry,GER,"FW,MF",Bayern Munich,28,1995,4.8,19,3.96,12,0,1,5,1,0,2,0.42,1,0,0,0,1,0
Leon Goretzka,GER,MF,Bayern Munich,28,1995,24.9,71,2.85,64,1,2,2,1,1,12,0.48,12,0,0,0,0,0
Robin Gosens,GER,"DF,MF",Union Berlin,29,1994,25.4,63,2.48,52,1,1,4,1,4,8,0.32,6,0,1,0,0,1
Mario Götze,GER,MF,Eint Frankfurt,31,1992,23.0,76,3.31,61,9,1,2,3,0,6,0.26,5,0,0,1,0,0
Jeffrey Gouweleeuw,NED,DF,Augsburg,32,1991,28.8,37,1.28,30,2,0,4,0,1,2,0.07,2,0,0,0,0,0
Jens Grahl,GER,GK,Eint Frankfurt,34,1988,2.0,1,0.5,1,0,0,0,0,0,1,0.5,1,0,0,0,0,0
Ryan Gravenberch,NED,FW,Bayern Munich,21,2002,0.1,3,27.0,2,0,1,0,0,0,0,0.0,0,0,0,0,0,0
Michael Gregoritsch,AUT,FW,Freiburg,29,1994,18.7,47,2.51,33,0,2,7,4,1,7,0.37,5,0,0,2,0,0
Vincenzo Grifo,ITA,"MF,FW",Freiburg,30,1993,25.8,98,3.79,63,24,6,3,2,0,11,0.43,4,4,0,1,2,0
Florian Grillitsch,AUT,"DF,MF",Hoffenheim,27,1995,25.5,62,2.43,53,0,2,5,0,2,10,0.39,9,0,0,1,0,0
Álex Grimaldo,ESP,DF,Leverkusen,27,1995,30.9,131,4.23,88,29,5,5,3,1,21,0.68,13,3,1,2,2,0
Christian Groß,GER,"DF,MF",Werder Bremen,34,1989,8.9,8,0.9,8,0,0,0,0,0,1,0.11,1,0,0,0,0,0
Brajan Gruda,GER,"MF,FW",Mainz 05,19,2004,18.2,103,5.65,64,13,8,5,13,0,5,0.27,4,1,0,0,0,0
Ilia Gruev,BUL,MF,Werder Bremen,23,2000,0.0,0,0.0,0,0,0,0,0,0,0,0.0,0,0,0,0,0,0
Raphaël Guerreiro,POR,"DF,MF",Bayern Munich,29,1993,13.2,50,3.78,41,6,1,1,0,1,7,0.53,7,0,0,0,0,0
Josuha Guilavogui,FRA,DF,Mainz 05,32,1990,4.5,4,0.88,4,0,0,0,0,0,1,0.22,1,0,0,0,0,0
Serhou Guirassy,GUI,FW,Stuttgart,27,1996,24.5,90,3.67,72,0,8,6,4,0,13,0.53,6,0,4,1,2,0
Péter Gulácsi,HUN,GK,RB Leipzig,33,1990,13.0,1,0.08,1,0,0,0,0,0,1,0.08,1,0,0,0,0,0
Manuel Gulde,GER,DF,Freiburg,32,1991,22.7,13,0.57,11,1,0,1,0,0,0,0.0,0,0,0,0,0,0
Robert Gumny,POL,DF,Augsburg,25,1998,5.3,11,2.06,6,2,1,2,0,0,3,0.56,3,0,0,0,0,0
Christian Günter,GER,DF,Freiburg,30,1993,11.8,29,2.46,20,7,0,1,0,1,2,0.17,2,0,0,0,0,0
Janik Haberer,GER,"MF,DF",Union Berlin,29,1994,13.6,28,2.06,25,0,0,2,1,0,2,0.15,2,0,0,0,0,0
Robin Hack,GER,"FW,MF",Gladbach,24,1998,15.0,45,3.0,32,8,4,1,0,0,2,0.13,2,0,0,0,0,0
Amadou Haidara,MLI,MF,RB Leipzig,25,1998,17.0,41,2.42,34,1,2,1,2,1,7,0.41,5,0,1,0,1,0
Sébastien Haller,CIV,FW,Dortmund,29,1994,4.4,11,2.53,10,0,0,1,0,0,1,0.23,1,0,0,0,0,0
Andreas Hanche-Olsen,NOR,DF,Mainz 05,26,1997,11.0,6,0.54,6,0,0,0,0,0,1,0.09,1,0,0,0,0,0
Isak Hansen-Aarøen,NOR,MF,Werder Bremen,18,2004,0.3,1,3.33,1,0,0,0,0,0,0,0.0,0,0,0,0,0,0
Genki Haraguchi,JPN,MF,Stuttgart,32,1991,0.3,0,0.0,0,0,0,0,0,0,0,0.0,0,0,0,0,0,0
Makoto Hasebe,JPN,"DF,MF",Eint Frankfurt,39,1984,2.4,3,1.24,1,1,0,0,1,0,0,0.0,0,0,0,0,0,0
Thorgan Hazard,BEL,DF,Dortmund,30,1993,0.1,0,0.0,0,0,0,0,0,0,0,0.0,0,0,0,0,0,0
Dominique Heintz,GER,DF,Köln,29,1993,6.3,14,2.22,12,1,1,0,0,0,0,0.0,0,0,0,0,0,0
Benjamin Henrichs,GER,DF,RB Leipzig,26,1997,28.1,89,3.17,69,4,6,5,1,4,13,0.46,10,0,0,2,1,0
Patrick Herrmann,GER,"FW,DF",Gladbach,32,1991,1.0,7,7.33,4,2,0,1,0,0,1,1.05,1,0,0,0,0,0
Piero Hincapié,ECU,DF,Leverkusen,21,2002,16.5,23,1.39,20,0,0,2,1,0,5,0.3,4,0,0,1,0,0
Adam Hložek,CZE,"MF,FW",Leverkusen,21,2002,5.1,16,3.14,12,0,1,3,0,0,4,0.78,4,0,0,0,0,0
Nicolas Höfler,GER,MF,Freiburg,33,1990,25.9,32,1.24,27,0,0,3,1,1,3,0.12,3,0,0,0,0,0
Jonas Hofmann,GER,MF,Leverkusen,31,1992,24.5,157,6.42,108,33,4,6,5,1,20,0.82,10,7,0,1,2,0
Philipp Hofmann,GER,FW,Bochum,30,1993,17.5,51,2.92,32,0,2,9,7,1,4,0.23,2,0,0,2,0,0
Lucas Höler,GER,"FW,MF",Freiburg,29,1994,25.6,64,2.5,49,0,1,4,6,4,8,0.31,6,0,0,0,1,1
Fabian Holland,GER,"MF,DF",Darmstadt 98,33,1990,20.4,45,2.21,34,6,2,0,1,2,4,0.2,3,1,0,0,0,0
Benedict Hollerbach,GER,"FW,MF",Union Berlin,22,2001,14.2,41,2.88,29,0,3,4,4,1,1,0.07,0,0,1,0,0,0
Gerrit Holtmann,PHI,"MF,FW",Darmstadt 98,28,1995,4.4,19,4.36,12,0,3,2,2,0,1,0.23,0,0,0,1,0,0
Franck Honorat,FRA,"DF,FW",Gladbach,26,1996,26.1,133,5.1,79,47,3,1,2,1,18,0.69,12,5,0,0,0,1
Mathias Honsak,AUT,"FW,MF",Darmstadt 98,26,1996,11.3,21,1.85,15,0,2,2,1,1,3,0.26,1,0,1,1,0,0
Fraser Hornby,SCO,"FW,MF",Darmstadt 98,23,1999,2.4,8,3.3,6,0,1,1,0,0,0,0.0,0,0,0,0,0,0
Lukáš Hrádecký,FIN,GK,Leverkusen,33,1989,33.0,2,0.06,2,0,0,0,0,0,1,0.03,1,0,0,0,0,0
Timo Hübers,GER,DF,Köln,27,1996,30.9,22,0.71,19,0,0,2,1,0,1,0.03,0,0,0,0,1,0
Mats Hummels,GER,DF,Dortmund,34,1988,17.6,24,1.37,20,0,0,3,0,1,2,0.11,1,0,0,1,0,0
Denis Huseinbasic,BIH,MF,Köln,22,2001,18.1,37,2.05,30,0,0,3,3,1,5,0.28,4,0,0,0,1,0
Iago,BRA,DF,Augsburg,26,1997,18.0,42,2.33,33,1,2,1,3,2,2,0.11,2,0,0,0,0,0
Borja Iglesias,ESP,FW,Leverkusen,30,1993,2.8,8,2.81,8,0,0,0,0,0,0,0.0,0,0,0,0,0,0
Joel Imasuen,USA,FW,Werder Bremen,18,2004,0.0,0,0.0,0,0,0,0,0,0,0,0.0,0,0,0,0,0,0
Thomas Isherwood,SWE,DF,Darmstadt 98,25,1998,7.1,1,0.14,1,0,0,0,0,0,0,0.0,0,0,0,0,0,0
Ko Itakura,JPN,"DF,MF",Gladbach,26,1997,17.7,17,0.96,16,0,0,1,0,0,3,0.17,3,0,0,0,0,0
Hiroki Ito,JPN,DF,Stuttgart,24,1999,24.8,35,1.41,30,0,1,4,0,0,8,0.32,7,0,0,1,0,0
Lee Jae-sung,KOR,"MF,FW",Mainz 05,30,1992,23.5,66,2.81,56,0,3,2,3,2,7,0.3,3,0,1,1,1,1
Paul Jaeckel,GER,DF,Union Berlin,25,1998,2.6,1,0.38,1,0,0,0,0,0,0,0.0,0,0,0,0,0,0
Kristijan Jakić,CRO,MF,Augsburg,26,1997,11.7,20,1.71,13,0,1,1,2,3,3,0.26,2,0,0,1,0,0
Kristijan Jakić,CRO,"MF,FW",Eint Frankfurt,26,1997,2.2,2,0.9,2,0,0,0,0,0,0,0.0,0,0,0,0,0,0
Tony Jantschke,GER,"DF,MF",Gladbach,33,1990,0.3,0,0.0,0,0,0,0,0,0,0,0.0,0,0,0,0,0,0
Nuha Jatta,GAM,FW,RB Leipzig,17,2006,0.0,0,0.0,0,0,0,0,0,0,0,0.0,0,0,0,0,0,0
Fredrik Jensen,FIN,"MF,FW",Augsburg,25,1997,14.9,50,3.36,27,18,0,4,0,1,8,0.54,4,3,0,1,0,0
Moritz Jenz,GER,DF,Wolfsburg,24,1999,19.4,13,0.67,12,0,0,1,0,0,1,0.05,1,0,0,0,0,0
Anthony Jung,GER,DF,Werder Bremen,31,1991,28.7,25,0.87,22,2,0,0,1,0,1,0.03,1,0,0,0,0,0
Josip Juranović,CRO,DF,Union Berlin,27,1995,14.4,61,4.25,16,41,1,2,1,0,4,0.28,0,3,0,0,1,0
David Jurásek,CZE,DF,Hoffenheim,22,2000,5.5,11,2.0,8,2,0,1,0,0,3,0.54,1,1,0,1,0,0
Julian Justvan,GER,"FW,MF",Hoffenheim,25,1998,0.5,0,0.0,0,0,0,0,0,0,0,0.0,0,0,0,0,0,0
Julian Justvan,GER,"MF,FW",Darmstadt 98,25,1998,11.4,46,4.05,30,8,5,2,1,0,2,0.18,2,0,0,0,0,0
Ozan Kabak,TUR,DF,Hoffenheim,23,2000,25.4,22,0.87,15,0,3,3,1,0,2,0.08,1,0,1,0,0,0
Pavel Kadeřábek,CZE,"DF,FW",Hoffenheim,31,1992,26.8,61,2.28,55,2,0,3,1,0,5,0.19,5,0,0,0,0,0
Florian Kainz,AUT,"MF,FW",Köln,30,1992,24.4,98,4.02,60,30,5,1,2,0,8,0.33,5,2,1,0,0,0
Sasa Kalajdzic,AUT,FW,Eint Frankfurt,26,1997,3.6,8,2.22,6,0,0,1,1,0,2,0.55,1,0,0,1,0,0
Jakub Kamiński,POL,"FW,MF",Wolfsburg,21,2002,5.3,7,1.33,7,0,0,0,0,0,2,0.38,2,0,0,0,0,0
Kevin Kampl,SVN,MF,RB Leipzig,32,1990,15.1,38,2.51,33,0,2,1,1,1,3,0.2,3,0,0,0,0,0
Harry Kane,ENG,FW,Bayern Munich,30,1993,31.5,83,2.63,54,2,7,13,7,0,11,0.35,8,1,0,2,0,0
Atakan Karazor,TUR,MF,Stuttgart,26,1996,29.1,57,1.96,49,0,0,2,1,5,5,0.17,5,0,0,0,0,0
Emir Karic,BIH,DF,Darmstadt 98,26,1997,19.8,47,2.37,41,1,3,0,0,2,2,0.1,2,0,0,0,0,0
Silas Katompa,COD,"FW,MF",Stuttgart,24,1998,10.0,42,4.2,25,0,11,2,4,0,7,0.7,2,0,3,1,1,0
Mikkel Kaufmann,DEN,FW,Union Berlin,22,2001,5.4,12,2.22,9,0,2,1,0,0,1,0.18,0,0,1,0,0,0
Naby Keïta,GUI,"MF,DF",Werder Bremen,28,1995,1.2,2,1.64,2,0,0,0,0,0,1,0.82,1,0,0,0,0,0
Yannik Keitel,GER,"DF,MF",Freiburg,23,2000,10.2,11,1.08,10,0,0,1,0,0,2,0.2,1,0,0,1,0,0
Thomas Keller,GER,"MF,FW",Heidenheim,23,1999,0.0,0,0.0,0,0,0,0,0,0,0,0.0,0,0,0,0,0,0
Aljoscha Kemlein,GER,MF,Union Berlin,18,2004,0.3,1,3.1,0,0,1,0,0,0,0,0.0,0,0,0,0,0,0
Tobias Kempe,GER,MF,Darmstadt 98,34,1989,15.0,57,3.8,28,22,1,3,2,1,8,0.53,4,2,0,0,2,0
Rani Khedira,GER,MF,Union Berlin,29,1994,14.9,8,0.54,6,0,0,1,0,1,0,0.0,0,0,0,0,0,0
Luca Kilian,GER,DF,Köln,23,1999,7.1,3,0.43,3,0,0,0,0,0,0,0.0,0,0,0,0,0,0
Joshua Kimmich,GER,"MF,DF",Bayern Munich,28,1995,24.2,128,5.29,79,43,2,2,1,1,11,0.45,6,3,1,1,0,0
Christoph Klarer,AUT,DF,Darmstadt 98,23,2000,26.2,22,0.84,19,1,0,2,0,0,2,0.08,2,0,0,0,0,0
Tim Kleindienst,GER,FW,Heidenheim,27,1995,31.9,71,2.23,54,0,4,9,1,3,11,0.35,8,0,1,1,1,0
Lukas Klostermann,GER,DF,RB Leipzig,27,1996,16.0,14,0.88,13,0,0,1,0,0,0,0.0,0,0,0,0,0,0
Ansgar Knauff,GER,"MF,DF",Eint Frankfurt,21,2002,23.4,61,2.6,51,0,6,2,0,2,6,0.26,5,0,0,0,0,1
Robin Knoche,GER,DF,Union Berlin,31,1992,21.3,13,0.61,9,1,0,3,0,0,0,0.0,0,0,0,0,0,0
Gregor Kobel,SUI,GK,Dortmund,25,1997,26.3,4,0.15,4,0,0,0,0,0,0,0.0,0,0,0,0,0,0
Robin Koch,GER,DF,Eint Frankfurt,27,1996,30.4,18,0.59,15,0,0,3,0,0,3,0.1,3,0,0,0,0,0
Dominik Kohr,GER,"DF,MF",Mainz 05,29,1994,24.3,28,1.15,22,0,2,4,0,0,0,0.0,0,0,0,0,0,0
Randal Kolo Muani,FRA,FW,Eint Frankfurt,24,1998,1.7,1,0.59,0,0,0,1,0,0,0,0.0,0,0,0,0,0,0
Mert Kömür,GER,"MF,DF",Augsburg,18,2005,1.3,5,3.81,2,1,0,0,2,0,0,0.0,0,0,0,0,0,0
Manu Koné,FRA,MF,Gladbach,22,2001,17.3,59,3.4,42,0,7,6,4,0,3,0.17,0,0,0,2,1,0
Odilon Kossounou,CIV,DF,Leverkusen,22,2001,20.1,33,1.64,31,0,2,0,0,0,3,0.15,3,0,0,0,0,0
Tomáš Koubek,CZE,GK,Augsburg,30,1992,3.0,0,0.0,0,0,0,0,0,0,0,0.0,0,0,0,0,0,0
Matej Kovar,CZE,GK,Leverkusen,23,2000,1.0,0,0.0,0,0,0,0,0,0,0,0.0,0,0,0,0,0,0
Dawid Kownacki,POL,FW,Werder Bremen,26,1997,4.2,17,4.01,8,0,1,5,3,0,2,0.47,1,0,0,0,1,0
Alex Král,CZE,MF,Union Berlin,25,1998,15.2,23,1.51,15,2,2,1,1,2,0,0.0,0,0,0,0,0,0
Andrej Kramarić,CRO,"MF,FW",Hoffenheim,32,1991,24.4,135,5.53,81,39,7,3,4,1,16,0.65,12,1,2,0,1,0
Christoph Kramer,GER,MF,Gladbach,32,1991,2.8,5,1.8,5,0,0,0,0,0,0,0.0,0,0,0,0,0,0
Frans Krätzig,GER,DF,Bayern Munich,20,2003,0.6,2,3.16,1,0,0,1,0,0,0,0.0,0,0,0,0,0,0
Tom Krauß,GER,MF,Mainz 05,22,2001,15.0,22,1.47,18,0,0,1,3,0,3,0.2,2,0,0,0,1,0
Lukas Kübler,GER,DF,Freiburg,30,1992,20.5,14,0.68,10,2,0,0,2,0,2,0.1,2,0,0,0,0,0
Mahmut Kücüksahin,,MF,Augsburg,19,2004,0.0,0,0.0,0,0,0,0,0,0,0,0.0,0,0,0,0,0,0
Christian Kühlwetter,GER,MF,Heidenheim,27,1996,0.1,1,11.25,1,0,0,0,0,0,1,11.25,1,0,0,0,0,0
Moritz-Broni Kwarteng,GHA,FW,Bochum,25,1998,3.1,17,5.44,8,0,5,3,1,0,1,0.32,1,0,0,0,0,0
Maxence Lacroix,FRA,DF,Wolfsburg,23,2000,26.2,24,0.91,21,0,0,1,2,0,2,0.08,2,0,0,0,0,0
Aïssa Laïdouni,TUN,MF,Union Berlin,26,1996,11.9,29,2.44,25,1,1,0,2,0,4,0.34,4,0,0,0,0,0
Konrad Laimer,AUT,"DF,MF",Bayern Munich,26,1997,19.7,67,3.4,57,3,3,2,1,1,8,0.41,6,0,1,1,0,0
Stefan Lainer,AUT,"DF,MF",Gladbach,30,1992,8.3,19,2.28,18,0,0,0,1,0,1,0.12,1,0,0,0,0,0
Hugo Larsson,SWE,MF,Eint Frankfurt,19,2004,21.0,25,1.19,23,0,0,2,0,0,5,0.24,4,0,0,1,0,0
Diogo Leite,POR,DF,Union Berlin,24,1999,30.0,24,0.8,19,0,0,1,3,1,3,0.1,3,0,0,0,0,0
Maxim Leitsch,GER,DF,Mainz 05,25,1998,4.2,1,0.24,1,0,0,0,0,0,1,0.24,1,0,0,0,0,0
Christopher Lenz,GER,"DF,MF",RB Leipzig,28,1994,0.5,2,3.83,2,0,0,0,0,0,0,0.0,0,0,0,0,0,0
Christopher Lenz,GER,DF,Eint Frankfurt,28,1994,0.1,1,8.18,1,0,0,0,0,0,1,8.18,1,0,0,0,0,0
Jamie Leweling,GER,"FW,MF",Stuttgart,22,2001,16.9,61,3.61,39,1,9,9,1,2,8,0.47,6,0,1,1,0,0
Philipp Lienhart,AUT,DF,Freiburg,27,1996,14.1,14,1.0,13,0,0,1,0,0,1,0.07,1,0,0,0,0,0
Matthijs de Ligt,NED,DF,Bayern Munich,23,1999,15.4,13,0.84,11,0,0,2,0,0,1,0.06,1,0,0,0,0,0
Jesper Lindstrøm,DEN,FW,Eint Frankfurt,23,2000,0.9,2,2.17,2,0,0,0,0,0,1,1.08,1,0,0,0,0,0
Dejan Ljubicic,AUT,"MF,FW",Köln,25,1997,22.8,61,2.68,52,1,1,5,1,1,2,0.09,1,0,0,1,0,0
Noah Loosli,SUI,DF,Bochum,26,1997,3.8,2,0.52,1,1,0,0,0,0,0,0.0,0,0,0,0,0,0
Anthony Losilla,FRA,MF,Bochum,37,1986,28.6,43,1.5,34,0,2,3,3,1,2,0.07,2,0,0,0,0,0
Castello Lukeba,FRA,DF,RB Leipzig,20,2002,24.3,12,0.49,12,0,0,0,0,0,1,0.04,1,0,0,0,0,0
Andreas Luthe,GER,GK,Bochum,36,1987,1.0,1,1.0,0,1,0,0,0,0,0,0.0,0,0,0,0,0,0
Senne Lynen,BEL,MF,Werder Bremen,24,1999,20.0,27,1.35,25,0,0,0,0,2,5,0.25,5,0,0,0,0,0
Ian Maatsen,NED,DF,Dortmund,21,2002,14.0,27,1.92,26,0,0,0,0,1,5,0.36,4,0,0,0,0,1
Matej Maglica,CRO,DF,Darmstadt 98,24,1998,18.9,21,1.11,18,1,0,1,0,1,0,0.0,0,0,0,0,0,0
Arne Maier,GER,MF,Augsburg,24,1999,11.1,66,5.92,37,19,2,6,2,0,6,0.54,3,1,0,2,0,0
Linton Maina,GER,"FW,MF",Köln,24,1999,21.1,58,2.75,44,1,3,3,6,1,5,0.24,4,0,0,0,1,0
Patrick Mainka,GER,DF,Heidenheim,28,1994,34.0,26,0.76,16,0,0,8,0,2,1,0.03,1,0,0,0,0,0
Lovro Majer,CRO,"MF,FW",Wolfsburg,25,1998,23.4,84,3.59,64,10,2,4,4,0,11,0.47,8,0,1,1,1,0
Jordy Makengo,FRA,DF,Freiburg,21,2001,11.4,17,1.49,16,1,0,0,0,0,1,0.09,1,0,0,0,0,0
Julián Malatini,ARG,DF,Werder Bremen,22,2001,6.7,6,0.9,5,0,1,0,0,0,1,0.15,0,0,1,0,0,0
Donyell Malen,NED,"FW,MF",Dortmund,24,1999,19.8,74,3.74,49,0,7,13,4,1,14,0.71,6,0,2,3,2,1
Lennard Maloney,USA,MF,Heidenheim,23,1999,25.4,20,0.79,16,0,0,3,0,1,2,0.08,2,0,0,0,0,0
David Mamutovic,GER,"FW,DF",Mainz 05,22,2000,0.1,1,8.18,0,0,0,0,1,0,0,0.0,0,0,0,0,0,0
Braydon Manu,GHA,MF,Darmstadt 98,26,1997,1.9,7,3.68,5,0,2,0,0,0,0,0.0,0,0,0,0,0,0
Omar Marmoush,EGY,"FW,MF",Eint Frankfurt,24,1999,25.6,75,2.93,40,5,10,6,12,2,12,0.47,5,1,2,2,2,0
Eric Martel,GER,MF,Köln,21,2002,27.3,43,1.58,34,1,0,4,4,0,3,0.11,1,0,0,1,1,0
Erhan Mašović,SRB,"DF,MF",Bochum,24,1998,24.7,17,0.69,12,0,0,4,1,0,1,0.04,1,0,0,0,0,0
Roberto Massimo,GER,"FW,DF",Stuttgart,22,2000,0.9,1,1.07,1,0,0,0,0,0,0,0.0,0,0,0,0,0,0
Jean Mattéo Bahoya,FRA,"MF,FW",Eint Frankfurt,18,2005,2.0,6,3.03,5,0,0,0,1,0,0,0.0,0,0,0,0,0,0
Philipp Max,GER,DF,Eint Frankfurt,29,1993,15.0,34,2.27,24,6,2,2,0,0,4,0.27,3,0,0,1,0,0
Eric Maxim Choupo-Moting,CMR,"MF,FW",Bayern Munich,34,1989,8.0,34,4.26,26,0,2,5,1,0,5,0.63,3,0,0,2,0,0
Noussair Mazraoui,MAR,DF,Bayern Munich,25,1997,13.3,36,2.71,30,1,2,1,0,2,7,0.53,7,0,0,0,0,0
Kevin Mbabu,SUI,DF,Augsburg,28,1995,22.7,57,2.51,44,7,4,0,2,0,4,0.18,3,1,0,0,0,0
Noah Mbamba,BEL,MF,Leverkusen,18,2005,0.2,1,5.63,1,0,0,0,0,0,1,5.63,1,0,0,0,0,0
Nathanael Mbuku,COD,FW,Augsburg,21,2002,0.1,0,0.0,0,0,0,0,0,0,0,0.0,0,0,0,0,0,0
Marvin Mehlem,GER,MF,Darmstadt 98,25,1997,16.5,51,3.11,39,1,1,2,7,1,4,0.24,4,0,0,0,0,0
Thomas Meunier,BEL,DF,Dortmund,31,1991,6.5,11,1.69,8,1,1,1,0,0,0,0.0,0,0,0,0,0,0
Alexander Meyer,GER,GK,Dortmund,32,1991,7.7,1,0.13,1,0,0,0,0,0,0,0.0,0,0,0,0,0,0
Sven Michel,GER,"FW,MF",Augsburg,33,1990,6.5,16,2.47,13,0,1,1,0,1,3,0.46,3,0,0,0,0,0
Enzo Millot,FRA,"MF,FW",Stuttgart,21,2002,24.9,82,3.29,63,1,8,5,4,1,11,0.44,7,0,2,1,1,0
Jovan Milošević,SRB,"FW,MF",Stuttgart,18,2005,0.3,0,0.0,0,0,0,0,0,0,0,0.0,0,0,0,0,0,0
Kim Min-jae,KOR,DF,Bayern Munich,26,1996,21.9,26,1.19,24,1,0,0,0,1,3,0.14,3,0,0,0,0,0
Maximilian Mittelstädt,GER,DF,Stuttgart,26,1997,23.4,62,2.65,53,5,0,3,0,1,8,0.34,8,0,0,0,0,0
Marko Mladenović,SRB,MF,Eint Frankfurt,18,2005,0.1,0,0.0,0,0,0,0,0,0,0,0.0,0,0,0,0,0,0
Max Moerstedt,GER,"DF,FW",Hoffenheim,17,2006,0.1,0,0.0,0,0,0,0,0,0,0,0.0,0,0,0,0,0,0
Mateu Morey,ESP,DF,Dortmund,23,2000,1.2,5,4.09,4,1,0,0,0,0,1,0.82,1,0,0,0,0,0
Youssoufa Moukoko,GER,FW,Dortmund,18,2004,6.9,13,1.87,10,0,2,0,1,0,2,0.29,2,0,0,0,0,0
Andreas Müller,GER,MF,Darmstadt 98,23,2000,3.9,5,1.29,5,0,0,0,0,0,1,0.26,1,0,0,0,0,0
Jannik Müller,GER,"DF,MF",Darmstadt 98,29,1994,12.6,11,0.87,11,0,0,0,0,0,0,0.0,0,0,0,0,0,0
Kevin Müller,GER,GK,Heidenheim,32,1991,34.0,5,0.15,2,3,0,0,0,0,0,0.0,0,0,0,0,0,0
Marcus Müller,GER,MF,Mainz 05,20,2002,0.2,0,0.0,0,0,0,0,0,0,0,0.0,0,0,0,0,0,0
Thomas Müller,GER,"MF,FW",Bayern Munich,33,1989,18.4,96,5.22,81,0,1,7,5,2,14,0.76,12,0,0,0,1,1
Jamal Musiala,GER,"MF,FW",Bayern Munich,20,2003,19.5,106,5.44,75,0,12,10,6,3,18,0.92,13,0,3,1,1,0
Florent Muslija,KVX,"MF,FW",Freiburg,25,1998,1.2,9,7.71,5,2,1,1,0,0,0,0.0,0,0,0,0,0,0
Phillipp Mwene,AUT,DF,Mainz 05,29,1994,22.2,56,2.52,37,10,4,2,2,1,2,0.09,2,0,0,0,0,0
Joakim Mæhle,DEN,"DF,MF",Wolfsburg,26,1997,27.2,68,2.5,56,3,6,1,1,1,10,0.37,7,1,1,1,0,0
Nathan N'Goumou,CMR,"FW,MF",Gladbach,23,2000,15.4,42,2.73,27,0,8,4,3,0,4,0.26,3,0,0,1,0,0
Stanley N'Soki,FRA,DF,Hoffenheim,24,1999,7.0,4,0.57,4,0,0,0,0,0,0,0.0,0,0,0,0,0,0
Luca Netz,GER,DF,Gladbach,20,2003,24.7,70,2.83,49,13,3,4,0,1,8,0.32,7,1,0,0,0,0
Manuel Neuer,GER,GK,Bayern Munich,37,1986,22.8,4,0.18,4,0,0,0,0,0,0,0.0,0,0,0,0,0,0
Florian Neuhaus,GER,MF,Gladbach,26,1997,13.6,47,3.46,36,0,2,9,0,0,5,0.37,5,0,0,0,0,0
Jessic Ngankam,GER,"FW,MF",Mainz 05,23,2000,2.0,7,3.42,5,0,0,1,0,1,0,0.0,0,0,0,0,0,0
Jessic Ngankam,GER,FW,Eint Frankfurt,23,2000,3.1,4,1.29,3,0,1,0,0,0,0,0.0,0,0,0,0,0,0
Moritz Nicolas,GER,GK,Gladbach,25,1997,27.0,9,0.33,7,2,0,0,0,0,0,0.0,0,0,0,0,0,0
Justin Njinmah,GER,FW,Werder Bremen,22,2000,11.3,32,2.83,23,0,7,1,1,0,4,0.35,3,0,1,0,0,0
Niels Nkounkou,FRA,"DF,MF",Eint Frankfurt,22,2000,14.5,45,3.09,28,6,8,1,0,2,4,0.27,3,1,0,0,0,0
Felix Nmecha,GER,MF,Dortmund,22,2000,11.3,35,3.09,26,0,2,4,3,0,3,0.26,2,0,0,1,0,0
Lukas Nmecha,GER,FW,Wolfsburg,24,1998,0.5,2,4.29,2,0,0,0,0,0,0,0.0,0,0,0,0,0,0
Jonathan Norbye,NOR,MF,RB Leipzig,16,2007,0.0,0,0.0,0,0,0,0,0,0,0,0.0,0,0,0,0,0,0
Alexander Nübel,GER,GK,Stuttgart,26,1996,30.0,3,0.1,3,0,0,0,0,0,1,0.03,1,0,0,0,0,0
Kasim Nuhu,GHA,DF,Hoffenheim,28,1995,0.1,0,0.0,0,0,0,0,0,0,0,0.0,0,0,0,0,0,0
Fabian Nürnberger,BUL,"DF,MF",Darmstadt 98,24,1999,16.8,52,3.09,39,7,1,3,1,1,3,0.18,2,0,0,0,1,0
Tim Oermann,GER,DF,Bochum,19,2003,7.9,10,1.26,6,3,0,1,0,0,1,0.13,1,0,0,0,0,0
Masaya Okugawa,JPN,"FW,DF",Augsburg,27,1996,0.4,0,0.0,0,0,0,0,0,0,0,0.0,0,0,0,0,0,0
Finn Ole Becker,GER,MF,Hoffenheim,23,2000,6.7,17,2.52,15,0,0,1,1,0,2,0.3,1,0,0,1,0,0
Mathias Olesen,LUX,"MF,FW",Köln,22,2001,1.2,2,1.61,2,0,0,0,0,0,0,0.0,0,0,0,0,0,0
Dani Olmo,ESP,MF,RB Leipzig,25,1998,16.1,61,3.79,44,0,3,9,3,2,8,0.5,8,0,0,0,0,0
Jonas Omlin,SUI,GK,Gladbach,29,1994,7.0,2,0.29,1,1,0,0,0,0,2,0.29,1,1,0,0,0,0
Karim Onisiwo,AUT,"FW,MF",Mainz 05,31,1992,16.6,51,3.07,29,0,5,9,8,0,7,0.42,3,0,1,3,0,0
Loïs Openda,BEL,FW,RB Leipzig,23,2000,30.0,84,2.8,58,0,7,11,7,1,13,0.43,10,0,1,1,1,0
Leon Opitz,GER,"FW,DF",Werder Bremen,18,2005,0.2,0,0.0,0,0,0,0,0,0,0,0.0,0,0,0,0,0,0
Willi Orban,HUN,DF,RB Leipzig,30,1992,17.6,22,1.25,22,0,0,0,0,0,4,0.23,4,0,0,0,0,0
Ivan Ordets,UKR,DF,Bochum,31,1992,20.9,12,0.57,10,0,0,1,1,0,1,0.05,0,0,0,0,1,0
Patrick Osterhage,GER,MF,Bochum,23,2000,20.7,49,2.37,40,1,3,1,3,1,3,0.15,2,0,1,0,0,0
Salih Özcan,TUR,MF,Dortmund,25,1998,13.2,23,1.75,22,0,0,0,1,0,4,0.3,4,0,0,0,0,0
Willian Pacho,ECU,DF,Eint Frankfurt,21,2001,33.0,30,0.91,26,0,0,2,1,1,5,0.15,5,0,0,0,0,0
Gonçalo Paciência,POR,"FW,MF",Bochum,28,1994,7.2,30,4.15,11,1,4,9,5,0,0,0.0,0,0,0,0,0,0
Exequiel Palacios,ARG,MF,Leverkusen,24,1998,20.3,53,2.6,47,0,2,1,2,1,7,0.34,7,0,0,0,0,0
Miloš Pantović,SRB,MF,Union Berlin,27,1996,0.2,1,6.0,0,0,1,0,0,0,1,6.0,0,0,1,0,0,0
Antonios Papadopoulos,GER,DF,Dortmund,23,1999,1.3,2,1.54,2,0,0,0,0,0,0,0.0,0,0,0,0,0,0
Merveille Papela,GER,"MF,DF",Mainz 05,22,2001,2.9,7,2.45,5,0,1,0,0,1,0,0.0,0,0,0,0,0,0
Leart Paqarada,KVX,DF,Köln,28,1994,11.9,45,3.76,27,17,0,0,0,1,1,0.08,1,0,0,0,0,0
Kevin Paredes,USA,"FW,MF",Wolfsburg,20,2003,15.9,46,2.89,35,0,4,2,5,0,5,0.31,5,0,0,0,0,0
Felix Passlack,GER,DF,Bochum,25,1998,10.7,30,2.82,20,5,2,1,1,1,2,0.19,2,0,0,0,0,0
Jiří Pavlenka,CZE,GK,Werder Bremen,31,1992,7.0,3,0.43,2,1,0,0,0,0,0,0.0,0,0,0,0,0,0
Aleksandar Pavlovic,GER,MF,Bayern Munich,19,2004,13.6,40,2.93,31,6,1,0,1,1,6,0.44,3,1,0,0,1,1
Mads Pedersen,DEN,DF,Augsburg,26,1996,19.8,38,1.92,25,3,3,3,3,1,3,0.15,3,0,0,0,0,0
Jordan Pefok,USA,FW,Gladbach,27,1996,15.8,35,2.22,25,0,2,5,3,0,6,0.38,4,0,0,1,1,0
Jordan Pefok,USA,FW,Union Berlin,27,1996,0.3,1,3.33,1,0,0,0,0,0,0,0.0,0,0,0,0,0,0
Dženan Pejčinović,GER,FW,Wolfsburg,18,2005,0.4,2,4.86,1,0,0,1,0,0,0,0.0,0,0,0,0,0,0
Daniel Peretz,ISR,GK,Bayern Munich,23,2000,0.2,0,0.0,0,0,0,0,0,0,0,0.0,0,0,0,0,0,0
Matteo Perez Vinlöf,SWE,FW,Bayern Munich,17,2005,0.2,0,0.0,0,0,0,0,0,0,0,0.0,0,0,0,0,0,0
Pavao Pervan,AUT,GK,Wolfsburg,35,1987,9.0,1,0.11,1,0,0,0,0,0,0,0.0,0,0,0,0,0,0
Jens Petter Hauge,NOR,"MF,FW",Eint Frankfurt,23,1999,1.6,3,1.84,2,1,0,0,0,0,0,0.0,0,0,0,0,0,0
Luca Pfeiffer,GER,"FW,MF",Darmstadt 98,26,1996,18.0,49,2.73,33,1,2,8,5,0,6,0.33,4,0,0,2,0,0
Patric Pfeiffer,GER,DF,Augsburg,23,1999,5.7,7,1.23,4,0,0,3,0,0,1,0.18,1,0,0,0,0,0
Maximilian Philipp,GER,"FW,MF",Freiburg,29,1994,3.6,8,2.22,7,0,0,1,0,0,1,0.28,0,0,0,1,0,0
Florian Pick,GER,"MF,FW",Heidenheim,27,1995,3.6,17,4.65,9,4,4,0,0,0,1,0.27,1,0,0,0,0,0
Amos Pieper,GER,DF,Werder Bremen,25,1998,6.6,6,0.92,6,0,0,0,0,0,0,0.0,0,0,0,0,0,0
Marvin Pieringer,GER,"MF,FW",Heidenheim,23,1999,16.8,29,1.72,23,0,1,3,2,0,4,0.24,3,0,0,1,0,0
Alassane Pléa,FRA,"FW,MF",Gladbach,30,1993,21.3,77,3.62,55,6,5,4,7,0,11,0.52,7,1,2,0,1,0
Ole Pohlmann,GER,MF,Dortmund,22,2001,0.6,0,0.0,0,0,0,0,0,0,0,0.0,0,0,0,0,0,0
Sebastian Polter,GER,FW,Darmstadt 98,32,1991,5.0,10,2.02,7,1,0,1,1,0,2,0.4,2,0,0,0,0,0
Yussuf Poulsen,DEN,FW,RB Leipzig,29,1994,13.5,37,2.74,25,0,4,4,4,0,5,0.37,4,0,1,0,0,0
Grischa Prömel,GER,MF,Hoffenheim,28,1995,23.8,44,1.85,33,0,2,4,3,2,8,0.34,7,0,0,1,0,0
Gustavo Puerta,COL,"DF,MF",Leverkusen,20,2003,0.5,2,3.91,2,0,0,0,0,0,0,0.0,0,0,0,0,0,0
Luca Raimund,GER,"FW,MF",Stuttgart,18,2005,0.3,3,9.0,1,0,0,2,0,0,0,0.0,0,0,0,0,0,0
Grant Ranos,ARM,"MF,FW",Gladbach,20,2003,0.5,2,3.6,2,0,0,0,0,0,1,1.8,1,0,0,0,0,0
Nicolai Rapp,GER,DF,Werder Bremen,26,1996,0.8,0,0.0,0,0,0,0,0,0,0,0.0,0,0,0,0,0,0
David Raum,GER,DF,RB Leipzig,25,1998,30.4,101,3.32,58,35,6,1,1,0,13,0.43,5,6,2,0,0,0
Rocco Reitz,GER,MF,Gladbach,21,2002,23.7,63,2.66,42,0,7,5,4,5,8,0.34,5,0,2,0,0,1
Marco Reus,GER,"MF,FW",Dortmund,34,1989,17.8,69,3.88,45,7,1,8,6,2,10,0.56,4,2,0,1,2,1
Elvis Rexhbeçaj,KVX,MF,Augsburg,25,1997,22.1,41,1.86,31,2,2,3,3,0,1,0.05,1,0,0,0,0,0
Gio Reyna,USA,"MF,FW",Dortmund,20,2002,3.1,25,8.04,17,0,2,3,2,1,2,0.64,2,0,0,0,0,0
Marco Richter,GER,"MF,FW",Mainz 05,25,1997,8.0,28,3.51,14,5,2,5,2,0,1,0.13,0,1,0,0,0,0
Clemens Riedel,GER,DF,Darmstadt 98,20,2003,8.4,20,2.38,13,1,2,3,0,1,2,0.24,2,0,0,0,0,0
Manuel Riemann,GER,GK,Bochum,34,1988,33.0,29,0.88,21,8,0,0,0,0,3,0.09,2,1,0,0,0,0
Sebastian Rode,GER,MF,Eint Frankfurt,32,1990,0.7,3,4.43,3,0,0,0,0,0,0,0.0,0,0,0,0,0,0
Rogério,BRA,DF,Wolfsburg,25,1998,10.1,19,1.89,16,0,2,0,1,0,1,0.1,1,0,0,0,0,0
Merlin Röhl,GER,"MF,FW",Freiburg,21,2002,16.4,45,2.74,35,0,3,5,2,0,6,0.37,4,0,1,1,0,0
Frank Ronstadt,GER,"DF,MF",Darmstadt 98,26,1997,0.8,3,3.55,2,0,0,0,1,0,0,0.0,0,0,0,0,0,0
Anthony Rouault,FRA,DF,Stuttgart,22,2001,11.2,18,1.6,18,0,0,0,0,0,4,0.36,4,0,0,0,0,0
Jérôme Roussillon,FRA,DF,Union Berlin,30,1993,8.4,20,2.39,14,0,2,1,1,2,2,0.24,2,0,0,0,0,0
Fabian Rüdlin,GER,MF,Freiburg,26,1997,0.1,0,0.0,0,0,0,0,0,0,0,0.0,0,0,0,0,0,0
Julian Ryerson,NOR,DF,Dortmund,25,1997,19.6,29,1.48,22,0,2,2,1,2,4,0.2,2,0,1,0,0,1
Frederik Rønnow,DEN,GK,Union Berlin,30,1992,33.0,4,0.12,1,2,0,1,0,0,0,0.0,0,0,0,0,0,0
Marcel Sabitzer,AUT,MF,Dortmund,29,1994,21.8,70,3.21,53,6,4,5,2,0,9,0.41,8,0,0,0,1,0
Roland Sallai,HUN,"MF,FW",Freiburg,26,1997,20.4,69,3.38,51,0,2,11,5,0,10,0.49,5,0,0,3,2,0
Diadie Samassékou,MLI,MF,Hoffenheim,27,1996,0.0,0,0.0,0,0,0,0,0,0,0,0.0,0,0,0,0,0,0
Jadon Sancho,ENG,"FW,MF",Dortmund,23,2000,10.5,51,4.85,36,5,7,1,2,0,6,0.57,2,0,2,0,2,0
Leroy Sané,GER,FW,Bayern Munich,27,1996,23.7,143,6.02,98,22,10,7,5,1,18,0.76,12,3,1,1,0,1
Amin Sarr,SWE,"FW,MF",Wolfsburg,22,2001,4.3,5,1.17,4,0,0,1,0,0,0,0.0,0,0,0,0,0,0
Bouna Sarr,SEN,DF,Bayern Munich,31,1992,1.2,0,0.0,0,0,0,0,0,0,0,0.0,0,0,0,0,0,0
Joe Scally,USA,DF,Gladbach,20,2002,24.8,30,1.21,23,2,0,1,3,1,5,0.2,5,0,0,0,0,0
András Schäfer,HUN,MF,Union Berlin,24,1999,13.5,38,2.82,31,3,1,2,0,1,4,0.3,3,0,0,1,0,0
Patrik Schick,CZE,FW,Leverkusen,27,1996,11.8,30,2.54,19,0,3,5,2,1,3,0.25,0,0,0,2,1,0
Stefan Schimmer,GER,"MF,FW",Heidenheim,29,1994,1.7,4,2.32,2,0,0,1,0,1,1,0.58,1,0,0,0,0,0
Xaver Schlager,AUT,MF,RB Leipzig,25,1997,27.5,85,3.09,80,0,1,1,3,0,10,0.36,9,0,0,1,0,0
Keven Schlotterbeck,GER,DF,Bochum,26,1997,24.3,27,1.11,15,0,1,6,4,1,3,0.12,1,0,0,0,2,0
Nico Schlotterbeck,GER,DF,Dortmund,23,1999,31.8,46,1.45,35,0,3,5,1,2,6,0.19,5,0,0,0,1,0
Romano Schmid,AUT,"MF,FW",Werder Bremen,23,2000,28.9,118,4.08,101,4,4,2,6,1,16,0.55,15,0,0,1,0,0
Kenneth Schmidt,GER,DF,Freiburg,21,2002,0.8,3,3.97,3,0,0,0,0,0,0,0.0,0,0,0,0,0,0
Benno Schmitz,GER,DF,Köln,28,1994,12.8,27,2.1,21,2,2,1,1,0,3,0.23,2,1,0,0,0,0
Fabian Schnellhardt,GER,MF,Darmstadt 98,29,1994,2.6,8,3.06,4,1,1,2,0,0,0,0.0,0,0,0,0,0,0
Jan Schöppner,GER,MF,Heidenheim,24,1999,22.2,32,1.44,29,0,2,1,0,0,2,0.09,2,0,0,0,0,0
Marcel Schuhen,GER,GK,Darmstadt 98,30,1993,31.0,11,0.35,8,3,0,0,0,0,0,0.0,0,0,0,0,0,0
Marvin Schwäbe,GER,GK,Köln,28,1995,34.0,8,0.24,7,1,0,0,0,0,0,0.0,0,0,0,0,0,0
Alexander Schwolow,GER,GK,Union Berlin,31,1992,1.0,0,0.0,0,0,0,0,0,0,0,0.0,0,0,0,0,0,0
Nicolas Seiwald,AUT,MF,RB Leipzig,22,2001,8.0,9,1.13,7,0,1,0,0,1,3,0.38,3,0,0,0,0,0
Davie Selke,GER,FW,Köln,28,1995,14.1,28,1.99,18,0,2,6,2,0,1,0.07,0,0,0,1,0,0
Benjamin Šeško,SVN,FW,RB Leipzig,20,2003,17.0,35,2.06,26,0,6,1,2,0,8,0.47,7,0,1,0,0,0
Kevin Sessa,GER,"MF,FW",Heidenheim,23,2000,11.2,41,3.64,20,8,3,3,7,0,1,0.09,1,0,0,0,0,0
Aaron Seydel,GER,FW,Darmstadt 98,27,1996,6.9,13,1.89,12,0,0,0,1,0,1,0.15,1,0,0,0,0,0
Tim Siersleben,GER,DF,Heidenheim,23,2000,10.1,8,0.79,6,0,0,1,0,1,1,0.1,0,0,0,0,0,1
Kiliann Sildillia,FRA,DF,Freiburg,21,2002,20.1,30,1.5,22,7,0,1,0,0,4,0.2,3,1,0,0,0,0
Mohamed Simakan,FRA,DF,RB Leipzig,23,2000,23.8,44,1.85,35,1,1,4,2,1,4,0.17,3,0,0,1,0,0
Xavi Simons,NED,MF,RB Leipzig,20,2003,29.5,176,5.97,112,27,16,9,12,0,22,0.75,17,0,1,2,2,0
Tim Skarke,GER,"FW,DF",Darmstadt 98,26,1996,26.7,73,2.73,47,9,5,7,4,1,2,0.07,2,0,0,0,0,0
Ellyes Skhiri,TUN,MF,Eint Frankfurt,28,1995,24.1,41,1.7,35,0,1,3,2,0,2,0.08,2,0,0,0,0,0
Robert Skov,DEN,"DF,FW",Hoffenheim,27,1996,14.0,45,3.21,31,9,0,2,3,0,7,0.5,6,0,0,0,1,0
Hrvoje Smolčić,CRO,DF,Eint Frankfurt,22,2000,3.9,2,0.52,2,0,0,0,0,0,0,0.0,0,0,0,0,0,0
Danilo Soares,BRA,DF,Bochum,31,1991,3.9,6,1.54,5,1,0,0,0,0,0,0.0,0,0,0,0,0,0
Borna Sosa,CRO,"FW,DF",Stuttgart,25,1998,0.5,5,9.78,3,2,0,0,0,0,0,0.0,0,0,0,0,0,0
Anton Stach,GER,MF,Hoffenheim,24,1998,25.8,61,2.37,43,8,1,4,2,3,7,0.27,3,2,0,0,1,1
Anton Stach,GER,MF,Mainz 05,24,1998,1.9,7,3.71,4,0,1,2,0,0,0,0.0,0,0,0,0,0,0
Jens Stage,DEN,MF,Werder Bremen,26,1996,25.9,54,2.09,46,2,0,4,1,1,5,0.19,3,0,0,1,1,0
Josip Stanišić,CRO,DF,Leverkusen,23,2000,14.0,26,1.85,22,0,0,2,1,1,2,0.14,2,0,0,0,0,0
Niklas Stark,GER,DF,Werder Bremen,28,1995,12.1,9,0.74,8,0,0,0,0,1,1,0.08,1,0,0,0,0,0
Pascal Stenzel,GER,DF,Stuttgart,27,1996,11.8,38,3.22,31,1,2,1,2,1,10,0.85,9,0,1,0,0,0
Leonidas Stergiou,SUI,DF,Stuttgart,21,2002,6.6,7,1.06,7,0,0,0,0,0,1,0.15,1,0,0,0,0,0
Angelo Stiller,GER,MF,Hoffenheim,22,2001,0.9,5,5.42,3,2,0,0,0,0,0,0.0,0,0,0,0,0,0
Angelo Stiller,GER,MF,Stuttgart,22,2001,29.9,114,3.81,86,22,0,2,1,3,10,0.33,8,1,0,0,0,1
Kevin Stöger,AUT,MF,Bochum,29,1993,29.6,231,7.79,131,77,5,10,7,1,18,0.61,10,6,1,1,0,0
Filip Stojilković,SUI,"FW,MF",Darmstadt 98,23,2000,1.7,0,0.0,0,0,0,0,0,0,0,0.0,0,0,0,0,0,0
Niklas Süle,GER,DF,Dortmund,27,1995,16.8,17,1.01,17,0,0,0,0,0,2,0.12,2,0,0,0,0,0
Mattias Svanberg,SWE,MF,Wolfsburg,24,1999,19.1,59,3.09,34,10,4,6,5,0,9,0.47,7,0,0,1,1,0
Attila Szalai,HUN,DF,Hoffenheim,25,1998,3.2,6,1.87,5,0,0,0,0,1,0,0.0,0,0,0,0,0,0
Attila Szalai,HUN,DF,Freiburg,25,1998,1.1,1,0.87,1,0,0,0,0,0,0,0.0,0,0,0,0,0,0
Jonathan Tah,GER,DF,Leverkusen,27,1996,29.2,19,0.65,15,0,0,3,0,1,4,0.14,3,0,0,1,0,0
Edmond Tapsoba,BFA,DF,Leverkusen,24,1999,23.2,38,1.64,36,1,0,0,1,0,6,0.26,6,0,0,0,0,0
Mathys Tel,FRA,"FW,MF",Bayern Munich,18,2005,11.7,45,3.86,25,0,9,8,3,0,13,1.11,8,0,3,1,1,0
Nathan Tella,NGA,"DF,MF",Leverkusen,24,1999,9.1,36,3.96,25,1,1,2,7,0,6,0.66,4,0,0,0,2,0
Norman Theuerkauf,GER,"MF,DF",Heidenheim,36,1987,14.0,27,1.93,19,4,0,1,2,1,2,0.14,2,0,0,0,0,0
Jan Thielmann,GER,"FW,DF",Köln,21,2002,17.5,43,2.45,25,1,5,6,5,1,1,0.06,0,0,0,1,0,0
Denis Thomalla,GER,"MF,FW",Heidenheim,30,1992,5.0,9,1.82,8,0,0,1,0,0,0,0.0,0,0,0,0,0,0
Phillip Tietz,GER,FW,Augsburg,26,1997,26.5,55,2.08,45,0,1,7,2,0,8,0.3,6,0,0,2,0,0
Steffen Tigges,GER,FW,Köln,25,1998,8.1,19,2.35,16,0,0,3,0,0,1,0.12,0,0,0,1,0,0
Umut Tohumcu,GER,MF,Hoffenheim,18,2004,11.2,24,2.14,20,0,0,0,2,2,2,0.18,2,0,0,0,0,0
Tiago Tomás,POR,"FW,MF",Wolfsburg,21,2002,11.5,30,2.62,13,2,7,7,1,0,1,0.09,1,0,0,0,0,0
Fabio Torsiello,ITA,"FW,DF",Darmstadt 98,18,2005,1.7,2,1.15,1,0,1,0,0,0,0,0.0,0,0,0,0,0,0
Lucas Tousart,FRA,MF,Union Berlin,26,1997,17.5,24,1.37,17,0,1,5,0,1,0,0.0,0,0,0,0,0,0
Omar Traoré,GER,DF,Heidenheim,25,1998,27.5,44,1.6,38,3,1,1,1,0,6,0.22,5,0,0,0,1,0
Kevin Trapp,GER,GK,Eint Frankfurt,33,1990,32.0,1,0.03,0,1,0,0,0,0,0,0.0,0,0,0,0,0,0
Christopher Trimmel,AUT,DF,Union Berlin,36,1987,18.3,57,3.11,29,27,0,0,1,0,2,0.11,0,2,0,0,0,0
Tuta,BRA,DF,Eint Frankfurt,24,1999,28.9,35,1.21,26,2,0,6,1,0,3,0.1,3,0,0,0,0,0
Lukas Ullrich,GER,"DF,FW",Gladbach,19,2004,0.5,0,0.0,0,0,0,0,0,0,0,0.0,0,0,0,0,0,0
Sven Ulreich,GER,GK,Bayern Munich,34,1988,11.0,1,0.09,1,0,0,0,0,0,0,0.0,0,0,0,0,0,0
Deniz Undav,GER,"FW,MF",Stuttgart,27,1996,23.2,103,4.44,79,0,10,6,6,2,17,0.73,15,0,1,1,0,0
Dayot Upamecano,FRA,DF,Bayern Munich,24,1998,19.6,27,1.38,26,0,0,0,1,0,3,0.15,3,0,0,0,0,0
Mark Uth,GER,"MF,FW",Köln,31,1991,4.1,25,6.05,12,5,1,4,2,1,1,0.24,0,0,0,1,0,0
Josha Vagnoman,GER,DF,Stuttgart,22,2000,13.1,21,1.6,15,1,0,3,1,1,4,0.3,4,0,0,0,0,0
Ruben Vargas,SUI,"MF,FW",Augsburg,24,1998,21.8,69,3.17,49,7,4,5,4,0,7,0.32,6,0,0,1,0,0
Miloš Veljković,SRB,DF,Werder Bremen,27,1995,21.3,14,0.66,14,0,0,0,0,0,3,0.14,3,0,0,0,0,0
Yorbe Vertessen,BEL,"FW,MF",Union Berlin,22,2001,6.6,19,2.88,16,0,3,0,0,0,3,0.46,2,0,1,0,0,0
Oscar Vilhelmsson,SWE,"FW,MF",Darmstadt 98,19,2003,15.3,30,1.97,20,0,1,6,2,1,1,0.07,1,0,0,0,0,0
Kevin Vogt,GER,DF,Hoffenheim,31,1991,14.7,23,1.57,23,0,0,0,0,0,4,0.27,4,0,0,0,0,0
Kevin Vogt,GER,DF,Union Berlin,31,1991,14.7,10,0.68,10,0,0,0,0,0,1,0.07,1,0,0,0,0,0
Kevin Volland,GER,"FW,MF",Union Berlin,31,1992,14.9,47,3.15,32,7,1,5,1,1,5,0.33,3,1,0,1,0,0
Aster Vranckx,BEL,MF,Wolfsburg,20,2002,12.8,11,0.86,9,0,0,1,1,0,2,0.16,2,0,0,0,0,0
Luca Waldschmidt,GER,"MF,FW",Köln,27,1996,12.7,42,3.3,25,3,1,9,3,1,3,0.24,0,0,0,2,1,0
Kjell-Arik Wätjen,GER,"MF,FW",Dortmund,17,2006,1.2,3,2.57,3,0,0,0,0,0,1,0.86,1,0,0,0,0,0
Wout Weghorst,NED,FW,Hoffenheim,30,1992,22.0,71,3.23,64,0,0,2,5,0,5,0.23,5,0,0,0,0,0
Julian Weigl,GER,MF,Gladbach,27,1995,30.7,52,1.69,42,2,3,1,1,3,5,0.16,5,0,0,0,0,0
Nelson Weiper,GER,"FW,MF",Mainz 05,18,2005,1.4,3,2.18,2,0,1,0,0,0,0,0.0,0,0,0,0,0,0
Mitchell Weiser,GER,"DF,MF",Werder Bremen,29,1994,29.3,89,3.04,61,3,11,6,6,2,16,0.55,13,0,1,2,0,0
Noah Weißhaupt,GER,"DF,FW",Freiburg,21,2001,8.4,32,3.8,26,0,0,1,5,0,5,0.59,3,0,0,0,2,0
Timo Werner,GER,"FW,MF",RB Leipzig,27,1996,2.3,8,3.46,7,0,1,0,0,0,1,0.43,0,0,1,0,0,0
Silvan Widmer,SUI,DF,Mainz 05,30,1993,13.8,30,2.17,24,3,0,3,0,0,3,0.22,3,0,0,0,0,0
Patrick Wimmer,AUT,"FW,MF",Wolfsburg,22,2001,6.5,16,2.44,7,0,2,2,5,0,1,0.15,0,0,0,0,1,0
Jonas Wind,DEN,FW,Wolfsburg,24,1999,29.5,76,2.58,60,1,1,9,4,1,14,0.48,10,0,1,3,0,0
Florian Wirtz,GER,MF,Leverkusen,20,2003,26.4,166,6.3,128,8,15,4,9,2,24,0.91,18,2,4,0,0,0
Maximilian Wittek,GER,"DF,FW",Bochum,27,1995,11.9,48,4.04,23,12,3,4,4,2,7,0.59,1,0,2,1,2,1
Maximilian Wöber,AUT,DF,Gladbach,25,1998,23.0,32,1.4,23,2,0,5,0,2,7,0.31,4,1,0,2,0,0
Marius Wolf,GER,DF,Dortmund,28,1995,13.0,36,2.78,31,1,3,1,0,0,3,0.23,3,0,0,0,0,0
Nick Woltemade,GER,"FW,MF",Werder Bremen,21,2002,13.2,53,4.03,44,0,2,2,4,1,2,0.15,2,0,0,0,0,0
Jeong Woo-yeong,KOR,"MF,FW",Stuttgart,23,1999,7.0,20,2.83,18,1,0,1,0,0,3,0.43,2,0,0,1,0,0
Granit Xhaka,SUI,MF,Leverkusen,30,1992,31.3,121,3.86,110,1,2,6,2,0,11,0.35,11,0,0,0,0,0
Dan-Axel Zagadou,FRA,DF,Stuttgart,24,1999,16.1,10,0.62,8,0,1,1,0,0,1,0.06,0,0,0,1,0,0
Bryan Zaragoza,ESP,"FW,MF",Bayern Munich,21,2001,2.0,7,3.44,5,0,2,0,0,0,0,0.0,0,0,0,0,0,0
Robin Zentner,GER,GK,Mainz 05,28,1994,30.0,10,0.33,8,1,1,0,0,0,0,0.0,0,0,0,0,0,0
Cedric Zesiger,SUI,DF,Wolfsburg,25,1998,18.2,14,0.77,11,1,0,2,0,0,2,0.11,2,0,0,0,0,0
Michael Zetterer,GER,GK,Werder Bremen,28,1995,27.0,6,0.22,6,0,0,0,0,0,0,0.0,0,0,0,0,0,0
Christoph Zimmermann,GER,DF,Darmstadt 98,30,1993,13.6,9,0.67,8,0,0,0,1,0,0,0.0,0,0,0,0,0,0
Simon Zoller,GER,"FW,MF",Bochum,32,1991,0.5,0,0.0,0,0,0,0,0,0,0,0.0,0,0,0,0,0,0
Lovro Zvonarek,CRO,"FW,MF",Bayern Munich,18,2005,1.8,3,1.66,3,0,0,0,0,0,1,0.55,1,0,0,0,0,0
