Unnamed: 0_level_0_Rk,Unnamed: 1_level_0_Player,Unnamed: 2_level_0_Nation,Unnamed: 3_level_0_Pos,Unnamed: 4_level_0_Squad,Unnamed: 5_level_0_Age,Unnamed: 6_level_0_Born,Unnamed: 7_level_0_90s,Performance_CrdY,Performance_CrdR,Performance_2CrdY,Performance_Fls,Performance_Fld,Performance_Off,Performance_Crs,Performance_Int,Performance_TklW,Performance_PKwon,Performance_PKcon,Performance_OG,Performance_Recov,Aerial Duels_Won,Aerial Duels_Lost,Aerial Duels_Won%,Unnamed: 24_level_0_Matches
1,Patrick van Aanholt,nl NED,DF,Sparta R'dam,35-116,1990,7.3,1,0,0,3,1,0,14,5,11,0,0,0,33,3,1,75.0,Matches
2,Aske Adelgaard,dk DEN,DF,Go Ahead Eag,22-043,2003,4.5,2,0,0,7,3,0,23,4,4,0,0,0,21,6,4,60.0,Matches
3,Shawn Adewoye,be BEL,DF,Fortuna Sittard,25-177,2000,14.1,4,0,0,24,12,0,1,18,20,0,1,1,54,35,19,64.8,Matches
4,Olivier Aertssen,nl NED,DF,Zwolle,21-138,2004,12.4,2,0,0,12,8,0,17,17,20,0,0,0,47,11,13,45.8,Matches
5,Isaiah Ahmed,cw CUW,MF,Heerenveen,19-360,2005,0.0,0,0,0,0,0,0,0,1,0,0,0,0,0,0,1,0.0,Matches
6,Anel Ahmedhodžić,ba BIH,DF,Feyenoord,26-272,1999,15.1,5,1,1,19,12,0,1,19,9,0,0,0,73,30,21,58.8,Matches
7,Makan Aiko,fr FRA,FW,Fortuna Sittard,24-350,2001,5.1,2,0,0,7,10,2,24,3,4,0,0,0,16,3,13,18.8,Matches
8,Gerald Alders,nl NED,DF,Ajax,20-230,2005,2.0,0,0,0,2,5,1,0,0,4,0,0,0,10,0,8,0.0,Matches
9,Mawouna Amevor,tg TOG,DF,Volendam,34-007,1991,13.6,0,1,0,15,2,0,2,10,4,0,0,0,38,27,20,57.4,Matches
10,Julian Baas,nl NED,MF,Sparta R'dam,23-251,2002,8.2,2,0,0,8,10,0,40,12,10,0,0,0,26,8,8,50.0,Matches
11,Youri Baas,nl NED,DF,Ajax,22-281,2003,14.7,3,1,1,15,28,0,2,18,20,0,1,0,74,17,19,47.2,Matches
12,Thibo Baeten,be BEL,"FW,MF",Go Ahead Eag,23-202,2002,3.7,0,0,0,14,5,4,16,1,3,0,0,0,10,1,12,7.7,Matches
13,Esmir Bajraktarevic,ba BIH,"FW,MF",PSV Eindhoven,20-288,2005,4.5,0,0,0,4,12,0,21,0,3,0,0,0,17,1,4,20.0,Matches
14,Saïd Bakari,km COM,DF,Sparta R'dam,31-092,1994,3.7,0,0,0,2,3,0,7,8,5,0,0,1,24,8,3,72.7,Matches
15,Danny Bakker,nl NED,DF,Telstar,30-341,1995,12.3,0,0,0,13,11,0,4,15,10,0,1,0,45,38,31,55.1,Matches
16,Max Balard,au AUS,MF,NAC Breda,25-033,2000,15.4,2,1,1,20,21,0,0,14,14,0,0,0,70,13,13,50.0,Matches
17,Vasilios Barkas,gr GRE,GK,Utrecht,31-207,1994,15.5,0,0,0,0,3,0,0,0,1,0,0,0,32,2,0,100.0,Matches
18,Samuel Bastien,cd COD,"MF,DF",Fortuna Sittard,29-088,1996,0.1,0,0,0,0,0,0,0,0,1,0,0,0,0,1,0,100.0,Matches
19,Mimeirhel Benita,nl NED,DF,Heracles Almelo,22-036,2003,5.4,3,0,0,7,9,0,13,5,12,0,0,0,24,8,4,66.7,Matches
20,Mitchell van Bergen,nl NED,FW,Sparta R'dam,26-118,1999,12.6,0,0,0,4,4,4,88,3,2,0,0,0,39,0,1,0.0,Matches
21,Mitchell van Bergen,nl NED,FW,Twente,26-118,1999,0.7,0,0,0,0,1,0,4,0,0,0,0,0,1,0,0,,Matches
22,Thom van Bergen,nl NED,"FW,MF",Groningen,21-351,2004,16.0,2,0,0,24,41,7,4,3,16,1,0,0,59,30,68,30.6,Matches
23,Steven Berghuis,nl NED,"MF,FW",Ajax,34-004,1991,5.1,0,0,0,3,4,1,35,4,2,0,0,0,20,2,0,100.0,Matches
24,Jerolldino Bergraaf,nl NED,FW,Excelsior,19-171,2006,4.9,1,0,0,9,9,1,1,2,2,1,0,0,9,16,15,51.6,Matches
25,Daniel Bielica,pl POL,GK,NAC Breda,26-237,1999,16.0,1,0,0,0,3,0,0,0,0,0,0,0,32,4,0,100.0,Matches
26,Adrian Blake,eng ENG,"FW,MF",Utrecht,20-161,2005,9.5,2,0,0,4,10,2,21,2,2,0,0,0,36,1,9,10.0,Matches
27,Sil Blokhuis,nl NED,MF,Heracles Almelo,17-280,2008,0.1,0,0,0,0,0,0,0,0,0,0,0,0,0,0,0,,Matches
28,Thijmen Blokzijl,nl NED,DF,Groningen,20-301,2005,17.0,2,0,0,9,8,0,5,17,11,0,0,0,73,35,49,41.7,Matches
29,Myron Boadu,nl NED,FW,PSV Eindhoven,24-343,2001,0.6,0,0,0,1,0,1,0,0,0,0,0,0,2,0,1,0.0,Matches
30,Paweł Bochniewicz,pl POL,FW,Heerenveen,29-327,1996,0.0,0,0,0,0,0,0,0,0,0,0,0,0,0,0,1,0.0,Matches
31,Ruben van Bommel,nl NED,FW,PSV Eindhoven,21-142,2004,4.2,1,0,0,9,3,0,14,6,8,0,0,0,19,9,7,56.3,Matches
32,Kasper Boogaard,nl NED,MF,AZ Alkmaar,19-328,2006,0.7,1,0,0,1,0,0,1,2,0,0,0,0,6,0,0,,Matches
33,Taylor Booth,us USA,FW,Twente,24-206,2001,3.9,0,0,0,9,4,0,24,1,7,0,0,0,14,3,10,23.1,Matches
34,Zach Booth,us USA,MF,Excelsior,21-309,2004,1.2,0,0,0,4,0,1,0,0,0,0,0,0,3,0,2,0.0,Matches
35,Gonçalo Borges,pt POR,FW,Feyenoord,24-269,2001,2.4,0,0,0,1,5,1,11,1,1,0,0,0,8,0,1,0.0,Matches
36,Yvandro Borges Sanches,lu LUX,"FW,MF",Heracles Almelo,21-213,2004,5.8,0,0,0,2,3,0,9,0,8,0,0,0,25,0,4,0.0,Matches
37,Jordy Bos,au AUS,DF,Feyenoord,23-055,2002,8.1,0,0,0,3,8,0,26,8,23,0,0,0,51,16,14,53.3,Matches
38,Rayane Bounida,be BEL,"FW,MF",Ajax,19-295,2006,1.5,2,0,0,3,6,0,9,0,1,0,0,0,8,2,4,33.3,Matches
39,Aaron Bouwman,nl NED,DF,Ajax,18-117,2007,4.0,2,0,0,5,0,0,0,3,3,0,0,0,11,2,6,25.0,Matches
40,Wassim Bouziane,nl NED,"DF,FW",AZ Alkmaar,19-001,2006,0.7,0,0,0,1,4,0,2,0,0,0,0,0,4,0,0,,Matches
41,Can Bozdogan,de GER,MF,Utrecht,24-262,2001,1.9,0,0,0,4,7,1,5,0,0,0,0,0,9,6,8,42.9,Matches
42,Mattijs Branderhorst,nl NED,GK,Fortuna Sittard,31-357,1993,17.0,3,0,0,1,0,0,0,0,1,0,0,0,37,6,1,85.7,Matches
43,Oliver Braude,no NOR,DF,Heerenveen,21-305,2004,15.5,2,0,0,22,29,1,34,11,20,0,0,0,87,28,24,53.8,Matches
44,Jakob Breum,dk DEN,MF,Go Ahead Eag,22-036,2003,7.3,0,0,0,2,6,0,30,3,2,0,0,0,31,1,5,16.7,Matches
45,Philip Brittijn,nl NED,"MF,DF",Fortuna Sittard,21-258,2004,13.6,5,0,0,25,9,1,3,15,27,0,0,0,66,17,13,56.7,Matches
46,Ilias Bronkhorst,nl NED,DF,Excelsior,28-227,1997,13.4,4,0,0,12,14,0,34,13,14,0,0,0,79,47,19,71.2,Matches
47,Michael Brouwer,nl NED,GK,Utrecht,32-336,1993,1.5,0,0,0,0,0,0,0,0,0,0,0,0,5,0,0,,Matches
48,Patrick Brouwer,nl NED,MF,Telstar,24-279,2001,14.8,1,0,0,15,21,8,16,9,13,0,0,0,52,11,19,36.7,Matches
49,Luuk Brouwers,nl NED,MF,Heerenveen,27-234,1998,14.6,3,1,1,15,13,3,5,9,17,2,0,0,53,25,13,65.8,Matches
50,Max Bruns,nl NED,DF,Twente,23-047,2002,7.5,0,0,0,4,3,0,3,6,7,0,0,1,35,16,16,50.0,Matches
51,Thomas Bruns,nl NED,MF,Heracles Almelo,33-350,1992,8.0,0,0,0,15,10,4,12,6,6,0,0,0,27,8,13,38.1,Matches
52,Charles-Andréas Brym,ca CAN,FW,NAC Breda,27-137,1998,4.8,2,0,0,6,9,1,9,5,0,0,0,0,25,5,11,31.3,Matches
53,Thomas Buitink,nl NED,FW,Zwolle,25-192,2000,0.8,1,0,0,2,0,0,2,0,1,0,0,0,3,0,1,0.0,Matches
54,Nordin Bukala,nl NED,MF,Volendam,20-096,2005,14.8,3,0,0,17,18,0,7,21,25,0,0,0,55,8,8,50.0,Matches
55,Zico Buurmeester,nl NED,MF,AZ Alkmaar,23-199,2002,0.4,1,0,0,3,0,0,2,0,0,0,0,0,1,0,0,,Matches
56,Zico Buurmeester,nl NED,MF,Zwolle,23-199,2002,4.1,0,0,0,3,2,1,10,4,3,0,0,0,18,2,6,25.0,Matches
57,Jayden Candelaria,cw CUW,"DF,FW",NAC Breda,21-296,2004,0.3,0,0,0,0,0,0,0,0,0,0,0,0,1,1,0,100.0,Matches
58,Adam Carlén,se SWE,MF,Excelsior,25-179,2000,12.1,3,0,0,17,8,0,2,8,19,0,1,0,70,20,11,64.5,Matches
59,Yoann Cathline,fr FRA,"FW,MF",Utrecht,23-154,2002,6.2,2,0,0,9,16,1,15,3,7,0,0,0,21,0,7,0.0,Matches
60,Mateo Chávez,mx MEX,DF,AZ Alkmaar,21-225,2004,4.0,2,0,0,7,10,0,8,5,15,0,0,0,20,6,4,60.0,Matches
61,Tjaronn Chery,sr SUR,"MF,FW",NEC Nijmegen,37-202,1988,14.9,2,1,0,10,17,7,56,2,2,1,1,0,48,2,4,33.3,Matches
62,Jordy Clasie,nl NED,MF,AZ Alkmaar,34-179,1991,5.9,4,1,1,6,3,0,1,3,9,0,0,0,27,3,2,60.0,Matches
63,Pelle Clement,nl NED,MF,Sparta R'dam,29-218,1996,9.4,0,0,0,7,8,0,1,5,6,0,0,0,31,6,9,40.0,Matches
64,Gonzalo Crettaz,ar ARG,GK,NEC Nijmegen,25-298,2000,17.0,2,0,0,0,0,0,0,0,2,0,0,0,54,2,0,100.0,Matches
65,Vito van Crooij,nl NED,"MF,FW",NEC Nijmegen,29-328,1996,2.8,0,0,0,4,3,2,8,0,2,1,0,0,8,9,6,60.0,Matches
66,Robin van Cruijsen,,MF,Volendam,,,6.4,3,0,0,7,1,0,45,3,2,0,0,0,12,3,5,37.5,Matches
67,Ro-Zangelo Daal,nl NED,FW,AZ Alkmaar,21-316,2004,5.6,0,0,0,6,10,0,7,1,8,0,0,0,17,2,3,40.0,Matches
68,Jasper Dahlhaus,nl NED,DF,Fortuna Sittard,24-026,2001,14.1,3,0,0,17,10,0,29,35,16,0,0,0,69,15,23,39.5,Matches
69,Brynjolfur Darri Willumsson,is ISL,FW,Groningen,25-133,2000,8.5,1,0,0,15,8,4,0,1,3,0,0,0,20,15,39,27.8,Matches
70,Eli Dasa,il ISR,DF,NEC Nijmegen,33-020,1992,9.2,0,0,0,3,8,0,14,8,7,0,0,0,31,11,4,73.3,Matches
71,Jari De Busser,be BEL,GK,Go Ahead Eag,26-063,1999,17.0,0,0,0,0,3,0,0,0,0,0,0,1,41,5,0,100.0,Matches
72,Mats Deijl,nl NED,DF,Go Ahead Eag,28-161,1997,16.5,3,0,0,9,33,3,33,9,19,1,0,1,61,30,20,60.0,Matches
73,Maxim Dekker,nl NED,DF,AZ Alkmaar,21-246,2004,0.9,0,0,0,0,0,0,0,0,0,0,0,0,3,0,0,,Matches
74,Emirhan Demircan,tr TUR,"FW,MF",Utrecht,20-337,2005,1.1,0,0,0,1,4,0,1,1,2,0,0,0,7,2,1,66.7,Matches
75,Thomas van den Belt,nl NED,MF,Twente,24-188,2001,11.7,2,0,0,10,6,1,7,13,15,0,0,0,61,17,10,63.0,Matches
76,Joël van den Berg,nl NED,MF,PSV Eindhoven,18-315,2007,0.2,0,0,0,0,0,0,0,1,2,0,0,0,1,0,0,,Matches
77,Damian van der Haar,nl NED,DF,Zwolle,21-341,2004,0.2,1,0,0,1,0,0,0,1,0,0,0,0,0,0,1,0.0,Matches
78,Mike van der Hoorn,nl NED,DF,Utrecht,33-069,1992,10.9,0,0,0,9,8,1,1,17,5,0,1,0,32,38,23,62.3,Matches
79,Djevencio van der Kust,sr SUR,DF,Heracles Almelo,24-237,2001,6.2,1,0,0,6,5,0,11,5,10,0,0,0,33,7,10,41.2,Matches
80,David van der Werff,nl NED,"FW,MF",Groningen,21-114,2004,8.9,1,0,0,7,4,1,33,6,10,0,0,0,27,3,11,21.4,Matches
81,Anthony Descotte,be BEL,"FW,MF",Volendam,22-142,2003,3.5,1,0,0,5,5,0,2,0,2,0,0,0,7,3,9,25.0,Matches
82,Sergiño Dest,us USA,DF,PSV Eindhoven,25-050,2000,15.5,4,0,0,13,23,0,35,10,22,0,1,0,102,14,12,53.8,Matches
83,Gaoussou Diarra,ml MLI,"FW,MF",Feyenoord,23-032,2002,1.8,0,0,0,2,2,0,2,1,3,0,0,0,11,1,3,25.0,Matches
84,Matisse Didden,be BEL,DF,Utrecht,24-076,2001,7.6,0,0,0,9,0,1,0,7,2,0,1,0,27,25,14,64.1,Matches
85,Elijah Dijkstra,nl NED,DF,AZ Alkmaar,19-140,2006,3.2,0,0,0,2,4,0,4,3,2,0,0,0,19,2,2,50.0,Matches
86,Julius Dirksen,nl NED,"DF,MF",Go Ahead Eag,22-324,2003,0.6,0,0,0,0,0,0,0,3,0,0,0,0,2,3,0,100.0,Matches
87,Kasper Dolberg,dk DEN,FW,Ajax,28-078,1997,3.6,0,0,0,8,5,2,0,2,1,0,0,0,6,8,10,44.4,Matches
88,Yoon Doyong,kr KOR,FW,Excelsior,19-056,2006,1.1,1,0,0,3,3,0,2,2,1,0,0,0,6,0,3,0.0,Matches
89,Couhaib Driouech,ma MAR,"FW,MF",PSV Eindhoven,23-250,2002,3.9,2,0,0,12,3,1,15,1,5,0,0,0,16,1,5,16.7,Matches
90,Joel Drommel,nl NED,GK,Sparta R'dam,29-037,1996,17.0,1,0,0,1,2,0,0,0,0,0,0,0,40,4,0,100.0,Matches
91,Lance Duijvestijn,nl NED,MF,Sparta R'dam,26-342,1999,7.7,2,0,0,6,16,0,17,3,15,0,0,0,45,3,5,37.5,Matches
92,Mike van Duinen,nl NED,FW,Excelsior,34-047,1991,4.5,1,0,0,14,3,0,0,1,5,0,0,0,13,22,29,43.1,Matches
93,Kiano Dyer,eng ENG,"MF,FW",Volendam,19-032,2006,0.3,0,0,0,0,0,0,0,0,1,0,0,0,0,0,0,,Matches
94,Oliver Edvardsen,no NOR,FW,Ajax,26-279,1999,5.6,2,0,0,10,16,0,11,3,5,1,0,0,22,10,8,55.6,Matches
95,Victor Edvardsen,se SWE,"FW,MF",Go Ahead Eag,29-343,1996,7.8,2,0,0,3,3,3,19,0,3,0,0,0,13,2,6,25.0,Matches
96,Lushendry Edward Martes,nl NED,DF,Sparta R'dam,17-231,2008,0.5,0,0,0,1,0,0,0,0,1,0,0,0,1,0,1,0.0,Matches
97,Espen van Ee,nl NED,MF,Heerenveen,22-171,2003,0.6,0,0,0,1,0,0,0,0,0,0,0,0,3,1,3,25.0,Matches
98,Mike Eerdhuijzen,nl NED,DF,Utrecht,25-163,2000,1.6,1,0,0,1,0,0,0,1,2,0,0,0,6,4,1,80.0,Matches
99,Mats Egbring,nl NED,"DF,MF",Heerenveen,19-097,2006,0.4,1,0,0,4,1,0,1,0,1,0,0,0,2,4,2,66.7,Matches
100,Nils Eggens,nl NED,"MF,FW",Groningen,20-259,2005,0.1,0,0,0,0,1,0,0,0,0,1,0,0,0,0,0,,Matches
101,Remi van Ekeris,nl NED,MF,Telstar,23-091,2002,0.1,0,0,0,0,0,0,1,0,0,0,0,0,0,0,0,,Matches
102,Noam Emeran,fr FRA,"DF,MF",Groningen,23-090,2002,0.3,0,0,0,0,1,0,2,1,1,0,0,0,3,0,0,,Matches
103,Mario Engels,de GER,"MF,FW",Heracles Almelo,32-062,1993,4.7,3,1,1,9,6,2,11,1,2,0,0,0,12,3,5,37.5,Matches
104,Alonzo Engwanda,be BEL,MF,Utrecht,22-330,2003,16.0,4,0,0,18,7,0,6,22,25,0,0,0,69,19,8,70.4,Matches
105,Silvinho Esajas,sr SUR,MF,Volendam,23-168,2002,0.8,0,0,0,1,0,0,0,0,0,0,0,0,3,0,2,0.0,Matches
106,Jan Faberski,pl POL,FW,Zwolle,19-245,2006,4.4,1,0,0,4,14,0,12,1,2,0,1,0,23,1,9,10.0,Matches
107,Derensili Fernandes,nl NED,FW,Excelsior,24-209,2001,12.7,0,0,0,22,11,2,28,5,9,0,0,0,65,5,16,23.8,Matches
108,Noah Fernandez,be BEL,"MF,FW",PSV Eindhoven,17-348,2008,0.2,0,0,0,0,0,0,0,0,0,0,0,0,5,0,1,0.0,Matches
109,Nick Fichtinger,nl NED,MF,Zwolle,21-261,2004,3.3,3,1,1,6,2,0,0,8,12,0,1,0,9,5,8,38.5,Matches
110,Kian Fitz-Jim,nl NED,MF,Ajax,22-171,2003,3.3,2,0,0,6,1,0,0,13,7,0,0,0,20,0,0,,Matches
111,Ryan Flamingo,nl NED,DF,PSV Eindhoven,22-357,2002,8.4,3,0,0,13,4,0,1,6,7,0,0,0,21,34,15,69.4,Matches
112,Sherel Floranus,cw CUW,DF,Zwolle,27-122,1998,16.4,3,0,0,6,10,3,18,28,5,0,0,0,68,8,19,29.6,Matches
113,Deveron Fonville,cw CUW,DF,NEC Nijmegen,22-221,2003,4.1,0,0,0,3,2,0,9,6,5,0,0,0,12,6,5,54.5,Matches
114,Ryan Fosso,ch SUI,MF,Fortuna Sittard,23-189,2002,16.8,4,0,0,22,23,0,1,26,23,0,0,1,117,10,11,47.6,Matches
115,Anton Gaaei,dk DEN,DF,Ajax,23-034,2002,7.8,1,0,0,9,3,0,49,8,6,0,0,0,29,12,8,60.0,Matches
116,Jadiel Pereira da Gama,nl NED,MF,Zwolle,16-008,2009,1.1,2,0,0,4,1,0,0,4,0,0,0,0,4,2,0,100.0,Matches
117,Anselmo García MacNulty,ie IRL,DF,Zwolle,22-307,2003,15.8,5,1,1,17,5,1,4,13,11,0,1,0,51,15,17,46.9,Matches
118,Yarek Gasiorowski,es ESP,DF,PSV Eindhoven,20-345,2005,14.0,0,0,0,10,6,0,0,23,8,0,0,0,37,32,15,68.1,Matches
119,Stijn van Gassel,nl NED,GK,Excelsior,29-066,1996,13.3,0,0,0,0,2,0,0,0,0,0,0,0,24,2,0,100.0,Matches
120,Moussa Gbemou,be BEL,MF,Fortuna Sittard,18-105,2007,0.1,0,0,0,0,0,0,0,0,1,0,0,0,0,0,1,0.0,Matches
121,Brahim Ghalidi,be BEL,"FW,MF",NAC Breda,20-326,2005,0.8,1,0,0,1,8,0,6,1,0,0,0,0,5,0,0,,Matches
122,Tristan van Gilst,nl NED,"FW,MF",Heracles Almelo,22-308,2003,7.5,2,0,0,2,6,0,3,4,4,0,0,0,20,11,13,45.8,Matches
123,Paul Gladon,nl NED,"FW,MF",Fortuna Sittard,33-280,1992,6.1,1,0,0,16,3,5,4,0,2,0,0,0,9,46,45,50.5,Matches
124,Oscar Gloukh,il ISR,"MF,FW",Ajax,21-266,2004,12.1,2,0,0,1,15,0,36,1,10,0,0,0,49,0,5,0.0,Matches
125,Mika Godts,be BEL,"FW,MF",Ajax,20-199,2005,13.1,2,0,0,5,16,4,35,6,4,0,0,0,42,1,12,7.7,Matches
126,Wouter Goes,nl NED,DF,AZ Alkmaar,21-196,2004,14.4,7,0,0,14,24,0,3,20,10,0,1,0,59,16,13,55.2,Matches
127,Roberto González,es ESP,MF,NEC Nijmegen,24-351,2001,0.9,0,0,0,2,2,0,1,0,2,0,0,0,6,1,2,33.3,Matches
128,Tristan Gooijer,nl NED,DF,Zwolle,21-112,2004,5.2,2,1,0,9,3,0,1,5,3,0,0,0,20,5,5,50.0,Matches
129,Kenzo Goudmijn,nl NED,"MF,FW",Go Ahead Eag,24-005,2001,6.8,0,0,0,3,10,0,33,2,5,0,0,0,22,5,6,45.5,Matches
130,Tom de Graaff,nl NED,GK,Zwolle,21-013,2004,15.0,0,0,0,0,3,0,0,0,1,0,0,0,18,2,1,66.7,Matches
131,Simon Graves Jensen,dk DEN,DF,Zwolle,26-215,1999,16.4,4,0,0,16,10,1,0,18,9,0,0,0,53,33,30,52.4,Matches
132,Leo Greiml,at AUT,DF,NAC Breda,24-173,2001,6.5,1,0,0,14,8,0,0,4,10,0,0,0,23,34,15,69.4,Matches
133,Nesto Groen,nl NED,FW,Excelsior,21-154,2004,0.2,0,0,0,1,0,0,1,0,0,0,0,0,2,0,2,0.0,Matches
134,Eser Gürbüz,nl NED,FW,Heerenveen,18-292,2007,2.8,1,0,0,7,2,0,20,0,2,0,0,0,10,3,3,50.0,Matches
135,Jonathan de Guzmán,nl NED,"MF,FW",Sparta R'dam,38-101,1987,0.9,0,0,0,1,1,0,4,0,2,0,0,0,2,2,1,66.7,Matches
136,Milan de Haan,nl NED,"MF,FW",Volendam,22-033,2003,0.3,0,0,0,0,0,0,0,1,0,0,0,0,1,0,0,,Matches
137,Anis Hadj Moussa,dz ALG,FW,Feyenoord,23-315,2002,13.9,1,1,0,7,17,2,105,3,9,0,0,0,57,2,7,22.2,Matches
138,Sebastiaan Hagedoorn,nl NED,"MF,FW",Telstar,21-023,2004,0.9,0,0,0,2,1,1,0,0,1,0,0,0,4,7,6,53.8,Matches
139,Sébastien Haller,ci CIV,FW,Utrecht,31-184,1994,7.5,1,0,0,12,17,3,0,4,3,0,0,0,19,46,27,63.0,Matches
140,Mo Hamdaoui,nl NED,"MF,DF",Telstar,32-196,1993,0.7,0,1,0,1,2,0,6,0,1,0,0,0,4,0,2,0.0,Matches
141,Noa El Hamdaoui,,MF,Excelsior,,,0.2,0,0,0,1,0,0,0,0,0,0,0,0,0,0,1,0.0,Matches
142,Jeff Hardeveld,nl NED,DF,Telstar,30-299,1995,16.1,1,0,0,16,5,1,94,14,21,0,0,0,58,12,19,38.7,Matches
143,Lennard Hartjes,nl NED,MF,Excelsior,22-260,2003,2.5,0,0,0,3,3,0,0,6,2,0,0,0,10,2,1,66.7,Matches
144,Stan Henderikx,nl NED,DF,Excelsior,22-168,2003,4.6,0,1,0,7,4,0,2,12,5,0,0,0,16,8,3,72.7,Matches
145,Lucas Vennegoor of Hesselink,nl NED,FW,Twente,19-284,2006,0.6,0,0,0,3,0,0,1,0,0,0,0,0,0,2,2,50.0,Matches
146,Soufiane Hetli,nl NED,"FW,MF",Telstar,24-207,2001,11.3,2,0,0,11,23,6,9,5,12,0,0,0,51,3,10,23.1,Matches
147,Rio Hillen,nl NED,DF,NAC Breda,22-293,2003,14.3,6,0,0,19,11,0,3,17,18,0,1,0,78,35,26,57.4,Matches
148,Mark Hoekstra,nl NED,"MF,FW",Groningen,19-316,2006,0.4,0,0,0,1,1,0,0,0,0,0,0,0,3,1,3,25.0,Matches
149,Tijmen Holla,,GK,Excelsior,,,0.7,0,0,0,1,0,0,0,0,0,0,1,0,3,0,0,,Matches
150,Lewis Holtby,de GER,"MF,FW",NAC Breda,35-096,1990,11.9,0,1,0,6,11,1,37,4,18,0,0,0,46,10,14,41.7,Matches
151,Sydney van Hooijdonk,nl NED,FW,NAC Breda,25-320,2000,11.6,1,1,0,15,24,6,7,1,6,0,0,0,24,37,31,54.4,Matches
152,Nikolai Hopland,no NOR,DF,Heerenveen,21-152,2004,4.5,1,0,0,3,4,0,0,5,2,0,0,0,19,11,6,64.7,Matches
153,Siebe Horemans,be BEL,DF,Utrecht,27-204,1998,15.6,1,0,0,8,4,0,49,17,15,0,0,0,64,22,16,57.9,Matches
154,Jizz Hornkamp,nl NED,FW,Heracles Almelo,27-291,1998,12.3,2,1,0,25,21,3,3,4,10,0,0,0,26,60,36,62.5,Matches
155,Ajdin Hrustic,au AUS,MF,Heracles Almelo,29-171,1996,14.1,4,0,0,12,15,0,108,7,15,0,0,0,65,3,8,27.3,Matches
156,Justin Hubner,id IDN,DF,Fortuna Sittard,22-100,2003,4.5,4,1,0,8,2,0,5,9,9,0,0,0,17,17,7,70.8,Matches
157,Joël Ideho,nl NED,"FW,MF",Volendam,22-159,2003,5.8,1,0,0,10,19,2,27,2,5,0,0,0,28,2,8,20.0,Matches
158,Younes Taha El Idrissi,ma MAR,"MF,FW",Groningen,23-026,2002,15.3,2,0,0,15,10,2,125,5,19,0,0,0,43,5,14,26.3,Matches
159,Mohammed Ihattaren,nl NED,"FW,MF",Fortuna Sittard,23-314,2002,11.8,1,0,0,6,12,3,75,3,2,0,0,0,46,2,8,20.0,Matches
160,Hwang In-beom,kr KOR,MF,Feyenoord,29-094,1996,2.8,0,0,0,1,7,1,13,4,4,0,0,0,18,6,5,54.5,Matches
161,Zidane Iqbal,iq IRQ,MF,Utrecht,22-240,2003,2.8,1,0,0,2,4,0,0,4,3,0,0,0,15,1,2,33.3,Matches
162,Ko Itakura,jp JPN,DF,Ajax,28-330,1997,9.8,1,0,0,8,9,0,4,12,7,0,0,0,24,24,9,72.7,Matches
163,Dean James,id IDN,DF,Go Ahead Eag,25-237,2000,12.5,4,1,1,17,7,0,101,12,12,0,0,0,43,6,3,66.7,Matches
164,Dies Janse,nl NED,DF,Groningen,19-340,2006,15.0,4,0,0,15,17,0,3,8,11,0,0,0,44,24,27,47.1,Matches
165,Timo Jansink,nl NED,GK,Heracles Almelo,22-282,2003,9.0,0,0,0,0,1,0,0,0,0,0,0,0,13,1,0,100.0,Matches
166,Simon Janssen,nl NED,DF,Excelsior,25-089,2000,1.4,0,0,0,2,0,1,6,1,1,0,0,0,6,0,3,0.0,Matches
167,Vitezslav Jaros,cz CZE,GK,Ajax,24-153,2001,13.0,1,0,0,0,2,0,0,0,0,0,0,1,24,2,0,100.0,Matches
168,Malcolm Jeng,se SWE,DF,Feyenoord,20-289,2005,0.5,0,0,0,0,0,0,0,2,0,0,0,0,2,0,0,,Matches
169,Isak Jensen,dk DEN,FW,AZ Alkmaar,22-000,2003,9.2,0,0,0,5,13,1,35,5,5,1,0,0,54,9,18,33.3,Matches
170,Victor Jensen,dk DEN,"MF,FW",Utrecht,25-318,2000,5.3,1,0,0,4,9,1,1,3,6,0,0,0,17,8,8,50.0,Matches
171,Miliano Jonathans,id IDN,"FW,MF",Utrecht,21-262,2004,3.0,0,0,0,1,2,0,7,0,1,0,0,0,9,3,2,60.0,Matches
172,Tika de Jonge,nl NED,MF,Groningen,22-287,2003,14.5,2,0,0,10,5,0,22,13,15,0,0,0,45,7,9,43.8,Matches
173,Mauro Júnior,br BRA,"MF,DF",PSV Eindhoven,26-231,1999,11.1,2,0,0,8,4,0,15,18,19,0,1,0,79,9,10,47.4,Matches
174,Hidde Jurjus,nl NED,GK,Groningen,31-317,1994,3.0,0,0,0,0,0,0,0,0,0,0,0,0,6,0,0,,Matches
175,Youssef El Kachati,nl NED,"FW,MF",NEC Nijmegen,26-023,1999,3.1,0,0,0,6,4,2,12,0,1,1,0,0,11,5,11,31.3,Matches
176,Jochem van de Kamp,nl NED,"MF,DF",Telstar,22-051,2003,13.1,2,0,0,10,14,3,27,14,13,1,0,0,54,8,12,40.0,Matches
177,Ahmetcan Kaplan,tr TUR,DF,NEC Nijmegen,22-341,2003,11.8,6,0,0,17,24,0,6,10,19,0,1,0,56,33,23,58.9,Matches
178,Souffian El Karouani,ma MAR,DF,Utrecht,25-065,2000,16.0,1,0,0,26,23,0,185,14,25,0,0,0,82,10,16,38.5,Matches
179,Denso Kasius,nl NED,DF,AZ Alkmaar,23-078,2002,10.8,2,0,0,5,9,0,42,6,6,0,0,0,46,2,3,40.0,Matches
180,Fabian de Keijzer,nl NED,GK,Heracles Almelo,25-227,2000,8.0,0,0,0,0,0,0,0,0,0,0,0,0,16,0,0,,Matches
181,Boy Kemper,nl NED,DF,NAC Breda,26-185,1999,16.8,3,0,0,24,27,2,65,10,14,2,0,0,66,37,30,55.2,Matches
182,Marko Kerkez,rs SRB,"FW,MF",Fortuna Sittard,25-180,2000,0.1,0,0,0,0,0,0,0,0,0,0,0,0,1,0,3,0.0,Matches
183,Sam Kersten,nl NED,DF,Heerenveen,27-327,1998,12.4,4,0,0,16,7,0,0,17,9,0,0,0,51,23,20,53.5,Matches
184,Joshua Kitolano,no NOR,MF,Sparta R'dam,24-142,2001,13.6,1,0,0,13,21,1,6,8,10,0,1,0,57,8,11,42.1,Matches
185,Mathias Kjølø,no NOR,MF,Twente,24-179,2001,2.4,0,0,0,3,0,0,3,3,4,0,0,0,10,1,0,100.0,Matches
186,Davy Klaassen,nl NED,MF,Ajax,32-305,1993,10.2,1,0,0,10,10,1,2,7,17,0,0,0,43,9,16,36.0,Matches
187,Bernt Klaverboer,nl NED,GK,Heerenveen,20-088,2005,13.0,0,0,0,0,2,0,0,0,0,0,0,0,25,3,0,100.0,Matches
188,Mike Kleijn,nl NED,DF,Sparta R'dam,20-317,2005,3.1,0,0,0,0,0,0,6,6,8,0,0,0,12,0,3,0.0,Matches
189,Ronald Koeman Jr.,nl NED,GK,Telstar,30-214,1995,17.0,1,0,0,0,2,0,0,0,0,0,0,0,44,2,1,66.7,Matches
190,Ozan Kökcü,az AZE,"FW,MF",Volendam,27-127,1998,8.3,1,0,0,6,7,1,43,5,2,0,0,0,32,2,5,28.6,Matches
191,Don-Angelo Konadu,nl NED,"FW,DF",Ajax,19-234,2006,0.7,0,0,0,1,1,0,0,0,2,0,0,0,2,5,3,62.5,Matches
192,Terence Kongolo,nl NED,DF,NAC Breda,31-312,1994,2.1,0,0,0,1,3,0,0,1,3,0,0,1,12,8,3,72.7,Matches
193,Peer Koopmeiners,nl NED,"MF,DF",AZ Alkmaar,25-233,2000,10.6,2,0,0,17,2,0,25,8,19,0,0,0,38,24,15,61.5,Matches
194,Koen Kostons,nl NED,FW,Zwolle,26-096,1999,15.7,1,0,0,15,16,11,8,3,6,0,0,0,44,24,46,34.3,Matches
195,Devon Koswal,nl NED,DF,Telstar,22-124,2003,10.9,3,0,0,7,13,0,8,4,11,0,0,0,30,5,20,20.0,Matches
196,Matej Kovar,cz CZE,GK,PSV Eindhoven,25-220,2000,17.0,0,0,0,1,4,0,0,0,0,0,1,0,40,4,0,100.0,Matches
197,Thijs Kraaijeveld,nl NED,"DF,MF",Feyenoord,18-234,2007,0.7,0,0,0,0,0,0,1,0,2,0,0,0,2,3,1,75.0,Matches
198,Joris Kramer,nl NED,DF,Go Ahead Eag,29-143,1996,17.0,0,0,0,5,6,0,17,18,5,0,0,0,61,33,28,54.1,Matches
199,Bas Kuipers,nl NED,DF,Twente,31-128,1994,1.3,0,0,0,0,2,0,5,2,3,0,0,0,5,4,4,50.0,Matches
200,Luka Kulenović,ba BIH,FW,Heracles Almelo,26-085,1999,9.2,0,0,0,16,8,3,2,3,3,0,0,0,23,66,39,62.9,Matches
201,Brandley Kuwas,cw CUW,"FW,MF",Volendam,33-095,1992,12.1,3,0,0,11,24,0,38,3,7,0,0,0,50,1,7,12.5,Matches
202,Dave Kwakman,nl NED,"MF,DF",AZ Alkmaar,21-138,2004,1.2,0,0,0,1,6,0,2,1,3,0,0,0,2,4,2,66.7,Matches
203,Sam de Laat,nl NED,DF,NEC Nijmegen,19-194,2006,0.2,0,0,0,1,0,0,0,1,0,0,0,0,1,0,0,,Matches
204,Samir Lagsir,nl NED,"FW,MF",Zwolle,22-217,2003,0.3,0,0,0,0,0,0,1,0,0,0,0,0,3,1,0,100.0,Matches
205,Sam Lammers,nl NED,FW,Twente,28-237,1997,3.3,0,0,0,3,4,0,1,0,1,1,0,0,2,7,7,50.0,Matches
206,Kostas Lamprou,gr GRE,GK,NAC Breda,34-096,1991,1.0,0,0,0,0,0,0,0,0,0,0,0,0,2,0,0,,Matches
207,Tygo Land,nl NED,"MF,FW",Groningen,19-346,2006,2.6,3,1,1,6,3,0,0,3,6,0,0,0,10,0,0,,Matches
208,Tygo Land,nl NED,MF,PSV Eindhoven,19-346,2006,0.1,0,0,0,0,0,0,0,0,0,0,0,0,2,0,0,,Matches
209,Cyle Larin,ca CAN,"FW,MF",Feyenoord,30-250,1995,1.4,1,0,0,3,2,1,0,0,3,0,0,0,6,2,6,25.0,Matches
210,Tobias Lauritsen,no NOR,FW,Sparta R'dam,28-115,1997,17.0,4,0,0,12,34,3,2,5,9,0,0,0,40,124,80,60.8,Matches
211,Noé Lebreton,fr FRA,"MF,DF",NEC Nijmegen,21-304,2004,1.6,0,0,0,3,3,1,0,2,0,1,0,0,5,2,2,50.0,Matches
212,Adil Lechkar,nl NED,"DF,MF",Telstar,24-112,2001,2.0,1,0,0,8,4,0,9,4,5,0,0,0,16,3,5,37.5,Matches
213,Clint Leemans,nl NED,MF,NAC Breda,30-099,1995,4.7,2,0,0,4,2,0,40,4,4,0,0,0,23,9,6,60.0,Matches
214,Yannick Leliendal,sr SUR,DF,Volendam,23-244,2002,16.5,3,0,0,12,31,0,31,24,21,0,0,0,84,11,12,47.8,Matches
215,Stav Lemkin,il ISR,DF,Twente,22-265,2003,5.9,0,0,0,5,4,0,1,2,3,0,1,0,23,5,4,55.6,Matches
216,Bryan Limbombe,be BEL,"FW,MF",Heracles Almelo,24-223,2001,13.5,1,0,0,19,13,1,51,4,5,0,0,0,42,1,12,7.7,Matches
217,Dimitris Limnios,gr GRE,"FW,DF",Fortuna Sittard,27-210,1998,12.4,1,0,0,10,21,6,38,4,7,0,0,0,53,10,24,29.4,Matches
218,Marcus Linday,se SWE,MF,Heerenveen,22-204,2003,10.3,3,0,0,14,18,0,2,6,18,0,0,0,55,11,11,50.0,Matches
219,Bryan Linssen,nl NED,"FW,MF",NEC Nijmegen,35-076,1990,12.8,5,0,0,17,8,4,14,6,17,0,0,0,21,22,22,50.0,Matches
220,Evert Linthorst,nl NED,MF,Go Ahead Eag,25-295,2000,9.3,1,0,0,5,2,0,5,11,4,0,0,0,47,6,10,37.5,Matches
221,Justin Lonwijk,sr SUR,"MF,FW",Fortuna Sittard,26-002,1999,10.0,1,0,0,16,14,4,6,11,15,0,0,0,27,10,22,31.3,Matches
222,Jordan Lotomba,ch SUI,DF,Feyenoord,27-085,1998,5.8,0,0,0,6,3,0,8,6,3,0,0,0,22,11,7,61.1,Matches
223,Sayfallah Ltaief,tn TUN,"FW,MF",Sparta R'dam,25-245,2000,5.6,0,0,0,5,8,2,1,2,4,0,0,0,23,2,3,40.0,Matches
224,Boyd Lucassen,nl NED,"DF,MF",NAC Breda,27-175,1998,9.7,0,0,0,7,9,0,26,6,10,0,0,0,23,13,9,59.1,Matches
225,Younes Jaber el Maftahi,nl NED,FW,Sparta R'dam,18-073,2007,0.4,0,0,0,0,0,1,0,0,1,0,0,0,6,0,0,,Matches
226,Enes Mahmutovic,lu LUX,DF,NAC Breda,28-215,1997,4.1,2,0,0,8,5,0,0,4,0,0,0,0,21,15,10,60.0,Matches
227,Dion Malone,sr SUR,DF,Telstar,36-313,1989,2.2,0,0,0,2,1,0,0,4,1,0,0,0,14,6,2,75.0,Matches
228,Dennis Man,ro ROU,FW,PSV Eindhoven,27-119,1998,8.2,0,0,0,8,14,0,9,2,6,0,0,0,49,6,7,46.2,Matches
229,Richonell Margaret,sr SUR,FW,Go Ahead Eag,25-107,2000,8.6,1,0,0,11,11,4,39,6,6,0,0,0,36,5,12,29.4,Matches
230,Iván Márquez,es ESP,DF,Fortuna Sittard,31-197,1994,15.1,2,0,0,20,7,1,0,14,12,0,0,0,40,48,25,65.8,Matches
231,Nolan Martens,be BEL,DF,Excelsior,21-169,2004,4.5,0,0,0,3,0,1,8,2,8,0,0,0,23,5,6,45.5,Matches
232,Bruno Martins Indi,nl NED,DF,Sparta R'dam,33-318,1992,12.0,1,1,0,12,9,0,0,14,7,0,0,0,42,31,19,62.0,Matches
233,Dylan Mbayo,be BEL,"FW,MF",Zwolle,24-073,2001,5.8,1,0,0,8,15,3,5,1,0,0,0,0,16,0,3,0.0,Matches
234,Xavier Mbuyamba,nl NED,"DF,MF",Volendam,23-357,2001,7.4,2,0,0,9,5,0,1,6,7,0,0,0,24,22,15,59.5,Matches
235,James McConnell,eng ENG,MF,Ajax,21-101,2004,1.2,0,0,0,1,1,0,0,1,2,0,0,0,3,1,0,100.0,Matches
236,Mexx Meerdink,nl NED,FW,AZ Alkmaar,22-152,2003,6.2,1,0,0,7,6,2,1,0,1,0,0,0,12,17,23,42.5,Matches
237,Ringo Meerveld,nl NED,"MF,FW",Heerenveen,25-002,2000,11.1,0,0,0,5,8,0,10,5,7,0,0,0,49,3,12,20.0,Matches
238,Aaron Meijers,nl NED,"DF,FW",Volendam,38-056,1987,1.7,0,0,0,4,5,0,6,0,2,0,0,0,7,1,3,25.0,Matches
239,Rick Meissen,nl NED,DF,Excelsior,23-302,2002,13.1,3,0,0,11,7,0,1,21,6,0,1,0,51,19,15,55.9,Matches
240,Houboulang Mendes,gw GNB,"DF,FW",Fortuna Sittard,27-233,1998,1.0,0,0,0,2,1,1,6,0,2,0,0,0,2,0,0,,Matches
241,Rui Mendes,de GER,FW,Groningen,26-043,1999,0.2,0,0,0,0,0,0,0,0,0,0,0,0,0,0,2,0.0,Matches
242,Tyrique Mercera,cw CUW,DF,Groningen,22-004,2003,5.0,0,0,0,11,2,0,10,5,3,0,0,0,17,12,21,36.4,Matches
243,Dylan Mertens,nl NED,MF,Telstar,30-156,1995,4.7,2,0,0,11,8,2,8,2,9,0,0,0,27,6,8,42.9,Matches
244,Ivan Mesík,sk SVK,DF,Heracles Almelo,24-205,2001,15.9,5,0,0,29,12,2,24,10,18,1,1,0,56,13,15,46.4,Matches
245,Melle Meulensteen,nl NED,"MF,DF",Go Ahead Eag,26-172,1999,14.5,1,0,0,6,14,2,11,25,15,0,0,0,79,22,32,40.7,Matches
246,Edouard Michut,fr FRA,MF,Fortuna Sittard,22-294,2003,7.8,3,0,0,17,21,0,9,18,13,0,0,0,32,6,2,75.0,Matches
247,Stijn Middendorp,,MF,Excelsior,,,2.2,0,1,0,0,2,0,1,3,4,0,0,0,14,2,1,66.7,Matches
248,Sven Mijnans,nl NED,MF,AZ Alkmaar,25-289,2000,14.4,1,0,0,11,14,2,37,12,10,0,0,0,52,8,16,33.3,Matches
249,David Min,nl NED,"FW,MF",Utrecht,26-183,1999,8.1,1,0,0,15,8,0,0,3,1,0,0,0,25,23,31,42.6,Matches
250,Damon Mirani,nl NED,DF,Heracles Almelo,29-224,1996,16.8,3,0,0,8,6,0,1,17,9,0,2,0,55,45,35,56.3,Matches
251,Virgil Misidjan,sr SUR,"DF,FW",NEC Nijmegen,32-152,1993,5.2,0,0,0,6,10,3,14,1,3,0,0,0,21,6,6,50.0,Matches
252,Shunsuke Mito,jp JPN,FW,Sparta R'dam,23-086,2002,6.2,0,0,0,5,12,4,8,2,1,1,0,0,21,3,8,27.3,Matches
253,Stefan Mitrović,rs SRB,FW,Excelsior,23-130,2002,2.9,0,0,0,5,6,0,18,2,1,0,0,0,10,3,5,37.5,Matches
254,Jorthy Mokio,be BEL,"MF,DF",Ajax,17-297,2008,3.4,0,0,0,1,3,0,1,3,5,0,0,0,15,6,5,54.5,Matches
255,Jamiro Monteiro,cv CPV,MF,Zwolle,32-030,1993,10.7,0,1,0,9,28,3,19,9,19,0,0,0,74,1,3,25.0,Matches
256,Raúl Moro,es ESP,FW,Ajax,23-018,2002,6.2,1,0,0,3,2,3,40,4,2,0,0,0,21,1,2,33.3,Matches
257,Robert Mühren,nl NED,"MF,FW",Volendam,36-219,1989,4.7,0,0,0,5,1,0,3,2,3,0,0,0,12,3,7,30.0,Matches
258,Derry Murkin,eng ENG,"DF,FW",Utrecht,26-149,1999,2.9,1,0,0,6,3,0,8,0,0,0,0,0,14,3,3,50.0,Matches
259,Chris Nadje,fr FRA,MF,Excelsior,24-131,2001,1.9,1,0,0,4,4,0,2,2,1,0,0,0,15,3,3,50.0,Matches
260,Pharrel Nana Yaw Yiadom Nash,nl NED,MF,Ajax,17-319,2008,0.1,0,0,0,0,0,0,1,0,0,0,0,0,0,1,0,100.0,Matches
261,Mohamed Nassoh,nl NED,"MF,FW",NAC Breda,22-331,2003,12.7,2,0,0,9,14,3,27,7,15,0,0,0,61,5,9,35.7,Matches
262,Gerrit Nauber,de GER,DF,Go Ahead Eag,33-254,1992,8.9,1,0,0,7,0,1,1,5,3,0,0,0,22,30,17,63.8,Matches
263,Noah Naujoks,nl NED,MF,Excelsior,23-235,2002,10.4,1,0,0,22,13,0,5,15,12,0,0,0,34,22,24,47.8,Matches
264,Darko Nejašmić,hr CRO,MF,NEC Nijmegen,26-332,1999,10.8,1,0,0,13,7,0,6,9,18,0,1,0,78,24,26,48.0,Matches
265,Bart Nieuwkoop,nl NED,DF,Feyenoord,29-291,1996,5.1,3,0,0,11,2,0,10,7,13,0,0,0,19,18,10,64.3,Matches
266,Ruud Nijstad,nl NED,DF,Twente,17-340,2008,5.5,0,0,0,1,0,0,0,3,1,0,0,0,22,5,7,41.7,Matches
267,Kristian Nökkvi Hlynsson,is ISL,MF,Twente,21-334,2004,13.8,2,1,1,16,20,1,12,6,15,0,0,0,46,10,11,47.6,Matches
268,Andries Noppert,nl NED,GK,Heerenveen,31-260,1994,4.0,0,0,0,0,1,0,0,0,0,0,0,0,10,4,0,100.0,Matches
269,Tyrese Noslin,cw CUW,DF,Telstar,23-103,2002,14.9,4,0,0,22,26,1,39,21,26,0,1,0,70,11,11,50.0,Matches
270,Nigel Nwankwo,nl NED,"DF,MF",Telstar,27-141,1998,0.7,0,0,0,0,0,0,8,0,1,0,0,0,4,3,1,75.0,Matches
271,Armando Obispo,cw CUW,DF,PSV Eindhoven,26-293,1999,2.5,0,0,0,0,3,0,0,2,0,0,0,0,12,11,11,50.0,Matches
272,Denis Odoi,gh GHA,DF,NAC Breda,37-210,1988,3.5,1,0,0,9,4,0,1,5,2,0,1,0,13,11,6,64.7,Matches
273,Aurelio Oehlers,nl NED,FW,Volendam,21-321,2004,10.5,1,0,0,4,13,4,52,3,3,0,0,0,32,5,11,31.3,Matches
274,Kayne van Oevelen,nl NED,GK,Volendam,22-137,2003,17.0,1,0,0,0,8,0,0,0,0,0,0,0,31,10,0,100.0,Matches
275,Guus Offerhaus,nl NED,"DF,MF",Telstar,24-354,2001,17.0,3,0,0,22,3,0,54,13,8,0,0,0,73,17,28,37.8,Matches
276,Koki Ogawa,jp JPN,FW,NEC Nijmegen,28-137,1997,10.5,1,0,0,11,12,6,1,2,8,0,0,0,15,43,56,43.4,Matches
277,Neville Ogidi Nwankwo,nl NED,DF,Telstar,23-076,2002,7.0,2,0,0,8,1,1,0,11,5,0,1,0,35,16,13,55.2,Matches
278,Noah Ohio,nl NED,FW,Utrecht,22-341,2003,0.5,0,0,0,0,0,0,0,0,0,0,0,0,2,0,0,,Matches
279,Fredrik Oldrup Jensen,no NOR,"DF,MF",NAC Breda,32-219,1993,3.1,0,1,0,3,3,0,0,6,2,0,0,0,11,9,9,50.0,Matches
280,Lucas Oliveira Rosa,br BRA,DF,Ajax,25-264,2000,9.8,1,0,0,17,7,0,12,16,11,0,2,0,33,10,9,52.6,Matches
281,Basar Onal,tr TUR,"DF,FW",NEC Nijmegen,21-170,2004,10.2,4,0,0,17,13,4,49,7,11,0,0,0,51,13,11,54.2,Matches
282,Thijs Oosting,nl NED,MF,Zwolle,25-235,2000,14.3,3,0,0,21,10,0,31,13,15,0,0,0,40,12,15,44.4,Matches
283,Sami Ouaissa,nl NED,"DF,FW",NEC Nijmegen,21-082,2004,15.6,4,1,0,26,21,4,55,7,11,1,0,0,66,16,11,59.3,Matches
284,Ayoub Ouarghi,nl NED,MF,Feyenoord,17-321,2008,0.1,0,0,0,1,0,0,0,0,0,0,0,0,2,0,0,,Matches
285,Rojendro Oudsten,sr SUR,"DF,MF",Telstar,18-041,2007,0.9,1,0,0,1,0,0,0,0,2,0,0,0,2,1,3,25.0,Matches
286,Ayoub Oufkir,nl NED,"FW,MF",Sparta R'dam,19-353,2006,7.9,2,0,0,11,9,1,32,3,6,0,0,0,31,3,5,37.5,Matches
287,Walid Ould-Chikh,ma MAR,"MF,FW",Heracles Almelo,26-047,1999,7.2,1,0,0,8,23,0,20,6,12,0,0,0,27,4,5,44.4,Matches
288,Thomas Ouwejan,nl NED,DF,NEC Nijmegen,29-084,1996,4.9,0,0,0,2,3,1,35,3,6,0,0,0,5,8,9,47.1,Matches
289,Joris van Overeem,nl NED,"MF,DF",Heerenveen,31-205,1994,17.0,3,0,0,25,15,2,34,19,20,0,0,0,133,21,12,63.6,Matches
290,Tyrone Owusu,nl NED,MF,Telstar,26-293,1999,12.1,1,0,0,8,15,2,8,9,10,0,0,0,77,8,7,53.3,Matches
291,Rome-Jayden Owusu-Oduro,nl NED,GK,AZ Alkmaar,21-174,2004,13.8,0,0,0,0,1,0,0,0,0,0,0,0,35,2,1,66.7,Matches
292,Troy Parrott,ie IRL,FW,AZ Alkmaar,23-322,2002,9.7,2,0,0,8,10,1,3,2,4,4,0,0,22,12,23,34.3,Matches
293,Remko Pasveer,nl NED,GK,Ajax,42-045,1983,4.0,0,0,0,0,0,0,0,0,0,0,0,0,6,0,0,,Matches
294,Weslley Patati,br BRA,FW,AZ Alkmaar,22-083,2003,9.0,0,0,0,12,19,2,16,1,11,3,0,0,40,4,12,25.0,Matches
295,Raul Paula,de GER,"FW,MF",NAC Breda,21-332,2004,3.5,0,0,0,5,8,0,14,1,3,0,0,0,9,3,6,33.3,Matches
296,Deron Payne,tt TRI,DF,Volendam,23-089,2002,10.1,1,0,0,11,6,0,17,9,20,0,0,0,43,8,5,61.5,Matches
297,Marvin Peersman,be BEL,DF,Groningen,34-316,1991,16.5,3,0,0,26,20,7,20,14,16,0,0,0,96,14,23,37.8,Matches
298,Guilherme Peixoto,pt POR,DF,Twente,19-212,2006,0.1,1,0,0,1,0,0,0,0,0,0,0,0,0,0,0,,Matches
299,Alexandre Penetra,pt POR,DF,AZ Alkmaar,24-105,2001,16.0,3,0,0,9,9,1,3,11,13,0,0,0,59,21,31,40.4,Matches
300,Ricardo Pepi,us USA,FW,PSV Eindhoven,22-348,2003,7.7,0,0,0,9,4,9,1,1,0,0,0,0,28,7,9,43.8,Matches
301,Brayann Pereira,fr FRA,DF,NEC Nijmegen,22-216,2003,7.4,1,0,0,12,20,1,14,7,13,0,1,0,34,10,14,41.7,Matches
302,Ivan Perišić,hr CRO,FW,PSV Eindhoven,36-324,1989,12.0,3,0,0,16,2,1,55,12,12,0,0,0,37,18,9,66.7,Matches
303,Kristoffer Peterson,se SWE,"FW,MF",Fortuna Sittard,31-025,1994,10.2,1,0,0,10,11,1,59,3,2,0,0,0,37,11,9,55.0,Matches
304,Hristiyan Petrov,bg BUL,DF,Heerenveen,23-182,2002,2.2,2,1,1,2,1,0,7,2,2,0,0,0,7,8,4,66.7,Matches
305,Oscar Pettersson,se SWE,"FW,MF",Go Ahead Eag,25-325,2000,1.8,0,0,0,2,0,1,9,2,0,0,0,0,4,0,1,0.0,Matches
306,Ivo Pinto,pt POR,DF,Fortuna Sittard,35-350,1990,12.3,2,0,0,14,10,1,37,5,14,0,0,0,67,9,5,64.3,Matches
307,Marko Pjaca,hr CRO,FW,Twente,30-231,1995,6.2,1,0,0,5,8,0,17,8,4,0,0,0,25,6,6,50.0,Matches
308,Alex Plat,nl NED,MF,Volendam,27-322,1998,2.5,0,0,0,3,6,0,3,5,3,0,0,0,18,2,1,66.7,Matches
309,Alassane Pléa,fr FRA,FW,PSV Eindhoven,32-288,1993,1.2,0,0,0,0,1,2,0,1,2,0,0,0,5,1,1,50.0,Matches
310,Jan Plug,nl NED,DF,Feyenoord,20-265,2005,1.3,0,0,0,3,0,0,2,4,3,0,0,0,4,1,5,16.7,Matches
311,Ernest Poku,nl NED,FW,AZ Alkmaar,21-329,2004,0.8,0,0,0,0,0,1,1,2,0,0,0,0,6,1,0,100.0,Matches
312,Wouter Prins,nl NED,DF,Groningen,21-320,2004,2.3,0,0,0,2,1,0,6,3,3,0,0,0,8,2,9,18.2,Matches
313,Dirk Proper,nl NED,MF,NEC Nijmegen,23-302,2002,8.5,1,0,0,10,9,0,1,6,10,0,0,0,23,12,11,52.2,Matches
314,Robin Pröpper,nl NED,DF,Twente,32-091,1993,15.1,5,0,0,22,10,0,6,13,14,0,1,0,66,46,36,56.1,Matches
315,Teo Quintero,ve VEN,DF,Sparta R'dam,26-296,1999,11.4,3,1,1,14,7,0,14,13,13,0,2,0,40,32,21,60.4,Matches
316,Calvin Raatsie,nl NED,GK,Excelsior,23-317,2002,2.0,0,0,0,1,0,0,0,0,0,0,0,0,5,0,0,,Matches
317,Givairo Read,nl NED,DF,Feyenoord,19-204,2006,7.7,2,0,0,5,7,0,21,9,6,0,0,0,29,3,2,60.0,Matches
318,Daan van Reeuwijk,,DF,NAC Breda,,,0.5,0,0,0,0,0,0,0,0,0,0,0,0,1,2,3,40.0,Matches
319,Youri Regeer,nl NED,"MF,DF",Ajax,22-127,2003,9.6,3,0,0,10,9,0,11,15,18,0,0,0,56,14,10,58.3,Matches
320,Gyan de Regt,nl NED,FW,Excelsior,23-131,2002,14.8,2,0,0,26,12,2,110,3,9,0,0,0,51,11,15,42.3,Matches
321,Eliano Reijnders,id IDN,FW,Zwolle,25-061,2000,0.5,0,0,0,0,0,0,0,0,2,0,0,0,4,0,1,0.0,Matches
322,Jeff Reine-Adélaïde,fr FRA,MF,Heracles Almelo,27-340,1998,0.4,0,0,0,0,1,0,0,0,0,0,0,0,1,0,1,0.0,Matches
323,Gabriel Reiziger,nl NED,MF,Zwolle,20-074,2005,0.7,0,0,0,2,0,0,0,3,1,0,0,0,3,1,3,25.0,Matches
324,Marco Rente,de GER,DF,Groningen,28-301,1997,11.9,3,1,1,10,5,0,40,15,15,0,0,0,40,45,24,65.2,Matches
325,Stije Resink,nl NED,MF,Groningen,22-209,2003,17.0,4,0,0,19,16,0,15,18,25,0,1,1,96,23,13,63.9,Matches
326,Pepijn Reulen,nl NED,"FW,DF",NAC Breda,17-205,2008,1.1,0,0,0,2,0,2,0,0,2,0,0,0,0,1,4,20.0,Matches
327,Jermaine Rijssel,sr SUR,FW,Heerenveen,20-273,2005,0.1,0,0,0,0,0,0,1,0,0,0,0,0,1,0,0,,Matches
328,Maxence Rivera,fr FRA,FW,Heerenveen,23-207,2002,13.0,2,0,0,14,14,3,70,6,7,0,0,0,40,3,20,13.0,Matches
329,Miguel Rodríguez,es ESP,"FW,MF",Utrecht,22-238,2003,11.9,1,0,0,11,24,1,30,13,13,0,0,0,56,10,16,38.5,Matches
330,Bart van Rooij,nl NED,DF,Twente,24-211,2001,16.7,3,1,0,19,21,2,42,7,23,0,0,0,82,21,11,65.6,Matches
331,Kaj de Rooij,nl NED,"FW,MF",Zwolle,25-028,2000,15.4,2,0,0,16,45,6,13,4,6,0,0,0,54,26,40,39.4,Matches
332,Nils Rossen,nl NED,MF,Telstar,20-144,2005,16.6,0,0,0,10,16,0,0,17,7,0,1,0,88,8,11,42.1,Matches
333,Daan Rots,nl NED,"FW,MF",Twente,24-151,2001,11.9,2,0,0,12,28,2,40,4,17,0,0,0,46,14,30,31.8,Matches
334,Mats Rots,nl NED,DF,Twente,19-287,2006,15.8,2,0,0,14,13,0,44,17,20,0,0,0,89,6,7,46.2,Matches
335,Dylan Ruward,nl NED,FW,Zwolle,20-336,2005,0.1,0,0,0,0,0,0,0,0,0,0,0,0,0,0,0,,Matches
336,Ibrahim Sadiq,gh GHA,FW,AZ Alkmaar,25-230,2000,4.5,2,0,0,5,3,2,7,2,3,0,1,0,14,6,10,37.5,Matches
337,Ismael Saibari,ma MAR,MF,PSV Eindhoven,24-329,2001,14.0,0,0,0,13,8,5,9,7,14,0,0,0,55,5,10,33.3,Matches
338,Yassir Salah Rahmouni,nl NED,MF,Go Ahead Eag,19-193,2006,8.1,2,0,0,8,9,1,4,2,10,0,0,0,23,7,14,33.3,Matches
339,Anass Salah-Eddine,ma MAR,DF,PSV Eindhoven,23-339,2002,9.4,2,0,0,11,12,0,9,8,20,0,0,0,53,9,5,64.3,Matches
340,Shurandy Sambo,cw CUW,DF,Sparta R'dam,24-126,2001,12.6,5,0,0,13,7,0,10,9,20,0,0,0,50,21,20,51.2,Matches
341,Philippe Sandler,nl NED,DF,NEC Nijmegen,28-316,1997,9.4,5,1,1,14,11,0,1,10,6,0,1,0,40,22,24,47.8,Matches
342,Kodai Sano,jp JPN,"MF,DF",NEC Nijmegen,22-089,2003,17.0,1,0,0,19,23,0,38,19,31,0,0,0,113,11,16,40.7,Matches
343,Ayoni Santos,nl NED,MF,Sparta R'dam,20-158,2005,3.2,1,0,0,4,7,0,7,2,8,0,0,0,16,5,4,55.6,Matches
344,Antonio Satriano,it ITA,MF,Heracles Almelo,22-054,2003,0.1,0,0,0,0,0,0,0,0,0,0,0,0,0,0,1,0.0,Matches
345,Leo Sauer,sk SVK,FW,Feyenoord,20-007,2005,11.1,1,0,0,11,12,5,19,2,4,0,1,0,32,11,8,57.9,Matches
346,Yousri Sbai,nl NED,DF,NEC Nijmegen,21-137,2004,0.1,0,0,0,0,0,0,0,0,0,0,0,0,0,0,0,,Matches
347,Jasper Schendelaar,nl NED,GK,Zwolle,25-112,2000,2.0,0,0,0,0,2,0,0,0,0,0,0,0,1,0,0,,Matches
348,Tristan Schenkhuizen,nl NED,MF,Fortuna Sittard,21-164,2004,0.0,0,0,0,0,0,0,0,0,0,0,0,0,0,0,0,,Matches
349,Sem Scheperman,nl NED,MF,Heracles Almelo,23-182,2002,6.1,1,0,0,5,6,0,4,3,11,0,0,0,20,16,11,59.3,Matches
350,Jerdy Schouten,nl NED,"DF,MF",PSV Eindhoven,28-345,1997,16.3,3,1,1,23,8,0,1,31,15,0,0,0,97,15,16,48.4,Matches
351,Lewis Schouten,nl NED,"MF,DF",Excelsior,21-322,2004,1.6,0,0,0,3,2,0,2,1,2,0,1,0,9,3,3,50.0,Matches
352,Jorg Schreuders,nl NED,"FW,MF",Groningen,21-105,2004,15.0,1,0,0,10,26,3,18,6,18,0,0,0,66,5,5,50.0,Matches
353,Jelani Seedorf,,FW,Sparta R'dam,,,0.0,0,0,0,0,0,0,0,0,0,0,0,0,0,1,0,100.0,Matches
354,Václav Sejk,cz CZE,FW,Heerenveen,23-219,2002,5.2,0,0,0,16,7,2,2,1,4,0,0,0,20,20,27,42.6,Matches
355,Mats Seuntjens,nl NED,"MF,FW",Groningen,33-250,1992,1.7,0,0,0,3,1,1,24,0,0,0,0,0,6,2,1,66.7,Matches
356,Kento Shiogai,jp JPN,FW,NEC Nijmegen,20-272,2005,4.1,1,0,0,9,9,1,2,0,2,0,0,0,14,7,11,38.9,Matches
357,Shola Shoretire,eng ENG,"FW,MF",Zwolle,21-324,2004,9.2,1,0,0,14,15,2,6,10,7,0,0,0,44,2,7,22.2,Matches
358,Kaj Sierhuis,nl NED,"FW,MF",Fortuna Sittard,27-240,1998,8.6,3,0,0,18,10,4,5,3,2,1,0,0,26,26,24,52.0,Matches
359,Oskar Siira Sivertsen,no NOR,"FW,MF",Go Ahead Eag,21-311,2004,2.5,0,0,0,2,2,0,20,1,3,0,0,0,11,1,5,16.7,Matches
360,Kiliann Sildillia,fr FRA,DF,PSV Eindhoven,23-221,2002,3.5,0,0,0,6,2,0,8,1,3,0,0,0,18,6,4,60.0,Matches
361,Matej Sin,cz CZE,"FW,MF",AZ Alkmaar,21-204,2004,2.6,1,0,0,3,2,0,2,2,3,0,0,0,16,0,2,0.0,Matches
362,Aymen Sliti,nl NED,"FW,MF",Feyenoord,19-274,2006,3.2,0,0,0,5,4,0,32,0,0,0,0,0,8,5,6,45.5,Matches
363,Jaden Slory,nl NED,FW,Feyenoord,20-228,2005,2.0,1,0,0,4,2,0,9,3,4,0,1,0,11,1,2,33.3,Matches
364,Gijs Smal,nl NED,DF,Feyenoord,28-114,1997,7.9,0,0,0,3,10,0,22,9,13,0,0,0,33,13,11,54.2,Matches
365,Levi Smans,nl NED,MF,Heerenveen,21-273,2004,0.6,0,0,0,2,2,0,3,0,0,0,0,0,0,1,3,25.0,Matches
366,Kees Smit,nl NED,MF,AZ Alkmaar,19-337,2006,14.5,4,0,0,21,16,0,15,8,11,0,0,0,84,3,7,30.0,Matches
367,Milan Smit,nl NED,FW,Go Ahead Eag,22-313,2003,13.3,4,0,0,21,25,2,1,1,1,0,0,0,26,26,39,40.0,Matches
368,Moussa Soumano,fr FRA,"FW,MF",NAC Breda,20-167,2005,1.0,0,0,0,0,1,0,1,0,1,0,0,0,1,2,4,33.3,Matches
369,Kamal Sowah,gh GHA,"FW,MF",NAC Breda,25-348,2000,16.6,2,0,0,23,13,7,28,15,16,0,0,0,70,5,17,22.7,Matches
370,Casper Staring,nl NED,MF,NAC Breda,24-325,2001,0.2,0,0,0,0,0,0,0,0,0,0,0,0,0,1,1,50.0,Matches
371,Sem Steijn,nl NED,MF,Feyenoord,24-036,2001,9.5,0,0,0,7,4,1,36,1,3,0,0,0,29,7,6,53.8,Matches
372,Sean Steur,nl NED,MF,Ajax,17-346,2008,1.4,0,0,0,1,1,0,0,1,3,0,0,0,4,1,1,50.0,Matches
373,Finn Stokkers,nl NED,"FW,MF",Go Ahead Eag,29-249,1996,1.8,0,0,0,5,1,1,3,0,0,0,0,0,6,10,13,43.5,Matches
374,Mathis Suray,be BEL,FW,Go Ahead Eag,24-150,2001,14.8,3,0,0,22,12,4,27,7,13,0,0,0,44,3,16,15.8,Matches
375,Josip Šutalo,hr CRO,DF,Ajax,25-298,2000,6.9,1,0,0,5,4,0,1,15,3,0,0,0,35,19,8,70.4,Matches
376,Juho Talvitie,fi FIN,"FW,DF",NAC Breda,20-278,2005,12.1,0,0,0,10,19,0,71,7,11,0,1,0,45,7,8,46.7,Matches
377,Oussama Targhalline,ma MAR,MF,Feyenoord,23-217,2002,9.6,1,0,0,13,10,0,0,17,20,0,0,0,54,16,18,47.1,Matches
378,Kenneth Taylor,nl NED,MF,Ajax,23-221,2002,14.2,3,0,0,22,17,2,24,16,10,0,0,0,54,7,11,38.9,Matches
379,Mike te Wierik,nl NED,DF,Heracles Almelo,33-198,1992,7.9,2,0,0,9,12,2,5,8,14,0,0,0,28,21,11,65.6,Matches
380,Kay Tejan,nl NED,"FW,MF",Telstar,28-323,1997,5.6,2,0,0,14,4,5,5,2,4,0,0,0,17,20,18,52.6,Matches
381,Casper Tengstedt,dk DEN,"FW,MF",Feyenoord,25-205,2000,0.6,0,0,0,0,2,0,0,0,0,0,0,0,0,1,2,33.3,Matches
382,Ryan Thomas,nz NZL,MF,Zwolle,31-003,1994,14.0,3,0,0,16,26,0,5,33,19,0,0,0,71,21,14,60.0,Matches
383,Mathijs Tielemans,nl NED,MF,Excelsior,23-241,2002,1.5,0,0,0,2,1,0,3,2,0,0,0,0,4,0,1,0.0,Matches
384,Jop Tijink,nl NED,DF,Heracles Almelo,20-327,2005,0.1,0,0,0,0,0,0,0,0,0,0,0,0,0,0,0,,Matches
385,Guus Til,nl NED,"FW,MF",PSV Eindhoven,28-001,1997,13.9,0,0,0,11,10,4,16,0,6,1,0,0,34,19,20,48.7,Matches
386,Quinten Timber,nl NED,MF,Feyenoord,24-189,2001,13.4,1,0,0,15,13,2,2,16,15,0,0,0,62,3,8,27.3,Matches
387,Jens Toornstra,nl NED,MF,Sparta R'dam,36-263,1989,8.3,5,0,0,5,3,1,27,8,11,0,0,0,36,4,5,44.4,Matches
388,Bertrand Traoré,bf BFA,FW,Ajax,30-108,1995,0.7,0,0,0,0,3,0,1,1,2,0,0,0,2,0,1,0.0,Matches
389,Jacob Trenskow,dk DEN,"FW,MF",Heerenveen,25-027,2000,15.2,0,0,0,8,6,3,81,7,5,0,0,0,55,10,15,40.0,Matches
390,Luka Tunjić,hr CRO,"MF,FW",Fortuna Sittard,20-034,2005,3.1,1,0,0,2,6,0,7,1,6,0,0,0,11,6,6,50.0,Matches
391,Calvin Twigt,nl NED,MF,Go Ahead Eag,22-327,2003,5.5,1,1,0,8,5,1,8,7,6,0,0,0,17,3,5,37.5,Matches
392,Ayase Ueda,jp JPN,FW,Feyenoord,27-104,1998,15.5,1,0,0,16,32,4,4,2,4,1,0,0,20,55,37,59.8,Matches
393,Precious Ugwu,nl NED,DF,Volendam,19-318,2006,7.4,0,0,0,12,4,0,11,2,12,0,0,0,22,6,3,66.7,Matches
394,Lars Unnerstall,de GER,GK,Twente,35-156,1990,17.0,0,0,0,0,3,0,0,0,0,0,0,0,26,1,0,100.0,Matches
395,Naci Ünüvar,nl NED,"FW,MF",Twente,22-193,2003,2.1,2,0,0,9,3,1,13,0,1,0,0,0,11,0,1,0.0,Matches
396,Etienne Vaessen,sr SUR,GK,Groningen,30-150,1995,14.0,0,0,0,0,7,0,0,0,0,0,0,0,45,5,1,83.3,Matches
397,Luciano Valente,nl NED,MF,Feyenoord,22-080,2003,13.9,5,1,1,14,10,3,33,14,9,0,0,0,87,6,6,50.0,Matches
398,Cherrion Valerius,cw CUW,DF,NAC Breda,20-092,2005,11.0,4,0,0,11,16,0,19,13,12,0,0,0,52,11,11,50.0,Matches
399,Amourrichio Van Axel Dongen,nl NED,"FW,MF",Heerenveen,21-085,2004,0.6,0,0,0,0,3,0,0,1,0,0,0,0,7,0,2,0.0,Matches
400,Dave Van Den Berg,nl NED,"MF,FW",Utrecht,25-322,2000,1.6,0,0,0,0,3,0,1,2,1,0,0,0,10,1,0,100.0,Matches
401,Alec Van Hoorenbeeck,be BEL,DF,Heracles Almelo,26-358,1998,12.0,0,0,0,8,4,0,2,15,7,0,1,0,46,25,21,54.3,Matches
402,Jaygo Chubasco Van Ommeren,nl NED,MF,Utrecht,17-229,2008,0.5,0,0,0,0,1,0,0,0,1,0,0,0,2,2,0,100.0,Matches
403,Syb Van Ottele,nl NED,DF,Fortuna Sittard,23-324,2002,2.6,1,0,0,3,1,0,0,1,4,0,1,1,12,5,5,50.0,Matches
404,Shaqueel Van Persie,nl NED,FW,Feyenoord,19-037,2006,0.1,1,0,0,0,0,0,0,0,1,0,0,0,0,0,2,0.0,Matches
405,Henk Veerman,nl NED,FW,Volendam,32-176,1993,16.1,0,0,0,8,3,13,3,1,3,0,0,0,16,33,36,47.8,Matches
406,Joey Veerman,nl NED,MF,PSV Eindhoven,27-034,1998,14.6,4,0,0,12,9,0,94,17,19,0,0,0,64,15,10,60.0,Matches
407,Tijs Velthuis,nl NED,DF,Sparta R'dam,23-345,2002,0.1,0,0,0,1,0,0,0,0,0,0,0,0,0,1,1,50.0,Matches
408,Dylan Vente,nl NED,"FW,MF",Heerenveen,26-228,1999,15.1,1,0,0,12,13,7,5,3,6,0,0,0,31,26,66,28.3,Matches
409,Calvin Verdonk,id IDN,DF,NEC Nijmegen,28-241,1997,4.0,0,0,0,3,0,0,2,4,9,0,0,0,22,8,4,66.7,Matches
410,Arno Verschueren,be BEL,MF,Twente,28-259,1997,4.0,1,0,0,11,0,2,5,4,4,0,0,1,16,11,9,55.0,Matches
411,Nick Verschuren,nl NED,DF,Volendam,20-344,2005,13.8,1,0,0,11,6,0,1,13,8,0,1,1,31,25,29,46.3,Matches
412,Dion Versluis,nl NED,"FW,MF",NAC Breda,22-309,2003,0.3,0,0,0,0,0,1,1,0,1,0,0,0,1,3,2,60.0,Matches
413,Niklas Vesterlund,dk DEN,"DF,FW",Utrecht,26-200,1999,1.8,1,0,0,1,0,0,2,0,2,0,0,0,3,1,0,100.0,Matches
414,Nick Viergever,nl NED,DF,Utrecht,36-142,1989,13.7,2,0,0,9,1,0,5,15,10,0,0,0,40,29,17,63.0,Matches
415,David Voute,nl NED,DF,Zwolle,20-049,2005,1.0,0,0,0,0,0,0,0,3,1,0,0,0,5,1,1,50.0,Matches
416,Paul Wanner,de GER,"MF,FW",PSV Eindhoven,20-000,2005,4.0,1,0,0,5,7,0,2,1,10,0,0,0,16,2,5,28.6,Matches
417,Tsuyoshi Watanabe,jp JPN,DF,Feyenoord,28-321,1997,16.0,0,0,0,14,7,0,2,15,14,0,0,0,65,53,31,63.1,Matches
418,Wout Weghorst,nl NED,FW,Ajax,33-138,1992,12.3,4,0,0,25,20,13,3,1,2,0,0,0,18,49,30,62.0,Matches
419,Daouda Weidmann,ci CIV,MF,Twente,22-233,2003,1.9,1,0,0,2,2,0,3,4,4,1,0,0,7,1,0,100.0,Matches
420,Robbin Weijenberg,nl NED,"DF,FW",Go Ahead Eag,21-045,2004,0.5,0,0,0,0,0,0,1,0,0,0,0,0,2,1,1,50.0,Matches
421,Timon Wellenreuther,de GER,GK,Feyenoord,30-020,1995,17.0,3,0,0,1,4,0,0,0,0,0,0,0,45,3,0,100.0,Matches
422,Casper Widell,se SWE,DF,Excelsior,22-232,2003,15.9,2,0,0,12,5,0,1,10,14,0,0,0,43,34,21,61.8,Matches
423,Jannes Wieckhoff,de GER,DF,Heracles Almelo,25-143,2000,4.2,1,0,0,9,3,0,10,7,5,0,0,0,17,2,2,50.0,Matches
424,Owen Wijndal,nl NED,DF,Ajax,26-025,1999,10.5,3,0,0,15,18,0,23,11,12,0,1,0,36,10,8,55.6,Matches
425,Jetro Willems,nl NED,DF,NEC Nijmegen,31-268,1994,0.5,0,0,0,1,2,0,1,0,0,0,0,0,2,2,1,66.7,Matches
426,Maas Willemsen,nl NED,DF,Heerenveen,22-238,2003,11.9,2,0,0,14,11,0,0,9,8,0,1,0,65,36,28,56.3,Matches
427,Dani de Wit,nl NED,"MF,FW",Utrecht,27-329,1998,8.5,2,0,0,18,9,5,2,5,10,0,1,0,27,37,26,58.7,Matches
428,Mees de Wit,nl NED,DF,AZ Alkmaar,27-250,1998,13.5,6,0,0,14,6,1,25,9,13,0,0,0,57,12,18,40.0,Matches
429,Ricky van Wolfswinkel,nl NED,FW,Twente,36-330,1989,14.1,3,0,0,27,22,4,7,6,13,2,0,0,35,29,45,39.2,Matches
430,Key Wong-A-Soijj,nl NED,FW,Volendam,19-083,2006,0.1,0,0,0,1,0,0,0,0,0,0,0,0,0,0,0,,Matches
431,Szymon Włodarczyk,pl POL,FW,Excelsior,22-352,2003,6.9,0,0,0,7,4,1,4,0,1,0,0,0,13,12,39,23.5,Matches
432,Gibson Yah,nl NED,MF,Volendam,22-087,2003,12.7,0,0,0,15,16,0,4,23,31,0,1,0,76,12,10,54.5,Matches
433,Irakli Yegoian,ge GEO,MF,Excelsior,21-279,2004,12.7,1,0,0,10,13,2,21,12,12,0,0,0,64,9,9,50.0,Matches
434,Marvin Young,nl NED,DF,Sparta R'dam,20-082,2005,17.0,2,0,0,16,7,0,0,23,19,0,0,0,63,36,24,60.0,Matches
435,Vasilios Zagaritis,gr GRE,DF,Heerenveen,24-233,2001,16.6,4,0,0,16,21,3,63,32,22,0,0,0,91,40,16,71.4,Matches
436,Arthur Zagre,fr FRA,DF,Excelsior,24-080,2001,11.9,5,1,1,21,11,1,21,16,19,0,0,0,74,5,5,50.0,Matches
437,Jan Žambůrek,cz CZE,MF,Heracles Almelo,24-313,2001,11.3,5,0,0,25,16,0,14,20,15,0,0,0,50,15,10,60.0,Matches
438,Oskar Zawada,pl POL,"FW,MF",Groningen,29-325,1996,1.7,1,0,0,7,0,2,0,0,0,0,0,0,4,15,12,55.6,Matches
439,Gjivai Zechiël,nl NED,MF,Utrecht,21-205,2004,15.5,1,0,0,10,17,2,6,19,11,0,0,0,74,10,4,71.4,Matches
440,Lequincio Zeefuik,nl NED,"FW,MF",AZ Alkmaar,21-027,2004,1.3,1,0,0,7,3,1,0,0,0,0,0,0,2,9,9,50.0,Matches
441,Ramiz Zerrouki,dz ALG,MF,Twente,27-211,1998,15.3,2,0,0,24,10,0,38,17,20,0,0,0,70,20,23,46.5,Matches
442,Jeroen Zoet,nl NED,GK,AZ Alkmaar,34-351,1991,2.2,0,0,0,0,0,0,0,0,0,0,0,0,6,0,0,,Matches
443,Milan Zonneveld,nl NED,FW,Telstar,22-076,2003,6.3,1,0,0,4,8,2,0,0,1,0,0,0,10,18,27,40.0,Matches
444,Giovanni van Zwam,nl NED,DF,Go Ahead Eag,21-355,2004,3.1,0,0,0,2,4,0,1,0,2,0,1,0,5,4,6,40.0,Matches
445,Sondre Ørjasæter,no NOR,FW,Twente,22-025,2003,10.3,2,0,0,6,7,1,38,3,5,0,0,0,43,5,10,33.3,Matches
446,Nökkvi Þórisson,is ISL,"FW,MF",Sparta R'dam,26-132,1999,0.7,0,0,0,4,0,1,0,0,1,0,0,0,4,4,2,66.7,Matches
